<?xml version="1.0" encoding="UTF-8"?>
<zs:searchRetrieveResponse xmlns:zs="http://docs.oasis-open.org/ns/search-ws/sruResponse"><zs:numberOfRecords>1</zs:numberOfRecords><zs:records><zs:record><zs:recordSchema>marcxml</zs:recordSchema><zs:recordXMLEscaping>xml</zs:recordXMLEscaping><zs:recordData><record xmlns="http://www.loc.gov/MARC21/slim">
  <leader>     cam a22        4500</leader>
  <controlfield tag="001">001640550</controlfield>
  <controlfield tag="003">DE-627-4</controlfield>
  <controlfield tag="005">20210629092058.0</controlfield>
  <controlfield tag="007">tu</controlfield>
  <controlfield tag="008">020901s1655    xx |||||      00| ||ger c</controlfield>
  <datafield tag="024" ind1="7" ind2=" ">
    <subfield code="a">1:024819Z</subfield>
    <subfield code="2">vd17</subfield>
  </datafield>
  <datafield tag="026" ind1=" " ind2=" ">
    <subfield code="e">n.es e-e- e-as unVa C 1655A</subfield>
    <subfield code="2">fei</subfield>
  </datafield>
  <datafield tag="035" ind1=" " ind2=" ">
    <subfield code="a">(DE-627-4)001640550</subfield>
  </datafield>
  <datafield tag="035" ind1=" " ind2=" ">
    <subfield code="a">(DE-599)KXP001640550</subfield>
  </datafield>
  <datafield tag="040" ind1=" " ind2=" ">
    <subfield code="a">DE-627</subfield>
    <subfield code="b">ger</subfield>
    <subfield code="c">DE-627</subfield>
    <subfield code="e">rakwb</subfield>
  </datafield>
  <datafield tag="041" ind1=" " ind2=" ">
    <subfield code="a">ger</subfield>
  </datafield>
  <datafield tag="100" ind1="1" ind2=" ">
    <subfield code="a">Beutnitz, Martin</subfield>
    <subfield code="0">(DE-588)120778610</subfield>
    <subfield code="0">(DE-627)004399269</subfield>
    <subfield code="0">(DE-576)292381336</subfield>
    <subfield code="4">aut</subfield>
  </datafield>
  <datafield tag="245" ind1="1" ind2="0">
    <subfield code="a">Mors piorum, finis omnium malorum, Laboris clausula, vitaeq[ue] principium. Uns Christen ein seliger Tod ... Aus den wenigen Worten/ welche uns unser Lehrmeister im Gebete/ Christus Jesus/ gelehret zu beten/ Matth. 6. v. 13. Sondern erlöse uns von dem Ubel ...</subfield>
    <subfield code="b">Bey ... Leichbestattung Des ... Cuno Ordemars von Bodenhausen/ daselbsten und auff Niedergandern/ Görtzig und Rhode Erbsassen. Welcher den 2. Octobris ... 1654. ... entschlaffen; Wie auch bey Leichbestattung seines ... Jüngsten Sohnes/ Des ... Ernst Lebrecht von Bodenhausen/ Der verwichenen 4. Julij des 1654. Jahres ... seinen Geist selig aufgegeben. Welche beyde verblichene Adeliche Leichnam ... folgenden 12. Decembris ... beygesetzet worden</subfield>
    <subfield code="c">Gehalten durch Martinum Beutnitz/ Delitianum, Pfarrern daselbst</subfield>
  </datafield>
  <datafield tag="246" ind1="3" ind2="0">
    <subfield code="a">Übel Leichenbestattung Oktober Juli Dezember</subfield>
  </datafield>
  <datafield tag="264" ind1=" " ind2="1">
    <subfield code="a">[S.l.]</subfield>
    <subfield code="c">1655</subfield>
  </datafield>
  <datafield tag="300" ind1=" " ind2=" ">
    <subfield code="a">[52] Bl</subfield>
    <subfield code="c">4°</subfield>
  </datafield>
  <datafield tag="336" ind1=" " ind2=" ">
    <subfield code="a">nicht spezifiziert</subfield>
    <subfield code="b">zzz</subfield>
    <subfield code="2">rdacontent</subfield>
  </datafield>
  <datafield tag="337" ind1=" " ind2=" ">
    <subfield code="a">nicht spezifiziert</subfield>
    <subfield code="b">z</subfield>
    <subfield code="2">rdamedia</subfield>
  </datafield>
  <datafield tag="338" ind1=" " ind2=" ">
    <subfield code="a">nicht spezifiziert</subfield>
    <subfield code="b">zu</subfield>
    <subfield code="2">rdacarrier</subfield>
  </datafield>
  <datafield tag="500" ind1=" " ind2=" ">
    <subfield code="a">Schlüsselseiten aus dem Exemplar der HAB Wolfenbüttel: Alv. Nh 203 (7)</subfield>
  </datafield>
  <datafield tag="500" ind1=" " ind2=" ">
    <subfield code="a">Signaturformel: A - N4</subfield>
  </datafield>
  <datafield tag="583" ind1="1" ind2=" ">
    <subfield code="a">Digitalisiert</subfield>
    <subfield code="z">Digitalisierung Regional durch ULB Halle; ULB Halle 2016-10 digitalisiert</subfield>
    <subfield code="2">pdager</subfield>
  </datafield>
  <datafield tag="655" ind1=" " ind2="7">
    <subfield code="a">Leichenpredigt</subfield>
    <subfield code="0">(DE-627)00657260X</subfield>
    <subfield code="2">local</subfield>
  </datafield>
  <datafield tag="700" ind1="1" ind2=" ">
    <subfield code="a">Bodenhausen, Cuno Ordemar von</subfield>
    <subfield code="d">1598-1654</subfield>
    <subfield code="0">(DE-588)120779048</subfield>
    <subfield code="0">(DE-627)004399293</subfield>
    <subfield code="0">(DE-576)292381468</subfield>
    <subfield code="4">oth</subfield>
  </datafield>
  <datafield tag="700" ind1="1" ind2=" ">
    <subfield code="a">Bodenhausen, Ernst Lebrecht von</subfield>
    <subfield code="d">-1654</subfield>
    <subfield code="0">(DE-588)120779064</subfield>
    <subfield code="0">(DE-627)004399307</subfield>
    <subfield code="0">(DE-576)292381484</subfield>
    <subfield code="4">oth</subfield>
  </datafield>
  <datafield tag="700" ind1="1" ind2=" ">
    <subfield code="a">Sachsius, Daniel</subfield>
    <subfield code="e">BeiträgerIn</subfield>
    <subfield code="4">ctb</subfield>
  </datafield>
  <datafield tag="700" ind1="1" ind2=" ">
    <subfield code="a">Brauer, Christian</subfield>
    <subfield code="e">BeiträgerIn</subfield>
    <subfield code="4">ctb</subfield>
  </datafield>
  <datafield tag="700" ind1="1" ind2=" ">
    <subfield code="a">Teichgreber, Justus</subfield>
    <subfield code="e">BeiträgerIn</subfield>
    <subfield code="4">ctb</subfield>
  </datafield>
  <datafield tag="700" ind1="1" ind2=" ">
    <subfield code="a">Walburger, Jeremias</subfield>
    <subfield code="e">BeiträgerIn</subfield>
    <subfield code="4">ctb</subfield>
  </datafield>
  <datafield tag="700" ind1="1" ind2=" ">
    <subfield code="a">Milagius, Martinus</subfield>
    <subfield code="e">BeiträgerIn</subfield>
    <subfield code="4">ctb</subfield>
  </datafield>
  <datafield tag="700" ind1="1" ind2=" ">
    <subfield code="a">Totleben, Michael</subfield>
    <subfield code="e">BeiträgerIn</subfield>
    <subfield code="4">ctb</subfield>
  </datafield>
  <datafield tag="700" ind1="1" ind2=" ">
    <subfield code="a">Walstorff, Johannes</subfield>
    <subfield code="e">BeiträgerIn</subfield>
    <subfield code="4">ctb</subfield>
  </datafield>
  <datafield tag="700" ind1="1" ind2=" ">
    <subfield code="a">Brunner, Johan Gottfried</subfield>
    <subfield code="e">BeiträgerIn</subfield>
    <subfield code="4">ctb</subfield>
  </datafield>
  <datafield tag="856" ind1="4" ind2="1">
    <subfield code="u">http://nbn-resolving.de/urn:nbn:de:gbv:3:1-733274</subfield>
    <subfield code="t">2016 digitalisiert von: Universitäts- und Landesbibliothek Sachsen-Anhalt. Exemplar mit der Signatur: Alv. Nh 203 (7)</subfield>
    <subfield code="x">Digitalisierung</subfield>
    <subfield code="z">kostenfrei</subfield>
    <subfield code="3">Volltext</subfield>
  </datafield>
  <datafield tag="924" ind1="0" ind2=" ">
    <subfield code="a">000778664</subfield>
    <subfield code="b">DE-1a</subfield>
    <subfield code="9">1a</subfield>
    <subfield code="c">GBV</subfield>
    <subfield code="d">b</subfield>
    <subfield code="g">Ee 700-301</subfield>
    <subfield code="h">1:R</subfield>
  </datafield>
  <datafield tag="924" ind1="0" ind2=" ">
    <subfield code="a">005568234</subfield>
    <subfield code="b">DE-23</subfield>
    <subfield code="9">23</subfield>
    <subfield code="c">GBV</subfield>
    <subfield code="g">Alv. Nh 203 (7)</subfield>
  </datafield>
  <datafield tag="924" ind1="0" ind2=" ">
    <subfield code="a">007754280</subfield>
    <subfield code="b">DE-3</subfield>
    <subfield code="9">3</subfield>
    <subfield code="c">GBV</subfield>
    <subfield code="d">d</subfield>
    <subfield code="g">Alv. Nh 203 (7)</subfield>
    <subfield code="g">VD17-Digitalisat</subfield>
    <subfield code="h">ALV</subfield>
  </datafield>
  <datafield tag="924" ind1="0" ind2=" ">
    <subfield code="a">00658117X</subfield>
    <subfield code="b">DE-14</subfield>
    <subfield code="9">14</subfield>
    <subfield code="c">BSZ</subfield>
    <subfield code="d">c</subfield>
    <subfield code="g">2009 8 011803</subfield>
  </datafield>
  <datafield tag="951" ind1=" " ind2=" ">
    <subfield code="a">BO</subfield>
  </datafield>
</record></zs:recordData><zs:recordPosition>1</zs:recordPosition></zs:record></zs:records><zs:echoedSearchRetrieveRequest><zs:version>2.0</zs:version><zs:query>pica.nid=120779048</zs:query><zs:startRecord>1</zs:startRecord><zs:maximumRecords>500</zs:maximumRecords><zs:recordXMLEscaping>xml</zs:recordXMLEscaping><zs:recordSchema>marcxml</zs:recordSchema></zs:echoedSearchRetrieveRequest><zs:resultCountPrecision>exact</zs:resultCountPrecision></zs:searchRetrieveResponse>
