<?xml version="1.0" encoding="UTF-8"?>
<zs:searchRetrieveResponse xmlns:zs="http://docs.oasis-open.org/ns/search-ws/sruResponse"><zs:numberOfRecords>2</zs:numberOfRecords><zs:records><zs:record><zs:recordSchema>marcxml</zs:recordSchema><zs:recordXMLEscaping>xml</zs:recordXMLEscaping><zs:recordData><record xmlns="http://www.loc.gov/MARC21/slim">
  <leader>     cam a22        4500</leader>
  <controlfield tag="001">00147104X</controlfield>
  <controlfield tag="003">DE-627-4</controlfield>
  <controlfield tag="005">20210119102938.0</controlfield>
  <controlfield tag="007">tu</controlfield>
  <controlfield tag="008">020901s1684    xx |||||      00| ||ger c</controlfield>
  <datafield tag="024" ind1="7" ind2=" ">
    <subfield code="a">14:016622X</subfield>
    <subfield code="2">vd17</subfield>
  </datafield>
  <datafield tag="026" ind1=" " ind2=" ">
    <subfield code="e">b-n, ndon ent- HaEr 3 1684A</subfield>
    <subfield code="2">fei</subfield>
  </datafield>
  <datafield tag="035" ind1=" " ind2=" ">
    <subfield code="a">(DE-627-4)00147104X</subfield>
  </datafield>
  <datafield tag="035" ind1=" " ind2=" ">
    <subfield code="a">(DE-599)KXP00147104X</subfield>
  </datafield>
  <datafield tag="040" ind1=" " ind2=" ">
    <subfield code="a">DE-627</subfield>
    <subfield code="b">ger</subfield>
    <subfield code="c">DE-627</subfield>
    <subfield code="e">rakwb</subfield>
  </datafield>
  <datafield tag="041" ind1=" " ind2=" ">
    <subfield code="a">ger</subfield>
  </datafield>
  <datafield tag="100" ind1="1" ind2=" ">
    <subfield code="a">Zech, Michael</subfield>
    <subfield code="0">(DE-588)128854995</subfield>
    <subfield code="0">(DE-627)005175259</subfield>
    <subfield code="0">(DE-576)297364952</subfield>
    <subfield code="4">aut</subfield>
  </datafield>
  <datafield tag="245" ind1="1" ind2="0">
    <subfield code="a">Davidisch-bewehrtes Hülffs-Mittel/ Für alle Fromme/ mit Creutz/ Kranckheit und Noth geplagte Christen. Aus den 7. Versicul des 34. Psalms Davids genommen/ und Bey Christ-Adelicher und Volckreicher Sepultur Des ... Hn. Hanß Heinrich Rietesels... geheimten Raths zu Weimar und Hoch-Richters zu Jena ... Welcher den 11. Decembr. des 1682sten Jahrs ... entschlaffen/ und den 8. Februarii 1683. ... zu Neumarck ... beygesetzet worden. Einfältig/ doch Schrifftmäßig erkläret und vorgetragen</subfield>
    <subfield code="c">von M. Michaele Zechen/ Pfarrern und Adiuncto daselbsten</subfield>
  </datafield>
  <datafield tag="246" ind1="3" ind2="0">
    <subfield code="a">Hilfs-Mittel Kreuz Krankheit Not christ-adeliger volkreicher entschlafen beigesetzet schriftmäßig Abdankungs-Rede Leichbegängnis</subfield>
  </datafield>
  <datafield tag="264" ind1=" " ind2="1">
    <subfield code="a">Weimar</subfield>
    <subfield code="b">Müller</subfield>
    <subfield code="c">1684</subfield>
  </datafield>
  <datafield tag="300" ind1=" " ind2=" ">
    <subfield code="a">48 S</subfield>
    <subfield code="c">2°</subfield>
  </datafield>
  <datafield tag="336" ind1=" " ind2=" ">
    <subfield code="a">nicht spezifiziert</subfield>
    <subfield code="b">zzz</subfield>
    <subfield code="2">rdacontent</subfield>
  </datafield>
  <datafield tag="337" ind1=" " ind2=" ">
    <subfield code="a">nicht spezifiziert</subfield>
    <subfield code="b">z</subfield>
    <subfield code="2">rdamedia</subfield>
  </datafield>
  <datafield tag="338" ind1=" " ind2=" ">
    <subfield code="a">nicht spezifiziert</subfield>
    <subfield code="b">zu</subfield>
    <subfield code="2">rdacarrier</subfield>
  </datafield>
  <datafield tag="500" ind1=" " ind2=" ">
    <subfield code="a">Schlüsselseiten aus dem Exemplar der ULB Halle: Pon Zd 6395, FK</subfield>
  </datafield>
  <datafield tag="500" ind1=" " ind2=" ">
    <subfield code="a">Vorlageform des Erscheinungsvermerks: Weimar/ gedruckt bey Johann Andreas Müllern/ F. S. Hof-Buchdr. Anno 1684.</subfield>
  </datafield>
  <datafield tag="501" ind1=" " ind2=" ">
    <subfield code="a">Enth. außerdem: Abdanckungs-Rede/ Bey angestelten Leichbegängnüß Des Weyland ... Hn. Hanß Heinrich Rietesels/ uf Neumarck/ Ottenhausen und Ballstedt ... / Gehalten ... von Heinrich Calbitio ...</subfield>
  </datafield>
  <datafield tag="655" ind1=" " ind2="7">
    <subfield code="a">Leichenpredigt</subfield>
    <subfield code="0">(DE-627)00657260X</subfield>
    <subfield code="2">local</subfield>
  </datafield>
  <datafield tag="700" ind1="1" ind2=" ">
    <subfield code="a">Rietesel, Hans Heinrich von</subfield>
    <subfield code="d">1624-1682</subfield>
    <subfield code="0">(DE-588)120709740</subfield>
    <subfield code="0">(DE-627)004395093</subfield>
    <subfield code="0">(DE-576)179013904</subfield>
    <subfield code="4">oth</subfield>
  </datafield>
  <datafield tag="700" ind1="1" ind2=" ">
    <subfield code="a">Krauß, Rudolph-Wilhelm</subfield>
    <subfield code="e">BeiträgerIn</subfield>
    <subfield code="4">ctb</subfield>
  </datafield>
  <datafield tag="700" ind1="1" ind2=" ">
    <subfield code="a">Happe, Volckmar</subfield>
    <subfield code="e">BeiträgerIn</subfield>
    <subfield code="4">ctb</subfield>
  </datafield>
  <datafield tag="700" ind1="1" ind2=" ">
    <subfield code="a">Schmidt, Joan Philippus</subfield>
    <subfield code="e">BeiträgerIn</subfield>
    <subfield code="4">ctb</subfield>
  </datafield>
  <datafield tag="700" ind1="1" ind2=" ">
    <subfield code="a">Wolffersdorff, Johann-Friedrich von</subfield>
    <subfield code="e">BeiträgerIn</subfield>
    <subfield code="4">ctb</subfield>
  </datafield>
  <datafield tag="700" ind1="1" ind2=" ">
    <subfield code="a">Lage, Conrad von der</subfield>
    <subfield code="e">BeiträgerIn</subfield>
    <subfield code="4">ctb</subfield>
  </datafield>
  <datafield tag="700" ind1="1" ind2=" ">
    <subfield code="a">Zech, Bernardus</subfield>
    <subfield code="e">BeiträgerIn</subfield>
    <subfield code="4">ctb</subfield>
  </datafield>
  <datafield tag="700" ind1="1" ind2=" ">
    <subfield code="a">Calbitius, Henricus</subfield>
    <subfield code="e">BeiträgerIn</subfield>
    <subfield code="4">ctb</subfield>
  </datafield>
  <datafield tag="700" ind1="1" ind2=" ">
    <subfield code="a">Kellner, Johann</subfield>
    <subfield code="e">BeiträgerIn</subfield>
    <subfield code="4">ctb</subfield>
  </datafield>
  <datafield tag="700" ind1="1" ind2=" ">
    <subfield code="a">Pretten, Adamus</subfield>
    <subfield code="e">BeiträgerIn</subfield>
    <subfield code="4">ctb</subfield>
  </datafield>
  <datafield tag="700" ind1="1" ind2=" ">
    <subfield code="a">Lorber, Johan Kristoff</subfield>
    <subfield code="e">BeiträgerIn</subfield>
    <subfield code="4">ctb</subfield>
  </datafield>
  <datafield tag="700" ind1="1" ind2=" ">
    <subfield code="a">Müller, Johann Andreas</subfield>
    <subfield code="d">1638-1705</subfield>
    <subfield code="0">(DE-588)1037528956</subfield>
    <subfield code="0">(DE-627)00746536X</subfield>
    <subfield code="4">prt</subfield>
  </datafield>
  <datafield tag="751" ind1=" " ind2=" ">
    <subfield code="a">Weimar</subfield>
    <subfield code="4">pup</subfield>
  </datafield>
  <datafield tag="856" ind1="4" ind2="1">
    <subfield code="u">http://nbn-resolving.de/urn:nbn:de:gbv:3:1-98482</subfield>
    <subfield code="t">// 2009 digitalisiert von: Universitäts- und Landesbibliothek Sachsen-Anhalt. Exemplar mit der Signatur: Pon Zd 6395, FK</subfield>
    <subfield code="x">Digitalisierung</subfield>
    <subfield code="z">kostenfrei</subfield>
    <subfield code="3">Volltext</subfield>
  </datafield>
  <datafield tag="924" ind1="0" ind2=" ">
    <subfield code="a">005474949</subfield>
    <subfield code="b">DE-32</subfield>
    <subfield code="9">32</subfield>
    <subfield code="c">GBV</subfield>
    <subfield code="d">b</subfield>
    <subfield code="g">S 2 : 22</subfield>
  </datafield>
  <datafield tag="924" ind1="0" ind2=" ">
    <subfield code="a">004135059</subfield>
    <subfield code="b">DE-3</subfield>
    <subfield code="9">3</subfield>
    <subfield code="c">GBV</subfield>
    <subfield code="d">c</subfield>
    <subfield code="g">Pon Zd 6395, FK</subfield>
    <subfield code="g">VD17-Digitalisat</subfield>
  </datafield>
  <datafield tag="924" ind1="0" ind2=" ">
    <subfield code="a">000610445</subfield>
    <subfield code="b">DE-14</subfield>
    <subfield code="9">14</subfield>
    <subfield code="c">BSZ</subfield>
    <subfield code="d">c</subfield>
    <subfield code="g">1.B.8586</subfield>
  </datafield>
  <datafield tag="924" ind1="0" ind2=" ">
    <subfield code="a">007681291</subfield>
    <subfield code="b">DE-15</subfield>
    <subfield code="9">15</subfield>
    <subfield code="c">BSZ</subfield>
    <subfield code="d">c</subfield>
    <subfield code="g">Fam.31/17</subfield>
  </datafield>
  <datafield tag="951" ind1=" " ind2=" ">
    <subfield code="a">BO</subfield>
  </datafield>
</record></zs:recordData><zs:recordPosition>1</zs:recordPosition></zs:record><zs:record><zs:recordSchema>marcxml</zs:recordSchema><zs:recordXMLEscaping>xml</zs:recordXMLEscaping><zs:recordData><record xmlns="http://www.loc.gov/MARC21/slim">
  <leader>     cam a22        4500</leader>
  <controlfield tag="001">008070903</controlfield>
  <controlfield tag="003">DE-627-4</controlfield>
  <controlfield tag="005">20190513103435.0</controlfield>
  <controlfield tag="007">tu</controlfield>
  <controlfield tag="008">151021s1670    xx |||||      00| ||lat c</controlfield>
  <datafield tag="024" ind1="7" ind2=" ">
    <subfield code="a">7:738136N</subfield>
    <subfield code="2">vd17</subfield>
  </datafield>
  <datafield tag="026" ind1=" " ind2=" ">
    <subfield code="e">o.o, **n. n,D. ron. C 1670A</subfield>
    <subfield code="2">fei</subfield>
  </datafield>
  <datafield tag="035" ind1=" " ind2=" ">
    <subfield code="a">(DE-627-4)008070903</subfield>
  </datafield>
  <datafield tag="035" ind1=" " ind2=" ">
    <subfield code="a">(DE-599)KXP008070903</subfield>
  </datafield>
  <datafield tag="040" ind1=" " ind2=" ">
    <subfield code="a">DE-627</subfield>
    <subfield code="b">ger</subfield>
    <subfield code="c">DE-627</subfield>
    <subfield code="e">rakwb</subfield>
  </datafield>
  <datafield tag="041" ind1=" " ind2=" ">
    <subfield code="a">lat</subfield>
  </datafield>
  <datafield tag="100" ind1="1" ind2=" ">
    <subfield code="a">Krauss, Peter Pancratius</subfield>
    <subfield code="d">1641-1693</subfield>
    <subfield code="0">(DE-588)121293033</subfield>
    <subfield code="0">(DE-627)004433580</subfield>
    <subfield code="4">aut</subfield>
  </datafield>
  <datafield tag="245" ind1="1" ind2="0">
    <subfield code="a">Bernhardi Sutholts, U.I.D. Et Prof. Lugdun. Dissertationum ad Institutiones Iustinianeas Prima, de Natura Ac Principiis Iurisprudentiae neque non de Divisione Personarum Ex Primo Statu</subfield>
    <subfield code="c">Quam in Synopsin Redactam &amp; Tabulae inclusam, ... Authore &amp; Praeside Petro Pancratio Krauß ... cum Decade Corollariorum a se adiectorum, publicae eruditorum disquisitioni submittit ... M. Januar. 1670. Georgius Heinricus Celius, Crimmic. Misn.</subfield>
  </datafield>
  <datafield tag="264" ind1=" " ind2="1">
    <subfield code="a">Ienae</subfield>
    <subfield code="b">Literis &amp; Sumptibus Bauhoferianis</subfield>
    <subfield code="c">1670</subfield>
  </datafield>
  <datafield tag="300" ind1=" " ind2=" ">
    <subfield code="a">[4] Bl</subfield>
    <subfield code="c">2°</subfield>
  </datafield>
  <datafield tag="336" ind1=" " ind2=" ">
    <subfield code="a">nicht spezifiziert</subfield>
    <subfield code="b">zzz</subfield>
    <subfield code="2">rdacontent</subfield>
  </datafield>
  <datafield tag="337" ind1=" " ind2=" ">
    <subfield code="a">nicht spezifiziert</subfield>
    <subfield code="b">z</subfield>
    <subfield code="2">rdamedia</subfield>
  </datafield>
  <datafield tag="338" ind1=" " ind2=" ">
    <subfield code="a">nicht spezifiziert</subfield>
    <subfield code="b">zu</subfield>
    <subfield code="2">rdacarrier</subfield>
  </datafield>
  <datafield tag="500" ind1=" " ind2=" ">
    <subfield code="a">Schlüsselseiten liegen noch nicht vor</subfield>
  </datafield>
  <datafield tag="655" ind1=" " ind2="7">
    <subfield code="a">Dissertation:jur.</subfield>
    <subfield code="0">(DE-627)006573266</subfield>
    <subfield code="2">local</subfield>
  </datafield>
  <datafield tag="700" ind1="1" ind2=" ">
    <subfield code="a">Sutholt, Bernard</subfield>
    <subfield code="0">(DE-588)124373771</subfield>
    <subfield code="0">(DE-627)004739787</subfield>
    <subfield code="0">(DE-576)294143114</subfield>
    <subfield code="4">oth</subfield>
  </datafield>
  <datafield tag="700" ind1="1" ind2=" ">
    <subfield code="a">Krauß, Rudolph Wilhelm</subfield>
    <subfield code="d">1612-1689</subfield>
    <subfield code="e">WidmungsempfängerIn</subfield>
    <subfield code="0">(DE-588)104324961</subfield>
    <subfield code="0">(DE-627)004170407</subfield>
    <subfield code="4">dte</subfield>
  </datafield>
  <datafield tag="700" ind1="1" ind2=" ">
    <subfield code="a">Rietesel, Hans Heinrich von</subfield>
    <subfield code="d">1624-1682</subfield>
    <subfield code="e">WidmungsempfängerIn</subfield>
    <subfield code="0">(DE-588)120709740</subfield>
    <subfield code="0">(DE-627)004395093</subfield>
    <subfield code="0">(DE-576)179013904</subfield>
    <subfield code="4">dte</subfield>
  </datafield>
  <datafield tag="700" ind1="1" ind2=" ">
    <subfield code="a">Struve, Georg Adam</subfield>
    <subfield code="d">1619-1692</subfield>
    <subfield code="e">WidmungsempfängerIn</subfield>
    <subfield code="0">(DE-588)118756087</subfield>
    <subfield code="0">(DE-627)004062000</subfield>
    <subfield code="4">dte</subfield>
  </datafield>
  <datafield tag="700" ind1="1" ind2=" ">
    <subfield code="a">Celius, Georg Heinrich</subfield>
    <subfield code="d">1643-1712</subfield>
    <subfield code="0">(DE-588)124438105</subfield>
    <subfield code="0">(DE-627)005003318</subfield>
    <subfield code="0">(DE-576)294171274</subfield>
    <subfield code="4">oth</subfield>
  </datafield>
  <datafield tag="700" ind1="1" ind2=" ">
    <subfield code="a">Hundeshagen, Johann Christoph</subfield>
    <subfield code="d">1635-1681</subfield>
    <subfield code="e">BeiträgerIn</subfield>
    <subfield code="0">(DE-588)104317906</subfield>
    <subfield code="0">(DE-627)004168100</subfield>
    <subfield code="4">ctb</subfield>
  </datafield>
  <datafield tag="700" ind1="1" ind2=" ">
    <subfield code="a">Weissenborn, Jo.</subfield>
    <subfield code="e">BeiträgerIn</subfield>
    <subfield code="4">ctb</subfield>
  </datafield>
  <datafield tag="700" ind1="1" ind2=" ">
    <subfield code="a">Lorber, Johann Christoph</subfield>
    <subfield code="d">1645-1722</subfield>
    <subfield code="e">BeiträgerIn</subfield>
    <subfield code="0">(DE-588)124718523</subfield>
    <subfield code="0">(DE-627)004867424</subfield>
    <subfield code="4">ctb</subfield>
  </datafield>
  <datafield tag="700" ind1="1" ind2=" ">
    <subfield code="a">Juncker, Conrad</subfield>
    <subfield code="e">BeiträgerIn</subfield>
    <subfield code="0">(DE-588)100870163</subfield>
    <subfield code="0">(DE-627)004813057</subfield>
    <subfield code="4">ctb</subfield>
  </datafield>
  <datafield tag="700" ind1="1" ind2=" ">
    <subfield code="a">Zech, B.</subfield>
    <subfield code="e">BeiträgerIn</subfield>
    <subfield code="4">ctb</subfield>
  </datafield>
  <datafield tag="700" ind1="1" ind2=" ">
    <subfield code="a">Müller, Johann</subfield>
    <subfield code="e">BeiträgerIn</subfield>
    <subfield code="4">ctb</subfield>
  </datafield>
  <datafield tag="700" ind1="1" ind2=" ">
    <subfield code="a">Rhost, Kaspar</subfield>
    <subfield code="e">BeiträgerIn</subfield>
    <subfield code="0">(DE-588)121672972</subfield>
    <subfield code="0">(DE-627)004494563</subfield>
    <subfield code="0">(DE-576)292823819</subfield>
    <subfield code="4">ctb</subfield>
  </datafield>
  <datafield tag="700" ind1="1" ind2=" ">
    <subfield code="a">Bauhöfer, Johann Jacob</subfield>
    <subfield code="d">-1692</subfield>
    <subfield code="0">(DE-588)129946397</subfield>
    <subfield code="0">(DE-627)005535034</subfield>
    <subfield code="4">prt</subfield>
  </datafield>
  <datafield tag="710" ind1="2" ind2=" ">
    <subfield code="a">Universität Jena</subfield>
    <subfield code="4">oth</subfield>
  </datafield>
  <datafield tag="751" ind1=" " ind2=" ">
    <subfield code="a">Jena</subfield>
    <subfield code="4">pup</subfield>
  </datafield>
  <datafield tag="924" ind1="0" ind2=" ">
    <subfield code="a">007661517</subfield>
    <subfield code="b">DE-7</subfield>
    <subfield code="9">7</subfield>
    <subfield code="c">GBV</subfield>
    <subfield code="g">ALT 2015 B 22 (4)</subfield>
    <subfield code="h">HG-MAG</subfield>
  </datafield>
  <datafield tag="951" ind1=" " ind2=" ">
    <subfield code="a">BO</subfield>
  </datafield>
</record></zs:recordData><zs:recordPosition>2</zs:recordPosition></zs:record></zs:records><zs:echoedSearchRetrieveRequest><zs:version>2.0</zs:version><zs:query>pica.nid=120709740</zs:query><zs:startRecord>1</zs:startRecord><zs:maximumRecords>500</zs:maximumRecords><zs:recordXMLEscaping>xml</zs:recordXMLEscaping><zs:recordSchema>marcxml</zs:recordSchema></zs:echoedSearchRetrieveRequest><zs:resultCountPrecision>exact</zs:resultCountPrecision></zs:searchRetrieveResponse>
