<?xml version="1.0" encoding="UTF-8"?>
<zs:searchRetrieveResponse xmlns:zs="http://docs.oasis-open.org/ns/search-ws/sruResponse"><zs:numberOfRecords>2</zs:numberOfRecords><zs:records><zs:record><zs:recordSchema>marcxml</zs:recordSchema><zs:recordXMLEscaping>xml</zs:recordXMLEscaping><zs:recordData><record xmlns="http://www.loc.gov/MARC21/slim">
  <leader>     cam a22        4500</leader>
  <controlfield tag="001">000068179</controlfield>
  <controlfield tag="003">DE-627-4</controlfield>
  <controlfield tag="005">20211215210151.0</controlfield>
  <controlfield tag="007">tu</controlfield>
  <controlfield tag="008">020901s1650    xx |||||      00| ||lat c</controlfield>
  <datafield tag="024" ind1="7" ind2=" ">
    <subfield code="a">23:269949P</subfield>
    <subfield code="2">vd17</subfield>
  </datafield>
  <datafield tag="026" ind1=" " ind2=" ">
    <subfield code="e">t.s, t.IS m.S, usis C 1650R</subfield>
    <subfield code="2">fei</subfield>
  </datafield>
  <datafield tag="035" ind1=" " ind2=" ">
    <subfield code="a">(DE-627-4)000068179</subfield>
  </datafield>
  <datafield tag="035" ind1=" " ind2=" ">
    <subfield code="a">(DE-599)KXP000068179</subfield>
  </datafield>
  <datafield tag="040" ind1=" " ind2=" ">
    <subfield code="a">DE-627</subfield>
    <subfield code="b">ger</subfield>
    <subfield code="c">DE-627</subfield>
    <subfield code="e">rakwb</subfield>
  </datafield>
  <datafield tag="041" ind1=" " ind2=" ">
    <subfield code="a">lat</subfield>
  </datafield>
  <datafield tag="100" ind1="1" ind2=" ">
    <subfield code="a">Philips, Ernst Christian</subfield>
    <subfield code="d">-1672</subfield>
    <subfield code="0">(DE-588)115381929</subfield>
    <subfield code="0">(DE-627)004191498</subfield>
    <subfield code="4">aut</subfield>
  </datafield>
  <datafield tag="245" ind1="1" ind2="0">
    <subfield code="a">Scazon Admodum Reverendo Generoso Magnifico Et Maxime Strenuo Domino Dn. Conrado A Burgstorffen ...</subfield>
    <subfield code="c">[... M. Ernestus Christianus Philips/ F.]</subfield>
  </datafield>
  <datafield tag="264" ind1=" " ind2="1">
    <subfield code="a">Halberstadii</subfield>
    <subfield code="b">Kolwald</subfield>
    <subfield code="c">1650</subfield>
  </datafield>
  <datafield tag="300" ind1=" " ind2=" ">
    <subfield code="a">[2] Bl</subfield>
    <subfield code="c">2°</subfield>
  </datafield>
  <datafield tag="336" ind1=" " ind2=" ">
    <subfield code="a">nicht spezifiziert</subfield>
    <subfield code="b">zzz</subfield>
    <subfield code="2">rdacontent</subfield>
  </datafield>
  <datafield tag="337" ind1=" " ind2=" ">
    <subfield code="a">nicht spezifiziert</subfield>
    <subfield code="b">z</subfield>
    <subfield code="2">rdamedia</subfield>
  </datafield>
  <datafield tag="338" ind1=" " ind2=" ">
    <subfield code="a">nicht spezifiziert</subfield>
    <subfield code="b">zu</subfield>
    <subfield code="2">rdacarrier</subfield>
  </datafield>
  <datafield tag="583" ind1="1" ind2=" ">
    <subfield code="a">Digitalisierung geplant</subfield>
    <subfield code="z">Digitalisierung Unika durch HAB Wolfenbüttel</subfield>
    <subfield code="2">pdager</subfield>
  </datafield>
  <datafield tag="655" ind1=" " ind2="7">
    <subfield code="a">Lied</subfield>
    <subfield code="0">(DE-627)006572561</subfield>
    <subfield code="2">local</subfield>
  </datafield>
  <datafield tag="655" ind1=" " ind2="7">
    <subfield code="a">Lyrik</subfield>
    <subfield code="0">(DE-627)006572545</subfield>
    <subfield code="2">local</subfield>
  </datafield>
  <datafield tag="655" ind1=" " ind2="7">
    <subfield code="a">Gelegenheitsschrift</subfield>
    <subfield code="0">(DE-627)006573088</subfield>
    <subfield code="2">local</subfield>
  </datafield>
  <datafield tag="700" ind1="1" ind2=" ">
    <subfield code="a">Burgsdorff, Konrad Alexander Magnus von</subfield>
    <subfield code="d">1595-1652</subfield>
    <subfield code="0">(DE-588)121697703</subfield>
    <subfield code="0">(DE-627)004497902</subfield>
    <subfield code="0">(DE-576)214832740</subfield>
    <subfield code="4">oth</subfield>
  </datafield>
  <datafield tag="700" ind1="1" ind2=" ">
    <subfield code="a">Kolwald, Andreas</subfield>
    <subfield code="d">1601-1659</subfield>
    <subfield code="0">(DE-588)132971798</subfield>
    <subfield code="0">(DE-627)00602422X</subfield>
    <subfield code="4">prt</subfield>
  </datafield>
  <datafield tag="751" ind1=" " ind2=" ">
    <subfield code="a">Halberstadt</subfield>
    <subfield code="4">pup</subfield>
  </datafield>
  <datafield tag="924" ind1="0" ind2=" ">
    <subfield code="a">000949981</subfield>
    <subfield code="b">DE-23</subfield>
    <subfield code="9">23</subfield>
    <subfield code="c">GBV</subfield>
    <subfield code="g">N 8.2° Helmst. (23)</subfield>
  </datafield>
  <datafield tag="951" ind1=" " ind2=" ">
    <subfield code="a">BO</subfield>
  </datafield>
</record></zs:recordData><zs:recordPosition>1</zs:recordPosition></zs:record><zs:record><zs:recordSchema>marcxml</zs:recordSchema><zs:recordXMLEscaping>xml</zs:recordXMLEscaping><zs:recordData><record xmlns="http://www.loc.gov/MARC21/slim">
  <leader>     cam a22        4500</leader>
  <controlfield tag="001">000485349</controlfield>
  <controlfield tag="003">DE-627-4</controlfield>
  <controlfield tag="005">20211215212237.0</controlfield>
  <controlfield tag="007">tu</controlfield>
  <controlfield tag="008">020901s1643    xx |||||      00| ||lat c</controlfield>
  <datafield tag="024" ind1="7" ind2=" ">
    <subfield code="a">3:605009L</subfield>
    <subfield code="2">vd17</subfield>
  </datafield>
  <datafield tag="026" ind1=" " ind2=" ">
    <subfield code="e">sqi- a-ij e-de gore C 1643A$aUB Leipzig</subfield>
    <subfield code="2">fei</subfield>
  </datafield>
  <datafield tag="035" ind1=" " ind2=" ">
    <subfield code="a">(DE-627-4)000485349</subfield>
  </datafield>
  <datafield tag="035" ind1=" " ind2=" ">
    <subfield code="a">(DE-599)KXP000485349</subfield>
  </datafield>
  <datafield tag="040" ind1=" " ind2=" ">
    <subfield code="a">DE-627</subfield>
    <subfield code="b">ger</subfield>
    <subfield code="c">DE-627</subfield>
    <subfield code="e">rakwb</subfield>
  </datafield>
  <datafield tag="041" ind1=" " ind2=" ">
    <subfield code="a">lat</subfield>
  </datafield>
  <datafield tag="100" ind1="1" ind2=" ">
    <subfield code="a">Thilo, Valentin</subfield>
    <subfield code="d">1607-1662</subfield>
    <subfield code="0">(DE-588)117341428</subfield>
    <subfield code="0">(DE-627)004266358</subfield>
    <subfield code="0">(DE-576)291312020</subfield>
    <subfield code="4">aut</subfield>
  </datafield>
  <datafield tag="245" ind1="1" ind2="0">
    <subfield code="a">Consultatio Curtiana, Super Successore Alexandri Magni Constituendo</subfield>
    <subfield code="b">Sex Orationibus Expressa</subfield>
    <subfield code="c">Ac Publice Proposita Accurante Valentino Thilone</subfield>
  </datafield>
  <datafield tag="264" ind1=" " ind2="1">
    <subfield code="a">Regiomonti</subfield>
    <subfield code="b">Mensenius</subfield>
    <subfield code="c">1643</subfield>
  </datafield>
  <datafield tag="300" ind1=" " ind2=" ">
    <subfield code="a">[38] Bl</subfield>
    <subfield code="b">Ill. (Holzschn.)</subfield>
    <subfield code="c">8°</subfield>
  </datafield>
  <datafield tag="336" ind1=" " ind2=" ">
    <subfield code="a">nicht spezifiziert</subfield>
    <subfield code="b">zzz</subfield>
    <subfield code="2">rdacontent</subfield>
  </datafield>
  <datafield tag="337" ind1=" " ind2=" ">
    <subfield code="a">nicht spezifiziert</subfield>
    <subfield code="b">z</subfield>
    <subfield code="2">rdamedia</subfield>
  </datafield>
  <datafield tag="338" ind1=" " ind2=" ">
    <subfield code="a">nicht spezifiziert</subfield>
    <subfield code="b">zu</subfield>
    <subfield code="2">rdacarrier</subfield>
  </datafield>
  <datafield tag="583" ind1="1" ind2=" ">
    <subfield code="a">Digitalisiert</subfield>
    <subfield code="z">Digitalisierung Unika durch ULB Halle; ULB Halle 2015-05 digitalisiert</subfield>
    <subfield code="2">pdager</subfield>
  </datafield>
  <datafield tag="700" ind1="1" ind2=" ">
    <subfield code="a">Burgsdorff, Konrad Alexander Magnus von</subfield>
    <subfield code="d">1595-1652</subfield>
    <subfield code="e">WidmungsempfängerIn</subfield>
    <subfield code="0">(DE-588)121697703</subfield>
    <subfield code="0">(DE-627)004497902</subfield>
    <subfield code="0">(DE-576)214832740</subfield>
    <subfield code="4">dte</subfield>
  </datafield>
  <datafield tag="700" ind1="1" ind2=" ">
    <subfield code="a">Mense, Pascha</subfield>
    <subfield code="0">(DE-588)133508196</subfield>
    <subfield code="0">(DE-627)006333281</subfield>
    <subfield code="4">prt</subfield>
  </datafield>
  <datafield tag="751" ind1=" " ind2=" ">
    <subfield code="a">Königsberg</subfield>
    <subfield code="0">(DE-588)4031541-1</subfield>
    <subfield code="0">(DE-627)00693031X</subfield>
    <subfield code="4">pup</subfield>
  </datafield>
  <datafield tag="856" ind1="4" ind2="1">
    <subfield code="u">http://nbn-resolving.de/urn:nbn:de:gbv:3:1-574197</subfield>
    <subfield code="t">2015 digitalisiert von: Universitäts- und Landesbibliothek Sachsen-Anhalt. Exemplar mit der Signatur: Ung IV A 305 (4)</subfield>
    <subfield code="x">Digitalisierung</subfield>
    <subfield code="z">kostenfrei</subfield>
    <subfield code="3">Volltext</subfield>
  </datafield>
  <datafield tag="856" ind1="4" ind2="1">
    <subfield code="u">https://nbn-resolving.org/urn:nbn:de:bsz:15-0008-253315</subfield>
    <subfield code="t">// 2019 digitalisiert von: Universitätsbibliothek Leipzig. Exemplar mit der Signatur: Or.lat.rec.138-t/1</subfield>
    <subfield code="x">Digitalisierung</subfield>
    <subfield code="z">kostenfrei</subfield>
    <subfield code="3">Volltext</subfield>
  </datafield>
  <datafield tag="924" ind1="0" ind2=" ">
    <subfield code="a">001304313</subfield>
    <subfield code="b">DE-3</subfield>
    <subfield code="9">3</subfield>
    <subfield code="c">GBV</subfield>
    <subfield code="g">Ung IV A 305 (4)</subfield>
    <subfield code="g">VD17-Digitalisat</subfield>
  </datafield>
  <datafield tag="924" ind1="0" ind2=" ">
    <subfield code="a">008071403</subfield>
    <subfield code="b">DE-15</subfield>
    <subfield code="9">15</subfield>
    <subfield code="c">BSZ</subfield>
    <subfield code="d">c</subfield>
    <subfield code="g">Or.lat.rec.138-t/1</subfield>
  </datafield>
  <datafield tag="951" ind1=" " ind2=" ">
    <subfield code="a">BO</subfield>
  </datafield>
</record></zs:recordData><zs:recordPosition>2</zs:recordPosition></zs:record></zs:records><zs:echoedSearchRetrieveRequest><zs:version>2.0</zs:version><zs:query>pica.nid=121697703</zs:query><zs:startRecord>1</zs:startRecord><zs:maximumRecords>500</zs:maximumRecords><zs:recordXMLEscaping>xml</zs:recordXMLEscaping><zs:recordSchema>marcxml</zs:recordSchema></zs:echoedSearchRetrieveRequest><zs:resultCountPrecision>exact</zs:resultCountPrecision></zs:searchRetrieveResponse>
