<?xml version="1.0" encoding="UTF-8"?>
<zs:searchRetrieveResponse xmlns:zs="http://docs.oasis-open.org/ns/search-ws/sruResponse"><zs:numberOfRecords>14</zs:numberOfRecords><zs:records><zs:record><zs:recordSchema>marcxml</zs:recordSchema><zs:recordXMLEscaping>xml</zs:recordXMLEscaping><zs:recordData><record xmlns="http://www.loc.gov/MARC21/slim">
  <leader>     cam a22        4500</leader>
  <controlfield tag="001">008787182</controlfield>
  <controlfield tag="003">DE-627-4</controlfield>
  <controlfield tag="005">20200609075310.0</controlfield>
  <controlfield tag="007">tu</controlfield>
  <controlfield tag="008">200127s1626    xx |||||      00| ||lat c</controlfield>
  <datafield tag="024" ind1="7" ind2=" ">
    <subfield code="a">15:748381W</subfield>
    <subfield code="2">vd17</subfield>
  </datafield>
  <datafield tag="026" ind1=" " ind2=" ">
    <subfield code="e">I.m. L.it s.nt isma S 1626R</subfield>
    <subfield code="2">fei</subfield>
  </datafield>
  <datafield tag="035" ind1=" " ind2=" ">
    <subfield code="a">(DE-627-4)008787182</subfield>
  </datafield>
  <datafield tag="035" ind1=" " ind2=" ">
    <subfield code="a">(DE-599)KXP008787182</subfield>
  </datafield>
  <datafield tag="040" ind1=" " ind2=" ">
    <subfield code="a">DE-627</subfield>
    <subfield code="b">ger</subfield>
    <subfield code="c">DE-627</subfield>
    <subfield code="e">rda</subfield>
  </datafield>
  <datafield tag="041" ind1=" " ind2=" ">
    <subfield code="a">lat</subfield>
  </datafield>
  <datafield tag="100" ind1="1" ind2=" ">
    <subfield code="a">Meyer, David</subfield>
    <subfield code="d">1572-1640</subfield>
    <subfield code="e">VerfasserIn</subfield>
    <subfield code="0">(DE-588)121394700</subfield>
    <subfield code="0">(DE-627)004082095</subfield>
    <subfield code="4">aut</subfield>
  </datafield>
  <datafield tag="245" ind1="1" ind2="0">
    <subfield code="a">Exequiis. Celsissimi Et Serenissimi Principis Ac Dn. Dn. Friderici, Ducis Saxoniæ, Juliæ, Cliviæ, ...</subfield>
    <subfield code="c">Perscripsit M. Davides Meierus, P.L. Pastor Hannoveræ ad B. Georgium.</subfield>
  </datafield>
  <datafield tag="246" ind1="3" ind2="0">
    <subfield code="a">Saxoniae Juliae Cliviae Hannoverae</subfield>
  </datafield>
  <datafield tag="264" ind1=" " ind2="1">
    <subfield code="a">[Hannoveræ]</subfield>
    <subfield code="b">[Verlag nicht ermittelbar]</subfield>
    <subfield code="c">Anno M.DC.XXVI.</subfield>
  </datafield>
  <datafield tag="300" ind1=" " ind2=" ">
    <subfield code="a">1 Bogen</subfield>
    <subfield code="c">Format: circa 39 x 29 cm. Satzspiegel: 35,3 x 22,8 cm</subfield>
  </datafield>
  <datafield tag="336" ind1=" " ind2=" ">
    <subfield code="a">Text</subfield>
    <subfield code="b">txt</subfield>
    <subfield code="2">rdacontent</subfield>
  </datafield>
  <datafield tag="337" ind1=" " ind2=" ">
    <subfield code="a">ohne Hilfsmittel zu benutzen</subfield>
    <subfield code="b">n</subfield>
    <subfield code="2">rdamedia</subfield>
  </datafield>
  <datafield tag="338" ind1=" " ind2=" ">
    <subfield code="a">Blatt</subfield>
    <subfield code="b">nb</subfield>
    <subfield code="2">rdacarrier</subfield>
  </datafield>
  <datafield tag="500" ind1=" " ind2=" ">
    <subfield code="a">Erscheinungsort anhand des Wirkungsortes des Verfassers ermittelt</subfield>
  </datafield>
  <datafield tag="500" ind1=" " ind2=" ">
    <subfield code="a">Vorlageform der Veröffentlichungsangabe: Anno M.DC.XXVI.</subfield>
  </datafield>
  <datafield tag="583" ind1="1" ind2=" ">
    <subfield code="a">Digitalisierung geplant</subfield>
    <subfield code="c">2020</subfield>
    <subfield code="2">pdager</subfield>
    <subfield code="5">DE-15</subfield>
  </datafield>
  <datafield tag="655" ind1=" " ind2="7">
    <subfield code="a">Einblattdruck</subfield>
    <subfield code="0">(DE-627)006573231</subfield>
    <subfield code="2">local</subfield>
  </datafield>
  <datafield tag="655" ind1=" " ind2="7">
    <subfield code="a">Gelegenheitsschrift</subfield>
    <subfield code="0">(DE-627)006573088</subfield>
    <subfield code="2">local</subfield>
  </datafield>
  <datafield tag="700" ind1="0" ind2=" ">
    <subfield code="a">Friedrich</subfield>
    <subfield code="c">Sachsen-Altenburg, Herzog</subfield>
    <subfield code="d">1599-1625</subfield>
    <subfield code="e">WidmungsempfängerIn</subfield>
    <subfield code="0">(DE-588)128569840</subfield>
    <subfield code="0">(DE-627)005071658</subfield>
    <subfield code="0">(DE-576)297219391</subfield>
    <subfield code="4">dte</subfield>
  </datafield>
  <datafield tag="751" ind1=" " ind2=" ">
    <subfield code="a">Hannover</subfield>
    <subfield code="0">(DE-588)4023349-2</subfield>
    <subfield code="0">(DE-627)006936350</subfield>
    <subfield code="4">pup</subfield>
  </datafield>
  <datafield tag="924" ind1="0" ind2=" ">
    <subfield code="a">008179433</subfield>
    <subfield code="b">DE-15</subfield>
    <subfield code="9">15</subfield>
    <subfield code="c">BSZ</subfield>
    <subfield code="d">c</subfield>
    <subfield code="g">01E-2020-1,113</subfield>
  </datafield>
  <datafield tag="951" ind1=" " ind2=" ">
    <subfield code="a">BO</subfield>
  </datafield>
</record></zs:recordData><zs:recordPosition>1</zs:recordPosition></zs:record><zs:record><zs:recordSchema>marcxml</zs:recordSchema><zs:recordXMLEscaping>xml</zs:recordXMLEscaping><zs:recordData><record xmlns="http://www.loc.gov/MARC21/slim">
  <leader>     cam a22        4500</leader>
  <controlfield tag="001">005071704</controlfield>
  <controlfield tag="003">DE-627-4</controlfield>
  <controlfield tag="005">20200310220718.0</controlfield>
  <controlfield tag="007">tu</controlfield>
  <controlfield tag="008">031205s1626    xx |||||      00| ||ger c</controlfield>
  <datafield tag="024" ind1="7" ind2=" ">
    <subfield code="a">1:639131B</subfield>
    <subfield code="2">vd17</subfield>
  </datafield>
  <datafield tag="026" ind1=" " ind2=" ">
    <subfield code="e">r,r, E.d. d,f, f,d, C 1626A</subfield>
    <subfield code="2">fei</subfield>
  </datafield>
  <datafield tag="035" ind1=" " ind2=" ">
    <subfield code="a">(DE-627-4)005071704</subfield>
  </datafield>
  <datafield tag="035" ind1=" " ind2=" ">
    <subfield code="a">(DE-599)KXP005071704</subfield>
  </datafield>
  <datafield tag="040" ind1=" " ind2=" ">
    <subfield code="a">DE-627</subfield>
    <subfield code="b">ger</subfield>
    <subfield code="c">DE-627</subfield>
    <subfield code="e">rakwb</subfield>
  </datafield>
  <datafield tag="041" ind1=" " ind2=" ">
    <subfield code="a">ger</subfield>
  </datafield>
  <datafield tag="100" ind1="1" ind2=" ">
    <subfield code="a">Türckis, Damian</subfield>
    <subfield code="d">-1634</subfield>
    <subfield code="0">(DE-588)123711673</subfield>
    <subfield code="0">(DE-627)004678478</subfield>
    <subfield code="4">aut</subfield>
  </datafield>
  <datafield tag="245" ind1="1" ind2="5">
    <subfield code="a">Eine Hertzbewegliche Christliche Trostschrifft/ Auff des in Gott Durchläuchtigsten/ Hochgebornen Fürsten und Herrn/ Herrn Friederichen/ Hertzogen zu Sachsen/ Gülich/ Cleve und Berg/ Landgraffen in Thüringen/ Marggraffen zu Meissen ... Gott Seligen Todes verbleichung ...</subfield>
    <subfield code="b">Darinnen der ... nunmehr Selige Fürstliche Held seiner vielgeliebten Fraw Mutter/ Herrn Brüdern und Herrn Vettern ... seinen Rittermessigen Blutigen Kampf/ in welchen er sein junges Leben durch des Feindes List und Gewalt auffgeben/ mit kläglicher Stimm anzeiget ...</subfield>
    <subfield code="c">... gestellet/ Durch Damianum Türckissen/ ... Bürger und  Poet zu Torgaw</subfield>
  </datafield>
  <datafield tag="246" ind1="1" ind2=" ">
    <subfield code="i">Ansetzungssachtitel</subfield>
    <subfield code="a">{Herzbewegliche Trostschrift Herzog Landgraf Markgraf</subfield>
  </datafield>
  <datafield tag="264" ind1=" " ind2="1">
    <subfield code="a">Wittenberg</subfield>
    <subfield code="c">1626</subfield>
  </datafield>
  <datafield tag="300" ind1=" " ind2=" ">
    <subfield code="a">[6] Bl</subfield>
    <subfield code="c">4°</subfield>
  </datafield>
  <datafield tag="336" ind1=" " ind2=" ">
    <subfield code="a">nicht spezifiziert</subfield>
    <subfield code="b">zzz</subfield>
    <subfield code="2">rdacontent</subfield>
  </datafield>
  <datafield tag="337" ind1=" " ind2=" ">
    <subfield code="a">nicht spezifiziert</subfield>
    <subfield code="b">z</subfield>
    <subfield code="2">rdamedia</subfield>
  </datafield>
  <datafield tag="338" ind1=" " ind2=" ">
    <subfield code="a">nicht spezifiziert</subfield>
    <subfield code="b">zu</subfield>
    <subfield code="2">rdacarrier</subfield>
  </datafield>
  <datafield tag="500" ind1=" " ind2=" ">
    <subfield code="a">Schlüsselseiten aus dem Exemplar der SBB-PK Berlin: Yi 182</subfield>
  </datafield>
  <datafield tag="500" ind1=" " ind2=" ">
    <subfield code="a">Signaturformel: A4, B2</subfield>
  </datafield>
  <datafield tag="500" ind1=" " ind2=" ">
    <subfield code="a">Vorlageform des Erscheinungsvermerks: Wittenberg/ Gedruckt im Jahr 1626.</subfield>
  </datafield>
  <datafield tag="655" ind1=" " ind2="7">
    <subfield code="a">Gelegenheitsschrift:Tod</subfield>
    <subfield code="0">(DE-627)00657288X</subfield>
    <subfield code="2">local</subfield>
  </datafield>
  <datafield tag="655" ind1=" " ind2="7">
    <subfield code="a">Lyrik</subfield>
    <subfield code="0">(DE-627)006572545</subfield>
    <subfield code="2">local</subfield>
  </datafield>
  <datafield tag="700" ind1="0" ind2=" ">
    <subfield code="a">Friedrich</subfield>
    <subfield code="c">Sachsen-Altenburg, Herzog</subfield>
    <subfield code="d">1599-1625</subfield>
    <subfield code="0">(DE-588)128569840</subfield>
    <subfield code="0">(DE-627)005071658</subfield>
    <subfield code="0">(DE-576)297219391</subfield>
    <subfield code="4">oth</subfield>
  </datafield>
  <datafield tag="751" ind1=" " ind2=" ">
    <subfield code="a">Wittenberg</subfield>
    <subfield code="4">pup</subfield>
  </datafield>
  <datafield tag="856" ind1="4" ind2="1">
    <subfield code="u">http://resolver.staatsbibliothek-berlin.de/SBB00000DFD00000000</subfield>
    <subfield code="t">// 2009 digitalisiert von: Staatsbibliothek zu Berlin - Preußischer Kulturbesitz. Exemplar mit der Signatur: Yi 182</subfield>
    <subfield code="x">Digitalisierung</subfield>
    <subfield code="z">kostenfrei</subfield>
    <subfield code="3">Volltext</subfield>
  </datafield>
  <datafield tag="924" ind1="0" ind2=" ">
    <subfield code="a">003958795</subfield>
    <subfield code="b">DE-1a</subfield>
    <subfield code="9">1a</subfield>
    <subfield code="c">GBV</subfield>
    <subfield code="d">b</subfield>
    <subfield code="g">Yi 182</subfield>
    <subfield code="h">6</subfield>
  </datafield>
  <datafield tag="951" ind1=" " ind2=" ">
    <subfield code="a">BO</subfield>
  </datafield>
</record></zs:recordData><zs:recordPosition>2</zs:recordPosition></zs:record><zs:record><zs:recordSchema>marcxml</zs:recordSchema><zs:recordXMLEscaping>xml</zs:recordXMLEscaping><zs:recordData><record xmlns="http://www.loc.gov/MARC21/slim">
  <leader>     cam a22        4500</leader>
  <controlfield tag="001">000005304</controlfield>
  <controlfield tag="003">DE-627-4</controlfield>
  <controlfield tag="005">20200224134551.0</controlfield>
  <controlfield tag="007">tu</controlfield>
  <controlfield tag="008">020901s1625    xx |||||      00| ||ger c</controlfield>
  <datafield tag="024" ind1="7" ind2=" ">
    <subfield code="a">23:250493F</subfield>
    <subfield code="2">vd17</subfield>
  </datafield>
  <datafield tag="026" ind1=" " ind2=" ">
    <subfield code="e">erut y-l. e,r- ssge C 1625Q</subfield>
    <subfield code="2">fei</subfield>
  </datafield>
  <datafield tag="035" ind1=" " ind2=" ">
    <subfield code="a">(DE-627-4)000005304</subfield>
  </datafield>
  <datafield tag="035" ind1=" " ind2=" ">
    <subfield code="a">(DE-599)KXP000005304</subfield>
  </datafield>
  <datafield tag="040" ind1=" " ind2=" ">
    <subfield code="a">DE-627</subfield>
    <subfield code="b">ger</subfield>
    <subfield code="c">DE-627</subfield>
    <subfield code="e">rakwb</subfield>
  </datafield>
  <datafield tag="041" ind1=" " ind2=" ">
    <subfield code="a">ger</subfield>
  </datafield>
  <datafield tag="245" ind1="1" ind2="0">
    <subfield code="a">Bericht/ Welcher gestalt Hertzog Friedrich von Sachsen Altenburg/ Oberster in einem Treffen/ bey Seltzem/ einem Braunschweigischen Dorff/ nicht weit von Hanover liegend/ Mannlich wieder die tyllische Cavallerey gefochten/ unnd mit ewigen Ruhm daselbst das Leben gelassen</subfield>
    <subfield code="b">[Signatum Newstadt/ den 29. Octobris, Anno 1625.]</subfield>
  </datafield>
  <datafield tag="246" ind1="3" ind2="0">
    <subfield code="a">Seelze Dorf Hannover Kavallerie Neustadt tillysche</subfield>
  </datafield>
  <datafield tag="264" ind1=" " ind2="1">
    <subfield code="a">[S.l.]</subfield>
    <subfield code="c">[1625]</subfield>
  </datafield>
  <datafield tag="300" ind1=" " ind2=" ">
    <subfield code="a">[2] Bl</subfield>
    <subfield code="c">4°</subfield>
  </datafield>
  <datafield tag="336" ind1=" " ind2=" ">
    <subfield code="a">nicht spezifiziert</subfield>
    <subfield code="b">zzz</subfield>
    <subfield code="2">rdacontent</subfield>
  </datafield>
  <datafield tag="337" ind1=" " ind2=" ">
    <subfield code="a">nicht spezifiziert</subfield>
    <subfield code="b">z</subfield>
    <subfield code="2">rdamedia</subfield>
  </datafield>
  <datafield tag="338" ind1=" " ind2=" ">
    <subfield code="a">nicht spezifiziert</subfield>
    <subfield code="b">zu</subfield>
    <subfield code="2">rdacarrier</subfield>
  </datafield>
  <datafield tag="583" ind1="1" ind2=" ">
    <subfield code="a">Digitalisierung geplant</subfield>
    <subfield code="z">Digitalisierung Unika durch HAB Wolfenbüttel</subfield>
    <subfield code="2">pdager</subfield>
  </datafield>
  <datafield tag="655" ind1=" " ind2="7">
    <subfield code="a">Flugschrift</subfield>
    <subfield code="0">(DE-627)006573150</subfield>
    <subfield code="2">local</subfield>
  </datafield>
  <datafield tag="655" ind1=" " ind2="7">
    <subfield code="a">Gelegenheitsschrift:Tod</subfield>
    <subfield code="0">(DE-627)00657288X</subfield>
    <subfield code="2">local</subfield>
  </datafield>
  <datafield tag="700" ind1="0" ind2=" ">
    <subfield code="a">Friedrich</subfield>
    <subfield code="c">Sachsen-Altenburg, Herzog</subfield>
    <subfield code="d">1599-1625</subfield>
    <subfield code="0">(DE-588)128569840</subfield>
    <subfield code="0">(DE-627)005071658</subfield>
    <subfield code="0">(DE-576)297219391</subfield>
    <subfield code="4">oth</subfield>
  </datafield>
  <datafield tag="700" ind1="1" ind2=" ">
    <subfield code="a">Tilly, Jean T'Serclaes de</subfield>
    <subfield code="d">1559-1632</subfield>
    <subfield code="0">(DE-588)117384224</subfield>
    <subfield code="0">(DE-627)004267710</subfield>
    <subfield code="0">(DE-576)214059219</subfield>
    <subfield code="4">oth</subfield>
  </datafield>
  <datafield tag="924" ind1="0" ind2=" ">
    <subfield code="a">000825840</subfield>
    <subfield code="b">DE-23</subfield>
    <subfield code="9">23</subfield>
    <subfield code="c">GBV</subfield>
    <subfield code="g">202.70 Quod. (17)</subfield>
  </datafield>
  <datafield tag="951" ind1=" " ind2=" ">
    <subfield code="a">BO</subfield>
  </datafield>
</record></zs:recordData><zs:recordPosition>3</zs:recordPosition></zs:record><zs:record><zs:recordSchema>marcxml</zs:recordSchema><zs:recordXMLEscaping>xml</zs:recordXMLEscaping><zs:recordData><record xmlns="http://www.loc.gov/MARC21/slim">
  <leader>     cam a22        4500</leader>
  <controlfield tag="001">00677928X</controlfield>
  <controlfield tag="003">DE-627-4</controlfield>
  <controlfield tag="005">20210531101625.0</controlfield>
  <controlfield tag="007">tu</controlfield>
  <controlfield tag="008">110627s1622    xx |||||      00| ||ger c</controlfield>
  <datafield tag="024" ind1="7" ind2=" ">
    <subfield code="a">27:717435L</subfield>
    <subfield code="2">vd17</subfield>
  </datafield>
  <datafield tag="026" ind1=" " ind2=" ">
    <subfield code="e">2.t. l-er enen n,in S 1622A</subfield>
    <subfield code="2">fei</subfield>
  </datafield>
  <datafield tag="035" ind1=" " ind2=" ">
    <subfield code="a">(DE-627-4)00677928X</subfield>
  </datafield>
  <datafield tag="035" ind1=" " ind2=" ">
    <subfield code="a">(DE-599)KXP00677928X</subfield>
  </datafield>
  <datafield tag="040" ind1=" " ind2=" ">
    <subfield code="a">DE-627</subfield>
    <subfield code="b">ger</subfield>
    <subfield code="c">DE-627</subfield>
    <subfield code="e">rakwb</subfield>
  </datafield>
  <datafield tag="041" ind1=" " ind2=" ">
    <subfield code="a">ger</subfield>
  </datafield>
  <datafield tag="245" ind1="1" ind2="0">
    <subfield code="a">Von Gottes Gnaden/ Wir Johann Philip/ Hertzog zu Sachssen/ Gülich/ Cleve und Berg ... Entbieten für Uns und die Hochgeborne Fürsten/ unsere freundliche liebe Brüdere und gevattern/ Herrn Friderichen und Herrn Johann Wilhelmen/ [et]c. so wol in vormundschafft unsers freundlichen lieben Bruders und gevatters/ Herrn Friderich Wilhelms/ Hertzogen zu Sachssen/ Gülich/ Cleve und Berg/ [et]c. allen und jeden Unsern und Ihrer LLLdn Praelaten/ Graffen/ Herren ... unsern gruß/ gnad und gutes ... lieben andächtige Räthe und getrewen/ Es ist unnötig/ mit vielen vergeblichen worten außzuführen/ was für confusiones und theurung das hochschädliche Müntzwesen ... verursachet ...</subfield>
    <subfield code="b">Geben zu Altenburg Sontags den 15. Septembris, im Jahr/ 1622.</subfield>
  </datafield>
  <datafield tag="246" ind1="3" ind2="0">
    <subfield code="a">Philipp Herzog Sachsen Jülich Kleve Landgraf Thüringen Friedrich Vormundschaft Grafen Hauptleuten Amtleuten Schöffen Geleitsleuten Räten Brüdern Untertanen</subfield>
  </datafield>
  <datafield tag="264" ind1=" " ind2="1">
    <subfield code="a">[S.l.]</subfield>
    <subfield code="c">1622</subfield>
  </datafield>
  <datafield tag="300" ind1=" " ind2=" ">
    <subfield code="a">[1] Bl</subfield>
  </datafield>
  <datafield tag="336" ind1=" " ind2=" ">
    <subfield code="a">nicht spezifiziert</subfield>
    <subfield code="b">zzz</subfield>
    <subfield code="2">rdacontent</subfield>
  </datafield>
  <datafield tag="337" ind1=" " ind2=" ">
    <subfield code="a">nicht spezifiziert</subfield>
    <subfield code="b">z</subfield>
    <subfield code="2">rdamedia</subfield>
  </datafield>
  <datafield tag="338" ind1=" " ind2=" ">
    <subfield code="a">nicht spezifiziert</subfield>
    <subfield code="b">zu</subfield>
    <subfield code="2">rdacarrier</subfield>
  </datafield>
  <datafield tag="500" ind1=" " ind2=" ">
    <subfield code="a">Format: ca. 40 x 33,5 cm (aus 2 Teilen zusammengeklebt, Format: ca. 31,5 x 33 cm und ca. 9 x 32 cm). - Satzspiegel: ca. 37,7 x ca, 31,0 cm und 6,6 x 26,6 cm</subfield>
  </datafield>
  <datafield tag="500" ind1=" " ind2=" ">
    <subfield code="a">Erscheinungsjahr nach der Datierung der Verordnung angegeben. - Vermutl. in Altenburg gedruckt</subfield>
  </datafield>
  <datafield tag="501" ind1=" " ind2=" ">
    <subfield code="a">Münzordnung für das Herzogtum Sachsen-Altenburg</subfield>
  </datafield>
  <datafield tag="655" ind1=" " ind2="7">
    <subfield code="a">Einblattdruck</subfield>
    <subfield code="0">(DE-627)006573231</subfield>
    <subfield code="2">local</subfield>
  </datafield>
  <datafield tag="655" ind1=" " ind2="7">
    <subfield code="a">Verordnung</subfield>
    <subfield code="0">(DE-627)006571840</subfield>
    <subfield code="2">local</subfield>
  </datafield>
  <datafield tag="655" ind1=" " ind2="7">
    <subfield code="a">Amtsdruckschrift</subfield>
    <subfield code="0">(DE-627)006573592</subfield>
    <subfield code="2">local</subfield>
  </datafield>
  <datafield tag="655" ind1=" " ind2="7">
    <subfield code="a">Geldwesen</subfield>
    <subfield code="0">(DE-627)006573096</subfield>
    <subfield code="2">local</subfield>
  </datafield>
  <datafield tag="700" ind1="0" ind2=" ">
    <subfield code="a">Johann Philipp</subfield>
    <subfield code="c">Sachsen-Altenburg, Herzog</subfield>
    <subfield code="d">1597-1639</subfield>
    <subfield code="0">(DE-588)102109176</subfield>
    <subfield code="0">(DE-627)004103238</subfield>
    <subfield code="4">oth</subfield>
  </datafield>
  <datafield tag="700" ind1="0" ind2=" ">
    <subfield code="a">Friedrich</subfield>
    <subfield code="c">Sachsen-Altenburg, Herzog</subfield>
    <subfield code="d">1599-1625</subfield>
    <subfield code="0">(DE-588)128569840</subfield>
    <subfield code="0">(DE-627)005071658</subfield>
    <subfield code="0">(DE-576)297219391</subfield>
    <subfield code="4">oth</subfield>
  </datafield>
  <datafield tag="700" ind1="0" ind2=" ">
    <subfield code="a">Johann Wilhelm</subfield>
    <subfield code="b">II.</subfield>
    <subfield code="c">Sachsen-Weimar-Altenburg, Herzog</subfield>
    <subfield code="d">1600-1632</subfield>
    <subfield code="0">(DE-588)121908631</subfield>
    <subfield code="0">(DE-627)004534972</subfield>
    <subfield code="4">oth</subfield>
  </datafield>
  <datafield tag="700" ind1="0" ind2=" ">
    <subfield code="a">Friedrich Wilhelm</subfield>
    <subfield code="b">II.</subfield>
    <subfield code="c">Sachsen-Altenburg, Herzog</subfield>
    <subfield code="d">1603-1669</subfield>
    <subfield code="0">(DE-588)102109168</subfield>
    <subfield code="0">(DE-627)00410322X</subfield>
    <subfield code="4">oth</subfield>
  </datafield>
  <datafield tag="751" ind1=" " ind2=" ">
    <subfield code="a">Altenburg</subfield>
    <subfield code="4">pup</subfield>
  </datafield>
  <datafield tag="856" ind1="4" ind2="1">
    <subfield code="u">https://nbn-resolving.org/urn:nbn:de:urmel-dfg-8f01e2fe-ee30-4f2d-9db0-7a90ed2b791a75</subfield>
    <subfield code="t">// 2015 digitalisiert von: Thüringer Universitäts- und Landesbibliothek Jena. Exemplar mit der Signatur: 2 Jur.XVII,27/1(40)</subfield>
    <subfield code="x">Digitalisierung</subfield>
    <subfield code="z">kostenfrei</subfield>
    <subfield code="3">Volltext</subfield>
  </datafield>
  <datafield tag="924" ind1="0" ind2=" ">
    <subfield code="a">006892418</subfield>
    <subfield code="b">DE-27</subfield>
    <subfield code="9">27</subfield>
    <subfield code="c">GBV</subfield>
    <subfield code="d">d</subfield>
    <subfield code="g">2 Jur.XVII,27/1(40)</subfield>
    <subfield code="h">Mag</subfield>
  </datafield>
  <datafield tag="951" ind1=" " ind2=" ">
    <subfield code="a">BO</subfield>
  </datafield>
</record></zs:recordData><zs:recordPosition>4</zs:recordPosition></zs:record><zs:record><zs:recordSchema>marcxml</zs:recordSchema><zs:recordXMLEscaping>xml</zs:recordXMLEscaping><zs:recordData><record xmlns="http://www.loc.gov/MARC21/slim">
  <leader>     nam a22        4500</leader>
  <controlfield tag="001">008785759</controlfield>
  <controlfield tag="003">DE-627-4</controlfield>
  <controlfield tag="005">20200120154303.0</controlfield>
  <controlfield tag="007">tu</controlfield>
  <controlfield tag="008">200120s1621    xx |||||      00| ||ger c</controlfield>
  <datafield tag="024" ind1="7" ind2=" ">
    <subfield code="a">15:748343L</subfield>
    <subfield code="2">vd17</subfield>
  </datafield>
  <datafield tag="026" ind1=" " ind2=" ">
    <subfield code="e">1.n, hnr: r,n. n,t. S 1621A</subfield>
    <subfield code="2">fei</subfield>
  </datafield>
  <datafield tag="035" ind1=" " ind2=" ">
    <subfield code="a">(DE-627-4)008785759</subfield>
  </datafield>
  <datafield tag="035" ind1=" " ind2=" ">
    <subfield code="a">(DE-599)KXP008785759</subfield>
  </datafield>
  <datafield tag="040" ind1=" " ind2=" ">
    <subfield code="a">DE-627</subfield>
    <subfield code="b">ger</subfield>
    <subfield code="c">DE-627</subfield>
    <subfield code="e">rda</subfield>
  </datafield>
  <datafield tag="041" ind1=" " ind2=" ">
    <subfield code="a">ger</subfield>
  </datafield>
  <datafield tag="100" ind1="1" ind2=" ">
    <subfield code="a">Christenius, Johannes</subfield>
    <subfield code="d">1565-1626</subfield>
    <subfield code="e">VerfasserIn</subfield>
    <subfield code="0">(DE-588)128911131</subfield>
    <subfield code="0">(DE-627)005214939</subfield>
    <subfield code="0">(DE-576)297395556</subfield>
    <subfield code="4">aut</subfield>
  </datafield>
  <datafield tag="245" ind1="1" ind2="0">
    <subfield code="a">Glückwünschung Zu der Fürstlichen vorhabenden Reise in Franckreich/ Des Durchlauchtigen Hochgebornen Fürsten und Herrn/ Herrn Friderichen/ Herzogen zu Sachssen/ ...</subfield>
    <subfield code="c">Iohannes Christenius, HoffCantor.</subfield>
  </datafield>
  <datafield tag="246" ind1="3" ind2="0">
    <subfield code="a">Frankreich Friederichen Sachsen Johannes Hofcantor</subfield>
  </datafield>
  <datafield tag="264" ind1=" " ind2="1">
    <subfield code="a">Altenburg in Meissen</subfield>
    <subfield code="b">durch Johannes Meuschken</subfield>
    <subfield code="c">Im Jahr/ 1621.</subfield>
  </datafield>
  <datafield tag="300" ind1=" " ind2=" ">
    <subfield code="a">1 Bogen</subfield>
    <subfield code="c">Format: circa 31 x 38 cm. Satzspiegel: 29,4 x 31,3 cm</subfield>
  </datafield>
  <datafield tag="336" ind1=" " ind2=" ">
    <subfield code="a">Text</subfield>
    <subfield code="b">txt</subfield>
    <subfield code="2">rdacontent</subfield>
  </datafield>
  <datafield tag="337" ind1=" " ind2=" ">
    <subfield code="a">ohne Hilfsmittel zu benutzen</subfield>
    <subfield code="b">n</subfield>
    <subfield code="2">rdamedia</subfield>
  </datafield>
  <datafield tag="338" ind1=" " ind2=" ">
    <subfield code="a">Blatt</subfield>
    <subfield code="b">nb</subfield>
    <subfield code="2">rdacarrier</subfield>
  </datafield>
  <datafield tag="500" ind1=" " ind2=" ">
    <subfield code="a">Vorlageform der Veröffentlichungsangabe: Gedruckt Altenburg in Meissen/ durch Johannes Meuschken/ Im Jahr/ 1621.</subfield>
  </datafield>
  <datafield tag="583" ind1="1" ind2=" ">
    <subfield code="a">Digitalisierung geplant</subfield>
    <subfield code="c">2020</subfield>
    <subfield code="2">pdager</subfield>
    <subfield code="5">DE-15</subfield>
  </datafield>
  <datafield tag="655" ind1=" " ind2="7">
    <subfield code="a">Einblattdruck</subfield>
    <subfield code="0">(DE-627)006573231</subfield>
    <subfield code="2">local</subfield>
  </datafield>
  <datafield tag="655" ind1=" " ind2="7">
    <subfield code="a">Gelegenheitsschrift</subfield>
    <subfield code="0">(DE-627)006573088</subfield>
    <subfield code="2">local</subfield>
  </datafield>
  <datafield tag="700" ind1="0" ind2=" ">
    <subfield code="a">Friedrich</subfield>
    <subfield code="c">Sachsen-Altenburg, Herzog</subfield>
    <subfield code="d">1599-1625</subfield>
    <subfield code="e">WidmungsempfängerIn</subfield>
    <subfield code="0">(DE-588)128569840</subfield>
    <subfield code="0">(DE-627)005071658</subfield>
    <subfield code="0">(DE-576)297219391</subfield>
    <subfield code="4">dte</subfield>
  </datafield>
  <datafield tag="751" ind1=" " ind2=" ">
    <subfield code="a">Altenburg, Thüringen</subfield>
    <subfield code="0">(DE-588)4001409-5</subfield>
    <subfield code="0">(DE-627)006932924</subfield>
    <subfield code="4">pup</subfield>
  </datafield>
  <datafield tag="924" ind1="0" ind2=" ">
    <subfield code="a">00817671X</subfield>
    <subfield code="b">DE-15</subfield>
    <subfield code="9">15</subfield>
    <subfield code="c">BSZ</subfield>
    <subfield code="d">c</subfield>
    <subfield code="g">01E-2020-1,112</subfield>
  </datafield>
  <datafield tag="951" ind1=" " ind2=" ">
    <subfield code="a">BO</subfield>
  </datafield>
</record></zs:recordData><zs:recordPosition>5</zs:recordPosition></zs:record><zs:record><zs:recordSchema>marcxml</zs:recordSchema><zs:recordXMLEscaping>xml</zs:recordXMLEscaping><zs:recordData><record xmlns="http://www.loc.gov/MARC21/slim">
  <leader>     cam a22        4500</leader>
  <controlfield tag="001">008787212</controlfield>
  <controlfield tag="003">DE-627-4</controlfield>
  <controlfield tag="005">20200128100435.0</controlfield>
  <controlfield tag="007">tu</controlfield>
  <controlfield tag="008">200127s1619    xx |||||      00| ||ger c</controlfield>
  <datafield tag="024" ind1="7" ind2=" ">
    <subfield code="a">15:748382D</subfield>
    <subfield code="2">vd17</subfield>
  </datafield>
  <datafield tag="026" ind1=" " ind2=" ">
    <subfield code="e">h.e- ern. r.r, t,t, S</subfield>
    <subfield code="2">fei</subfield>
  </datafield>
  <datafield tag="035" ind1=" " ind2=" ">
    <subfield code="a">(DE-627-4)008787212</subfield>
  </datafield>
  <datafield tag="035" ind1=" " ind2=" ">
    <subfield code="a">(DE-599)KXP008787212</subfield>
  </datafield>
  <datafield tag="040" ind1=" " ind2=" ">
    <subfield code="a">DE-627</subfield>
    <subfield code="b">ger</subfield>
    <subfield code="c">DE-627</subfield>
    <subfield code="e">rda</subfield>
  </datafield>
  <datafield tag="041" ind1=" " ind2=" ">
    <subfield code="a">ger</subfield>
  </datafield>
  <datafield tag="100" ind1="1" ind2=" ">
    <subfield code="a">Wiedebach, Hans Dieterich von</subfield>
    <subfield code="e">VerfasserIn</subfield>
    <subfield code="0">(DE-588)124661939</subfield>
    <subfield code="0">(DE-627)004812042</subfield>
    <subfield code="0">(DE-576)294435727</subfield>
    <subfield code="4">aut</subfield>
  </datafield>
  <datafield tag="245" ind1="1" ind2="0">
    <subfield code="a">Glückwünßschung Zu der Fürstlichen in Böhmen vorhabenden Reiß/ Des Durchlauchtigen Hochgebornen Fürsten und Herrn/ Herrn Friderichen/ Herzogen zu Sachssen/ ...</subfield>
    <subfield code="c">Fürstl. Gn. Untertheniger Hans Diettrich von Wiebach.</subfield>
  </datafield>
  <datafield tag="246" ind1="3" ind2="0">
    <subfield code="a">Glückwünschung Reise Friedrich Sachsen Unterthäniger Untertäniger</subfield>
  </datafield>
  <datafield tag="264" ind1=" " ind2="1">
    <subfield code="a">[Erscheinungsort nicht ermittelbar]</subfield>
    <subfield code="b">[Verlag nicht ermittelbar]</subfield>
    <subfield code="c">[1619?]</subfield>
  </datafield>
  <datafield tag="300" ind1=" " ind2=" ">
    <subfield code="a">1 Bogen</subfield>
    <subfield code="b">Illustration</subfield>
    <subfield code="c">Format: circa 39 x 31 cm. Satzspiegel: 36,0 x 25,4 cm</subfield>
  </datafield>
  <datafield tag="336" ind1=" " ind2=" ">
    <subfield code="a">Text</subfield>
    <subfield code="b">txt</subfield>
    <subfield code="2">rdacontent</subfield>
  </datafield>
  <datafield tag="337" ind1=" " ind2=" ">
    <subfield code="a">ohne Hilfsmittel zu benutzen</subfield>
    <subfield code="b">n</subfield>
    <subfield code="2">rdamedia</subfield>
  </datafield>
  <datafield tag="338" ind1=" " ind2=" ">
    <subfield code="a">Blatt</subfield>
    <subfield code="b">nb</subfield>
    <subfield code="2">rdacarrier</subfield>
  </datafield>
  <datafield tag="500" ind1=" " ind2=" ">
    <subfield code="a">Illustration ist ein Holzschnitt</subfield>
  </datafield>
  <datafield tag="500" ind1=" " ind2=" ">
    <subfield code="a">Erscheinungsjahr geschätzt nach dem Wirkungszeitraum des Verfassers und dem Aufenthalt Friedrichs von Sachsen-Altenburg in Böhmen, sowie nach einem handschriftlichen Vermerk auf dem Blatt: "31.Julii 1619."</subfield>
  </datafield>
  <datafield tag="583" ind1="1" ind2=" ">
    <subfield code="a">Digitalisierung geplant</subfield>
    <subfield code="c">2020</subfield>
    <subfield code="2">pdager</subfield>
    <subfield code="5">DE-15</subfield>
  </datafield>
  <datafield tag="655" ind1=" " ind2="7">
    <subfield code="a">Einblattdruck</subfield>
    <subfield code="0">(DE-627)006573231</subfield>
    <subfield code="2">local</subfield>
  </datafield>
  <datafield tag="655" ind1=" " ind2="7">
    <subfield code="a">Gelegenheitsschrift</subfield>
    <subfield code="0">(DE-627)006573088</subfield>
    <subfield code="2">local</subfield>
  </datafield>
  <datafield tag="655" ind1=" " ind2="7">
    <subfield code="a">Lyrik</subfield>
    <subfield code="0">(DE-627)006572545</subfield>
    <subfield code="2">local</subfield>
  </datafield>
  <datafield tag="700" ind1="0" ind2=" ">
    <subfield code="a">Friedrich</subfield>
    <subfield code="c">Sachsen-Altenburg, Herzog</subfield>
    <subfield code="d">1599-1625</subfield>
    <subfield code="e">WidmungsempfängerIn</subfield>
    <subfield code="0">(DE-588)128569840</subfield>
    <subfield code="0">(DE-627)005071658</subfield>
    <subfield code="0">(DE-576)297219391</subfield>
    <subfield code="4">dte</subfield>
  </datafield>
  <datafield tag="924" ind1="0" ind2=" ">
    <subfield code="a">008179484</subfield>
    <subfield code="b">DE-15</subfield>
    <subfield code="9">15</subfield>
    <subfield code="c">BSZ</subfield>
    <subfield code="d">c</subfield>
    <subfield code="g">01E-2020-1,111</subfield>
  </datafield>
  <datafield tag="951" ind1=" " ind2=" ">
    <subfield code="a">BO</subfield>
  </datafield>
</record></zs:recordData><zs:recordPosition>6</zs:recordPosition></zs:record><zs:record><zs:recordSchema>marcxml</zs:recordSchema><zs:recordXMLEscaping>xml</zs:recordXMLEscaping><zs:recordData><record xmlns="http://www.loc.gov/MARC21/slim">
  <leader>     cam a22        4500</leader>
  <controlfield tag="001">008785341</controlfield>
  <controlfield tag="003">DE-627-4</controlfield>
  <controlfield tag="005">20200615074407.0</controlfield>
  <controlfield tag="007">tu</controlfield>
  <controlfield tag="008">200117s1619    xx |||||      00| ||lat c</controlfield>
  <datafield tag="024" ind1="7" ind2=" ">
    <subfield code="a">15:748326V</subfield>
    <subfield code="2">vd17</subfield>
  </datafield>
  <datafield tag="026" ind1=" " ind2=" ">
    <subfield code="e">cota n-t. o,n. s,i. S 1619R</subfield>
    <subfield code="2">fei</subfield>
  </datafield>
  <datafield tag="035" ind1=" " ind2=" ">
    <subfield code="a">(DE-627-4)008785341</subfield>
  </datafield>
  <datafield tag="035" ind1=" " ind2=" ">
    <subfield code="a">(DE-599)KXP008785341</subfield>
  </datafield>
  <datafield tag="040" ind1=" " ind2=" ">
    <subfield code="a">DE-627</subfield>
    <subfield code="b">ger</subfield>
    <subfield code="c">DE-627</subfield>
    <subfield code="e">rda</subfield>
  </datafield>
  <datafield tag="041" ind1=" " ind2=" ">
    <subfield code="a">lat</subfield>
  </datafield>
  <datafield tag="100" ind1="1" ind2=" ">
    <subfield code="a">Hofmann, Johann</subfield>
    <subfield code="e">VerfasserIn</subfield>
    <subfield code="0">(DE-588)1053464053</subfield>
    <subfield code="0">(DE-627)007771231</subfield>
    <subfield code="0">(DE-576)409169668</subfield>
    <subfield code="4">aut</subfield>
  </datafield>
  <datafield tag="245" ind1="1" ind2="0">
    <subfield code="a">Effigies Filij Dei Domini ac Salvatoris nostri Iesv Christi pendentis in cruce inter geminos latrones adumbrata, &amp; Illvstrissimis Celsissimisque Principibus ac Dominis, Dn. Iohanni Philippo, Dn. Friderico, Dn. Iohanni Wilhelmo, &amp; Dn. Friderico VVilhelmo, Dvcibus Saxoniæ ...</subfield>
    <subfield code="c">a Ioanne Hofmanno Heilingstad. Franco</subfield>
  </datafield>
  <datafield tag="246" ind1="3" ind2="0">
    <subfield code="a">Filii Iesu Jesu Illustrissimis Johanni Friederico Wilhelmo Ducibus Altenburgi Saxoniae</subfield>
  </datafield>
  <datafield tag="264" ind1=" " ind2="1">
    <subfield code="a">Altenbvrgi</subfield>
    <subfield code="b">per Iohann Meuschken</subfield>
    <subfield code="c">Anno MDCXIX.</subfield>
  </datafield>
  <datafield tag="300" ind1=" " ind2=" ">
    <subfield code="a">1 Bogen</subfield>
    <subfield code="c">Format: circa 38 x 29 cm. Satzspiegel: 32,3 x 23,8 cm</subfield>
  </datafield>
  <datafield tag="336" ind1=" " ind2=" ">
    <subfield code="a">Text</subfield>
    <subfield code="b">txt</subfield>
    <subfield code="2">rdacontent</subfield>
  </datafield>
  <datafield tag="337" ind1=" " ind2=" ">
    <subfield code="a">ohne Hilfsmittel zu benutzen</subfield>
    <subfield code="b">n</subfield>
    <subfield code="2">rdamedia</subfield>
  </datafield>
  <datafield tag="338" ind1=" " ind2=" ">
    <subfield code="a">Blatt</subfield>
    <subfield code="b">nb</subfield>
    <subfield code="2">rdacarrier</subfield>
  </datafield>
  <datafield tag="500" ind1=" " ind2=" ">
    <subfield code="a">Vorlageform der Veröffentlichungsangabe: Impresi. Altenbvrgi per Iohann Meuschken, Anno MDCXIX.</subfield>
  </datafield>
  <datafield tag="583" ind1="1" ind2=" ">
    <subfield code="a">Digitalisierung geplant</subfield>
    <subfield code="c">2020</subfield>
    <subfield code="2">pdager</subfield>
    <subfield code="5">DE-15</subfield>
  </datafield>
  <datafield tag="655" ind1=" " ind2="7">
    <subfield code="a">Einblattdruck</subfield>
    <subfield code="0">(DE-627)006573231</subfield>
    <subfield code="2">local</subfield>
  </datafield>
  <datafield tag="655" ind1=" " ind2="7">
    <subfield code="a">Gelegenheitsschrift</subfield>
    <subfield code="0">(DE-627)006573088</subfield>
    <subfield code="2">local</subfield>
  </datafield>
  <datafield tag="700" ind1="0" ind2=" ">
    <subfield code="a">Johann Philipp</subfield>
    <subfield code="c">Sachsen-Altenburg, Herzog</subfield>
    <subfield code="d">1597-1639</subfield>
    <subfield code="e">WidmungsempfängerIn</subfield>
    <subfield code="0">(DE-588)102109176</subfield>
    <subfield code="0">(DE-627)004103238</subfield>
    <subfield code="4">dte</subfield>
  </datafield>
  <datafield tag="700" ind1="0" ind2=" ">
    <subfield code="a">Friedrich</subfield>
    <subfield code="c">Sachsen-Altenburg, Herzog</subfield>
    <subfield code="d">1599-1625</subfield>
    <subfield code="e">WidmungsempfängerIn</subfield>
    <subfield code="0">(DE-588)128569840</subfield>
    <subfield code="0">(DE-627)005071658</subfield>
    <subfield code="0">(DE-576)297219391</subfield>
    <subfield code="4">dte</subfield>
  </datafield>
  <datafield tag="700" ind1="0" ind2=" ">
    <subfield code="a">Johann Wilhelm</subfield>
    <subfield code="b">II.</subfield>
    <subfield code="c">Sachsen-Weimar-Altenburg, Herzog</subfield>
    <subfield code="d">1600-1632</subfield>
    <subfield code="e">WidmungsempfängerIn</subfield>
    <subfield code="0">(DE-588)121908631</subfield>
    <subfield code="0">(DE-627)004534972</subfield>
    <subfield code="4">dte</subfield>
  </datafield>
  <datafield tag="700" ind1="0" ind2=" ">
    <subfield code="a">Friedrich Wilhelm</subfield>
    <subfield code="b">II.</subfield>
    <subfield code="c">Sachsen-Altenburg, Herzog</subfield>
    <subfield code="d">1603-1669</subfield>
    <subfield code="e">WidmungsempfängerIn</subfield>
    <subfield code="0">(DE-588)102109168</subfield>
    <subfield code="0">(DE-627)00410322X</subfield>
    <subfield code="4">dte</subfield>
  </datafield>
  <datafield tag="700" ind1="1" ind2=" ">
    <subfield code="a">Meuschke, Johann</subfield>
    <subfield code="e">DruckerIn</subfield>
    <subfield code="0">(DE-588)1037523865</subfield>
    <subfield code="0">(DE-627)007476442</subfield>
    <subfield code="4">prt</subfield>
  </datafield>
  <datafield tag="751" ind1=" " ind2=" ">
    <subfield code="a">Altenburg, Thüringen</subfield>
    <subfield code="0">(DE-588)4001409-5</subfield>
    <subfield code="0">(DE-627)006932924</subfield>
    <subfield code="4">pup</subfield>
  </datafield>
  <datafield tag="924" ind1="0" ind2=" ">
    <subfield code="a">008175616</subfield>
    <subfield code="b">DE-15</subfield>
    <subfield code="9">15</subfield>
    <subfield code="c">BSZ</subfield>
    <subfield code="d">c</subfield>
    <subfield code="g">01E-2020-1,99</subfield>
  </datafield>
  <datafield tag="951" ind1=" " ind2=" ">
    <subfield code="a">BO</subfield>
  </datafield>
</record></zs:recordData><zs:recordPosition>7</zs:recordPosition></zs:record><zs:record><zs:recordSchema>marcxml</zs:recordSchema><zs:recordXMLEscaping>xml</zs:recordXMLEscaping><zs:recordData><record xmlns="http://www.loc.gov/MARC21/slim">
  <leader>     cam a22        4500</leader>
  <controlfield tag="001">001135066</controlfield>
  <controlfield tag="003">DE-627-4</controlfield>
  <controlfield tag="005">20210608183450.0</controlfield>
  <controlfield tag="007">tu</controlfield>
  <controlfield tag="008">020901s1616    xx |||||      00| ||lat c</controlfield>
  <datafield tag="024" ind1="7" ind2=" ">
    <subfield code="a">1:008529A</subfield>
    <subfield code="2">vd17</subfield>
  </datafield>
  <datafield tag="026" ind1=" " ind2=" ">
    <subfield code="e">m,m- r.æ- sium tiVo 3 1616R</subfield>
    <subfield code="2">fei</subfield>
  </datafield>
  <datafield tag="035" ind1=" " ind2=" ">
    <subfield code="a">(DE-627-4)001135066</subfield>
  </datafield>
  <datafield tag="035" ind1=" " ind2=" ">
    <subfield code="a">(DE-599)KXP001135066</subfield>
  </datafield>
  <datafield tag="040" ind1=" " ind2=" ">
    <subfield code="a">DE-627</subfield>
    <subfield code="b">ger</subfield>
    <subfield code="c">DE-627</subfield>
    <subfield code="e">rakwb</subfield>
  </datafield>
  <datafield tag="041" ind1=" " ind2=" ">
    <subfield code="a">lat</subfield>
  </datafield>
  <datafield tag="100" ind1="1" ind2=" ">
    <subfield code="a">Cubach, Quirin</subfield>
    <subfield code="d">1589-1624</subfield>
    <subfield code="0">(DE-588)128607920</subfield>
    <subfield code="0">(DE-627)005089891</subfield>
    <subfield code="4">aut</subfield>
  </datafield>
  <datafield tag="245" ind1="1" ind2="8">
    <subfield code="a">Quirini Cubachii Roslaviensis Thuringi, Brocardicorum Dd. Liber generalis</subfield>
    <subfield code="b">Quo in Communiores diversae Dd. regulae ex probatiss. IC. collectae suis 1. LL. &amp; autoritatibus 2. probantur, intellectu 3. (sicubi opus) donantur, dubitationibus 4. &amp; limitationibus 5. declarantur, ac in Q. Q. 6. Illustrioribus earundem usus paucis demonstratur</subfield>
  </datafield>
  <datafield tag="264" ind1=" " ind2="1">
    <subfield code="a">Erffurti</subfield>
    <subfield code="b">Bircknerus</subfield>
    <subfield code="c">1616</subfield>
  </datafield>
  <datafield tag="264" ind1=" " ind2="1">
    <subfield code="a">Ienae</subfield>
    <subfield code="b">Weidnerus</subfield>
    <subfield code="c">1616</subfield>
  </datafield>
  <datafield tag="300" ind1=" " ind2=" ">
    <subfield code="a">[15] Bl., 505 [i.e. 509] S</subfield>
    <subfield code="c">8°</subfield>
  </datafield>
  <datafield tag="336" ind1=" " ind2=" ">
    <subfield code="a">nicht spezifiziert</subfield>
    <subfield code="b">zzz</subfield>
    <subfield code="2">rdacontent</subfield>
  </datafield>
  <datafield tag="337" ind1=" " ind2=" ">
    <subfield code="a">nicht spezifiziert</subfield>
    <subfield code="b">z</subfield>
    <subfield code="2">rdamedia</subfield>
  </datafield>
  <datafield tag="338" ind1=" " ind2=" ">
    <subfield code="a">nicht spezifiziert</subfield>
    <subfield code="b">zu</subfield>
    <subfield code="2">rdacarrier</subfield>
  </datafield>
  <datafield tag="500" ind1=" " ind2=" ">
    <subfield code="a">Schlüsselseiten aus dem Exemplar der SBB-PK Berlin: Fk 7050</subfield>
  </datafield>
  <datafield tag="500" ind1=" " ind2=" ">
    <subfield code="a">Fehlerhafte Paginierung: S. 65 [i.e. 95], 104 [i.e. 98], 931 [i.e. 139], 54 [i.e. 154], 158 [i.e. 178], 187 [i.e. 204], 312 [i.e. 213], 119 [i.e. 219], 221 [i.e. 222], 224 [i.e. 225], 232 - 505 [i.e. 234 - 509]</subfield>
  </datafield>
  <datafield tag="700" ind1="0" ind2=" ">
    <subfield code="a">Johann Philipp</subfield>
    <subfield code="c">Sachsen-Altenburg, Herzog</subfield>
    <subfield code="d">1597-1639</subfield>
    <subfield code="e">WidmungsempfängerIn</subfield>
    <subfield code="0">(DE-588)102109176</subfield>
    <subfield code="0">(DE-627)004103238</subfield>
    <subfield code="4">dte</subfield>
  </datafield>
  <datafield tag="700" ind1="0" ind2=" ">
    <subfield code="a">Friedrich</subfield>
    <subfield code="c">Sachsen-Altenburg, Herzog</subfield>
    <subfield code="d">1599-1625</subfield>
    <subfield code="e">WidmungsempfängerIn</subfield>
    <subfield code="0">(DE-588)128569840</subfield>
    <subfield code="0">(DE-627)005071658</subfield>
    <subfield code="0">(DE-576)297219391</subfield>
    <subfield code="4">dte</subfield>
  </datafield>
  <datafield tag="700" ind1="0" ind2=" ">
    <subfield code="a">Johann Wilhelm</subfield>
    <subfield code="b">II.</subfield>
    <subfield code="c">Sachsen-Weimar-Altenburg, Herzog</subfield>
    <subfield code="d">1600-1632</subfield>
    <subfield code="e">WidmungsempfängerIn</subfield>
    <subfield code="0">(DE-588)121908631</subfield>
    <subfield code="0">(DE-627)004534972</subfield>
    <subfield code="4">dte</subfield>
  </datafield>
  <datafield tag="700" ind1="0" ind2=" ">
    <subfield code="a">Friedrich Wilhelm</subfield>
    <subfield code="b">II.</subfield>
    <subfield code="c">Sachsen-Altenburg, Herzog</subfield>
    <subfield code="d">1603-1669</subfield>
    <subfield code="e">WidmungsempfängerIn</subfield>
    <subfield code="0">(DE-588)102109168</subfield>
    <subfield code="0">(DE-627)00410322X</subfield>
    <subfield code="4">dte</subfield>
  </datafield>
  <datafield tag="700" ind1="1" ind2=" ">
    <subfield code="a">Heider, Wolfgang</subfield>
    <subfield code="d">1558-1626</subfield>
    <subfield code="e">BeiträgerIn</subfield>
    <subfield code="0">(DE-588)122000188</subfield>
    <subfield code="0">(DE-627)004074459</subfield>
    <subfield code="4">ctb</subfield>
  </datafield>
  <datafield tag="700" ind1="1" ind2=" ">
    <subfield code="a">Leipold, Peter</subfield>
    <subfield code="d">1587-1636</subfield>
    <subfield code="e">BeiträgerIn</subfield>
    <subfield code="0">(DE-588)124279031</subfield>
    <subfield code="0">(DE-627)004058615</subfield>
    <subfield code="0">(DE-576)294099662</subfield>
    <subfield code="4">ctb</subfield>
  </datafield>
  <datafield tag="700" ind1="1" ind2=" ">
    <subfield code="a">Riemer, Valentin</subfield>
    <subfield code="d">1582-1635</subfield>
    <subfield code="e">BeiträgerIn</subfield>
    <subfield code="0">(DE-588)121846733</subfield>
    <subfield code="0">(DE-627)004074629</subfield>
    <subfield code="4">ctb</subfield>
  </datafield>
  <datafield tag="700" ind1="1" ind2=" ">
    <subfield code="a">Stöcker, Jakob</subfield>
    <subfield code="d">1572-1649</subfield>
    <subfield code="e">BeiträgerIn</subfield>
    <subfield code="0">(DE-588)124647383</subfield>
    <subfield code="0">(DE-627)004925998</subfield>
    <subfield code="4">ctb</subfield>
  </datafield>
  <datafield tag="700" ind1="1" ind2=" ">
    <subfield code="a">Hasius, Immanuel</subfield>
    <subfield code="d">1570-1621</subfield>
    <subfield code="e">BeiträgerIn</subfield>
    <subfield code="0">(DE-588)115680543</subfield>
    <subfield code="0">(DE-627)00420929X</subfield>
    <subfield code="4">ctb</subfield>
  </datafield>
  <datafield tag="700" ind1="1" ind2=" ">
    <subfield code="a">Rüling, Friedrich</subfield>
    <subfield code="d">1587-1635</subfield>
    <subfield code="e">BeiträgerIn</subfield>
    <subfield code="0">(DE-588)131632116</subfield>
    <subfield code="0">(DE-627)005800706</subfield>
    <subfield code="0">(DE-576)298637812</subfield>
    <subfield code="4">ctb</subfield>
  </datafield>
  <datafield tag="700" ind1="1" ind2=" ">
    <subfield code="a">Bennewitz, Philipp</subfield>
    <subfield code="e">BeiträgerIn</subfield>
    <subfield code="0">(DE-588)115779698</subfield>
    <subfield code="0">(DE-627)004215427</subfield>
    <subfield code="0">(DE-576)290072328</subfield>
    <subfield code="4">ctb</subfield>
  </datafield>
  <datafield tag="700" ind1="1" ind2=" ">
    <subfield code="a">Kirchovius, Albertus</subfield>
    <subfield code="e">BeiträgerIn</subfield>
    <subfield code="4">ctb</subfield>
  </datafield>
  <datafield tag="700" ind1="1" ind2=" ">
    <subfield code="a">Facius, Caspar</subfield>
    <subfield code="d">1573-1646</subfield>
    <subfield code="e">BeiträgerIn</subfield>
    <subfield code="0">(DE-588)124545203</subfield>
    <subfield code="0">(DE-627)004711467</subfield>
    <subfield code="4">ctb</subfield>
  </datafield>
  <datafield tag="700" ind1="1" ind2=" ">
    <subfield code="a">Sagittarius, Thomas</subfield>
    <subfield code="d">1577-1621</subfield>
    <subfield code="e">BeiträgerIn</subfield>
    <subfield code="0">(DE-588)116743662</subfield>
    <subfield code="0">(DE-627)004248953</subfield>
    <subfield code="4">ctb</subfield>
  </datafield>
  <datafield tag="700" ind1="1" ind2=" ">
    <subfield code="a">Birckner, Johann</subfield>
    <subfield code="d">1587-1658</subfield>
    <subfield code="0">(DE-588)120394200</subfield>
    <subfield code="0">(DE-627)004373987</subfield>
    <subfield code="4">prt</subfield>
  </datafield>
  <datafield tag="700" ind1="1" ind2=" ">
    <subfield code="a">Weidner, Johann</subfield>
    <subfield code="d">1572-1625</subfield>
    <subfield code="0">(DE-588)141335130</subfield>
    <subfield code="0">(DE-627)00666718X</subfield>
    <subfield code="4">prt</subfield>
  </datafield>
  <datafield tag="751" ind1=" " ind2=" ">
    <subfield code="a">Erfurt</subfield>
    <subfield code="4">pup</subfield>
  </datafield>
  <datafield tag="751" ind1=" " ind2=" ">
    <subfield code="a">Jena</subfield>
    <subfield code="4">pup</subfield>
  </datafield>
  <datafield tag="856" ind1="4" ind2="1">
    <subfield code="u">https://nbn-resolving.org/urn:nbn:de:urmel-dfg-a3b35384-048f-4b64-8a6e-55f573ae7c3452</subfield>
    <subfield code="t">// 2012 digitalisiert von: Thüringer Universitäts- und Landesbibliothek Jena. Exemplar mit der Signatur: 8 Bud.Jus civ.112(1)</subfield>
    <subfield code="x">Digitalisierung</subfield>
    <subfield code="z">kostenfrei</subfield>
    <subfield code="3">Volltext</subfield>
  </datafield>
  <datafield tag="856" ind1="4" ind2="1">
    <subfield code="u">http://mdz-nbn-resolving.de/urn:nbn:de:bvb:12-bsb10566580-0</subfield>
    <subfield code="t">// 2010 digitalisiert von: Bayerische Staatsbibliothek. Exemplar mit der Signatur: München, Bayerische Staatsbibliothek -- J.rom.m. 138</subfield>
    <subfield code="x">Digitalisierung</subfield>
    <subfield code="z">VD17-Nummer 2019 maschinell ergänzt</subfield>
    <subfield code="z">kostenfrei</subfield>
    <subfield code="3">Volltext</subfield>
  </datafield>
  <datafield tag="856" ind1="4" ind2="1">
    <subfield code="u">http://mdz-nbn-resolving.de/urn:nbn:de:bvb:12-bsb10471800-9</subfield>
    <subfield code="t">// 2010 digitalisiert von: Bayerische Staatsbibliothek. Exemplar mit der Signatur: München, Bayerische Staatsbibliothek -- Path. 425#Beibd.1</subfield>
    <subfield code="x">Digitalisierung</subfield>
    <subfield code="z">VD17-Nummer 2019 maschinell ergänzt</subfield>
    <subfield code="z">kostenfrei</subfield>
    <subfield code="3">Volltext</subfield>
  </datafield>
  <datafield tag="924" ind1="0" ind2=" ">
    <subfield code="a">000514330</subfield>
    <subfield code="b">DE-1a</subfield>
    <subfield code="9">1a</subfield>
    <subfield code="c">GBV</subfield>
    <subfield code="d">b</subfield>
    <subfield code="g">Fk 7050</subfield>
    <subfield code="h">6</subfield>
  </datafield>
  <datafield tag="924" ind1="0" ind2=" ">
    <subfield code="a">006821278</subfield>
    <subfield code="b">DE-18</subfield>
    <subfield code="9">18</subfield>
    <subfield code="c">GBV</subfield>
    <subfield code="g">A/37672</subfield>
    <subfield code="h">SUB-Hs</subfield>
  </datafield>
  <datafield tag="924" ind1="0" ind2=" ">
    <subfield code="a">006931278</subfield>
    <subfield code="b">DE-27</subfield>
    <subfield code="9">27</subfield>
    <subfield code="c">GBV</subfield>
    <subfield code="d">d</subfield>
    <subfield code="g">8 Bud.Jus civ.112(1)</subfield>
    <subfield code="h">HZ</subfield>
  </datafield>
  <datafield tag="924" ind1="0" ind2=" ">
    <subfield code="a">002570874</subfield>
    <subfield code="b">DE-547</subfield>
    <subfield code="9">547</subfield>
    <subfield code="c">GBV</subfield>
    <subfield code="d">b</subfield>
    <subfield code="g">Jur 8° 00261/03 (01)</subfield>
    <subfield code="g">Forschungsbibliothek Gotha</subfield>
    <subfield code="h">FBG MAG</subfield>
  </datafield>
  <datafield tag="924" ind1="0" ind2=" ">
    <subfield code="a">004238419</subfield>
    <subfield code="b">DE-547</subfield>
    <subfield code="9">547</subfield>
    <subfield code="c">GBV</subfield>
    <subfield code="d">b</subfield>
    <subfield code="g">J 8° 01486</subfield>
    <subfield code="g">Forschungsbibliothek Gotha</subfield>
    <subfield code="h">FBG MAG</subfield>
  </datafield>
  <datafield tag="924" ind1="0" ind2=" ">
    <subfield code="a">006280714</subfield>
    <subfield code="b">DE-547</subfield>
    <subfield code="9">547</subfield>
    <subfield code="c">GBV</subfield>
    <subfield code="d">b</subfield>
    <subfield code="g">04 - R. 8° 00101igl (02)</subfield>
    <subfield code="g">xke 04 - R. 8° 00101igl</subfield>
    <subfield code="h">SMAG</subfield>
  </datafield>
  <datafield tag="924" ind1="0" ind2=" ">
    <subfield code="a">006566928</subfield>
    <subfield code="b">DE-7</subfield>
    <subfield code="9">7</subfield>
    <subfield code="c">GBV</subfield>
    <subfield code="g">8 J PRAEC 7565/m</subfield>
    <subfield code="h">HG-MAG</subfield>
  </datafield>
  <datafield tag="924" ind1="0" ind2=" ">
    <subfield code="a">001847325</subfield>
    <subfield code="b">DE-23</subfield>
    <subfield code="9">23</subfield>
    <subfield code="c">GBV</subfield>
    <subfield code="g">149.36 Jur. (1)</subfield>
  </datafield>
  <datafield tag="924" ind1="0" ind2=" ">
    <subfield code="a">00184735X</subfield>
    <subfield code="b">DE-23</subfield>
    <subfield code="9">23</subfield>
    <subfield code="c">GBV</subfield>
    <subfield code="g">150.21 Jur. (3)</subfield>
  </datafield>
  <datafield tag="924" ind1="0" ind2=" ">
    <subfield code="a">001710583</subfield>
    <subfield code="b">DE-3</subfield>
    <subfield code="9">3</subfield>
    <subfield code="c">GBV</subfield>
    <subfield code="g">Kc 424</subfield>
  </datafield>
  <datafield tag="924" ind1="0" ind2=" ">
    <subfield code="a">008001634</subfield>
    <subfield code="b">DE-35</subfield>
    <subfield code="9">35</subfield>
    <subfield code="c">GBV</subfield>
    <subfield code="g">R-A 16</subfield>
    <subfield code="h">ZEN</subfield>
  </datafield>
  <datafield tag="924" ind1="0" ind2=" ">
    <subfield code="a">005772834</subfield>
    <subfield code="b">DE-14</subfield>
    <subfield code="9">14</subfield>
    <subfield code="c">BSZ</subfield>
    <subfield code="d">c</subfield>
    <subfield code="g">Tract.jur.civ.1621,misc.1</subfield>
  </datafield>
  <datafield tag="924" ind1="0" ind2=" ">
    <subfield code="a">007189222</subfield>
    <subfield code="b">DE-15</subfield>
    <subfield code="9">15</subfield>
    <subfield code="c">BSZ</subfield>
    <subfield code="d">c</subfield>
    <subfield code="g">TB 673/2</subfield>
  </datafield>
  <datafield tag="924" ind1="0" ind2=" ">
    <subfield code="a">008070903</subfield>
    <subfield code="b">DE-15</subfield>
    <subfield code="9">15</subfield>
    <subfield code="c">BSZ</subfield>
    <subfield code="d">c</subfield>
    <subfield code="g">Praec.jur.252</subfield>
  </datafield>
  <datafield tag="951" ind1=" " ind2=" ">
    <subfield code="a">BO</subfield>
  </datafield>
</record></zs:recordData><zs:recordPosition>8</zs:recordPosition></zs:record><zs:record><zs:recordSchema>marcxml</zs:recordSchema><zs:recordXMLEscaping>xml</zs:recordXMLEscaping><zs:recordData><record xmlns="http://www.loc.gov/MARC21/slim">
  <leader>     cam a22        4500</leader>
  <controlfield tag="001">000325317</controlfield>
  <controlfield tag="003">DE-627-4</controlfield>
  <controlfield tag="005">20200310210258.0</controlfield>
  <controlfield tag="007">tu</controlfield>
  <controlfield tag="008">020901s1615    xx |||||      00| ||lat c</controlfield>
  <datafield tag="024" ind1="7" ind2=" ">
    <subfield code="a">39:136386K</subfield>
    <subfield code="2">vd17</subfield>
  </datafield>
  <datafield tag="026" ind1=" " ind2=" ">
    <subfield code="e">t.os s.oq r,es s,s! C 1615R</subfield>
    <subfield code="2">fei</subfield>
  </datafield>
  <datafield tag="035" ind1=" " ind2=" ">
    <subfield code="a">(DE-627-4)000325317</subfield>
  </datafield>
  <datafield tag="035" ind1=" " ind2=" ">
    <subfield code="a">(DE-599)KXP000325317</subfield>
  </datafield>
  <datafield tag="040" ind1=" " ind2=" ">
    <subfield code="a">DE-627</subfield>
    <subfield code="b">ger</subfield>
    <subfield code="c">DE-627</subfield>
    <subfield code="e">rakwb</subfield>
  </datafield>
  <datafield tag="041" ind1=" " ind2=" ">
    <subfield code="a">lat</subfield>
  </datafield>
  <datafield tag="100" ind1="1" ind2=" ">
    <subfield code="a">Facius, Caspar</subfield>
    <subfield code="d">1573-1646</subfield>
    <subfield code="0">(DE-588)124545203</subfield>
    <subfield code="0">(DE-627)004711467</subfield>
    <subfield code="4">aut</subfield>
  </datafield>
  <datafield tag="245" ind1="1" ind2="0">
    <subfield code="a">Natali concurrenti Illustrissimorum Ac Generosissimorum Principum ac Dominorum, Dn: Friderici &amp; Dn: Friderici Wilhelmi, Ducum Saxoniae ... Illius XVII. Huius XIII. Feliciter auspicanti XII. Februarii, Anno MDCXV. Ill. ips. Generos. devotiß. Praeceptor. Caspar Facius Hoc devovi</subfield>
  </datafield>
  <datafield tag="246" ind1="3" ind2="0">
    <subfield code="a">17 13</subfield>
  </datafield>
  <datafield tag="264" ind1=" " ind2="1">
    <subfield code="a">Altenburgi</subfield>
    <subfield code="b">In Officina Illustri</subfield>
    <subfield code="c">1615</subfield>
  </datafield>
  <datafield tag="300" ind1=" " ind2=" ">
    <subfield code="a">[2] Bl</subfield>
    <subfield code="b">Tbl. r&amp;s</subfield>
    <subfield code="c">4°</subfield>
  </datafield>
  <datafield tag="336" ind1=" " ind2=" ">
    <subfield code="a">nicht spezifiziert</subfield>
    <subfield code="b">zzz</subfield>
    <subfield code="2">rdacontent</subfield>
  </datafield>
  <datafield tag="337" ind1=" " ind2=" ">
    <subfield code="a">nicht spezifiziert</subfield>
    <subfield code="b">z</subfield>
    <subfield code="2">rdamedia</subfield>
  </datafield>
  <datafield tag="338" ind1=" " ind2=" ">
    <subfield code="a">nicht spezifiziert</subfield>
    <subfield code="b">zu</subfield>
    <subfield code="2">rdacarrier</subfield>
  </datafield>
  <datafield tag="500" ind1=" " ind2=" ">
    <subfield code="a">Schlüsselseiten aus dem Exemplar der FB Gotha: Theol 4° 00935/01 (08)</subfield>
  </datafield>
  <datafield tag="655" ind1=" " ind2="7">
    <subfield code="a">Gelegenheitsschrift:Geburtstag</subfield>
    <subfield code="0">(DE-627)006572995</subfield>
    <subfield code="2">local</subfield>
  </datafield>
  <datafield tag="655" ind1=" " ind2="7">
    <subfield code="a">Lyrik</subfield>
    <subfield code="0">(DE-627)006572545</subfield>
    <subfield code="2">local</subfield>
  </datafield>
  <datafield tag="700" ind1="0" ind2=" ">
    <subfield code="a">Friedrich</subfield>
    <subfield code="c">Sachsen-Altenburg, Herzog</subfield>
    <subfield code="d">1599-1625</subfield>
    <subfield code="0">(DE-588)128569840</subfield>
    <subfield code="0">(DE-627)005071658</subfield>
    <subfield code="0">(DE-576)297219391</subfield>
    <subfield code="4">oth</subfield>
  </datafield>
  <datafield tag="700" ind1="0" ind2=" ">
    <subfield code="a">Friedrich Wilhelm</subfield>
    <subfield code="b">II.</subfield>
    <subfield code="c">Sachsen-Altenburg, Herzog</subfield>
    <subfield code="d">1603-1669</subfield>
    <subfield code="0">(DE-588)102109168</subfield>
    <subfield code="0">(DE-627)00410322X</subfield>
    <subfield code="4">oth</subfield>
  </datafield>
  <datafield tag="710" ind1="2" ind2=" ">
    <subfield code="a">Fürstliche Druckerei zu Altenburg</subfield>
    <subfield code="0">(DE-588)6146115-5</subfield>
    <subfield code="0">(DE-627)007398093</subfield>
    <subfield code="4">prt</subfield>
  </datafield>
  <datafield tag="751" ind1=" " ind2=" ">
    <subfield code="a">Altenburg</subfield>
    <subfield code="4">pup</subfield>
  </datafield>
  <datafield tag="856" ind1="4" ind2="1">
    <subfield code="u">https://nbn-resolving.org/urn:nbn:de:urmel-39c6de01-b576-4724-98f7-17d2763fcf958</subfield>
    <subfield code="t">// 2012 digitalisiert von: UFB Erfurt/Gotha. Exemplar mit der Signatur: Theol 4° 00935/01 (08)</subfield>
    <subfield code="x">Digitalisierung</subfield>
    <subfield code="z">kostenfrei</subfield>
    <subfield code="3">Volltext</subfield>
  </datafield>
  <datafield tag="924" ind1="0" ind2=" ">
    <subfield code="a">002352206</subfield>
    <subfield code="b">DE-547</subfield>
    <subfield code="9">547</subfield>
    <subfield code="c">GBV</subfield>
    <subfield code="d">b</subfield>
    <subfield code="g">Theol 4° 00935/01 (08)</subfield>
    <subfield code="g">Forschungsbibliothek Gotha</subfield>
    <subfield code="h">FBG MAG</subfield>
  </datafield>
  <datafield tag="951" ind1=" " ind2=" ">
    <subfield code="a">BO</subfield>
  </datafield>
</record></zs:recordData><zs:recordPosition>9</zs:recordPosition></zs:record><zs:record><zs:recordSchema>marcxml</zs:recordSchema><zs:recordXMLEscaping>xml</zs:recordXMLEscaping><zs:recordData><record xmlns="http://www.loc.gov/MARC21/slim">
  <leader>     cam a22        4500</leader>
  <controlfield tag="001">008784868</controlfield>
  <controlfield tag="003">DE-627-4</controlfield>
  <controlfield tag="005">20200609073857.0</controlfield>
  <controlfield tag="007">tu</controlfield>
  <controlfield tag="008">200116s1612    xx |||||      00| ||lat c</controlfield>
  <datafield tag="024" ind1="7" ind2=" ">
    <subfield code="a">15:748301U</subfield>
    <subfield code="2">vd17</subfield>
  </datafield>
  <datafield tag="026" ind1=" " ind2=" ">
    <subfield code="e">r.NO A,r: e,i. s,nt S 1612C</subfield>
    <subfield code="2">fei</subfield>
  </datafield>
  <datafield tag="035" ind1=" " ind2=" ">
    <subfield code="a">(DE-627-4)008784868</subfield>
  </datafield>
  <datafield tag="035" ind1=" " ind2=" ">
    <subfield code="a">(DE-599)KXP008784868</subfield>
  </datafield>
  <datafield tag="040" ind1=" " ind2=" ">
    <subfield code="a">DE-627</subfield>
    <subfield code="b">ger</subfield>
    <subfield code="c">DE-627</subfield>
    <subfield code="e">rda</subfield>
  </datafield>
  <datafield tag="041" ind1=" " ind2=" ">
    <subfield code="a">lat</subfield>
  </datafield>
  <datafield tag="100" ind1="1" ind2=" ">
    <subfield code="a">Suarinus, Abraham</subfield>
    <subfield code="d">1563-1615</subfield>
    <subfield code="e">VerfasserIn</subfield>
    <subfield code="0">(DE-588)124682669</subfield>
    <subfield code="0">(DE-627)004703596</subfield>
    <subfield code="4">aut</subfield>
  </datafield>
  <datafield tag="245" ind1="1" ind2="0">
    <subfield code="a">Votiva Acclamatio, Qua Illustrissimis Et Celsissimis Principibvs Ac Dominis, Dn. Johanni Philippo, Dn. Friderico, Dn. Johanni Wilhelmo, Dn. Friderico Wilhelmo, Illvstrissimi Proelectoris Saxoniæ Friderici Wilhelmi ... In Academiam Lipsensem Studiorum caussa abiturientibus, ...</subfield>
    <subfield code="c">Abrahamus Svarinus SS. Th. D. Pastor &amp; Superintendens Altenburgensis.</subfield>
  </datafield>
  <datafield tag="246" ind1="3" ind2="0">
    <subfield code="a">Principibus Friederico Illustrissimi causa Altenburgi Suarinus Saxoniae</subfield>
  </datafield>
  <datafield tag="264" ind1=" " ind2="1">
    <subfield code="a">Altenbvrgi in Misnia</subfield>
    <subfield code="b">[Verlag nicht ermittelbar]</subfield>
    <subfield code="c">[1612]</subfield>
  </datafield>
  <datafield tag="300" ind1=" " ind2=" ">
    <subfield code="a">1 Bogen</subfield>
    <subfield code="c">Format: circa 38 x 30 cm. Satzspiegel: 37,2 x 29,5 cm</subfield>
  </datafield>
  <datafield tag="336" ind1=" " ind2=" ">
    <subfield code="a">Text</subfield>
    <subfield code="b">txt</subfield>
    <subfield code="2">rdacontent</subfield>
  </datafield>
  <datafield tag="337" ind1=" " ind2=" ">
    <subfield code="a">ohne Hilfsmittel zu benutzen</subfield>
    <subfield code="b">n</subfield>
    <subfield code="2">rdamedia</subfield>
  </datafield>
  <datafield tag="338" ind1=" " ind2=" ">
    <subfield code="a">Blatt</subfield>
    <subfield code="b">nb</subfield>
    <subfield code="2">rdacarrier</subfield>
  </datafield>
  <datafield tag="500" ind1=" " ind2=" ">
    <subfield code="a">Vorlageform der Veröffentlichungsangabe: Altenbvrgi in Misnia, Anno ...</subfield>
  </datafield>
  <datafield tag="500" ind1=" " ind2=" ">
    <subfield code="a">Erscheinungsjahr nach einem Chronogramm</subfield>
  </datafield>
  <datafield tag="583" ind1="1" ind2=" ">
    <subfield code="a">Digitalisierung geplant</subfield>
    <subfield code="c">2020</subfield>
    <subfield code="2">pdager</subfield>
    <subfield code="5">DE-15</subfield>
  </datafield>
  <datafield tag="655" ind1=" " ind2="7">
    <subfield code="a">Einblattdruck</subfield>
    <subfield code="0">(DE-627)006573231</subfield>
    <subfield code="2">local</subfield>
  </datafield>
  <datafield tag="655" ind1=" " ind2="7">
    <subfield code="a">Gelegenheitsschrift</subfield>
    <subfield code="0">(DE-627)006573088</subfield>
    <subfield code="2">local</subfield>
  </datafield>
  <datafield tag="700" ind1="0" ind2=" ">
    <subfield code="a">Johann Philipp</subfield>
    <subfield code="c">Sachsen-Altenburg, Herzog</subfield>
    <subfield code="d">1597-1639</subfield>
    <subfield code="e">WidmungsempfängerIn</subfield>
    <subfield code="0">(DE-588)102109176</subfield>
    <subfield code="0">(DE-627)004103238</subfield>
    <subfield code="4">dte</subfield>
  </datafield>
  <datafield tag="700" ind1="0" ind2=" ">
    <subfield code="a">Friedrich</subfield>
    <subfield code="c">Sachsen-Altenburg, Herzog</subfield>
    <subfield code="d">1599-1625</subfield>
    <subfield code="e">WidmungsempfängerIn</subfield>
    <subfield code="0">(DE-588)128569840</subfield>
    <subfield code="0">(DE-627)005071658</subfield>
    <subfield code="0">(DE-576)297219391</subfield>
    <subfield code="4">dte</subfield>
  </datafield>
  <datafield tag="700" ind1="0" ind2=" ">
    <subfield code="a">Johann Wilhelm</subfield>
    <subfield code="b">II.</subfield>
    <subfield code="c">Sachsen-Weimar-Altenburg, Herzog</subfield>
    <subfield code="d">1600-1632</subfield>
    <subfield code="e">WidmungsempfängerIn</subfield>
    <subfield code="0">(DE-588)121908631</subfield>
    <subfield code="0">(DE-627)004534972</subfield>
    <subfield code="4">dte</subfield>
  </datafield>
  <datafield tag="700" ind1="0" ind2=" ">
    <subfield code="a">Friedrich Wilhelm</subfield>
    <subfield code="b">II.</subfield>
    <subfield code="c">Sachsen-Altenburg, Herzog</subfield>
    <subfield code="d">1603-1669</subfield>
    <subfield code="e">WidmungsempfängerIn</subfield>
    <subfield code="0">(DE-588)102109168</subfield>
    <subfield code="0">(DE-627)00410322X</subfield>
    <subfield code="4">dte</subfield>
  </datafield>
  <datafield tag="751" ind1=" " ind2=" ">
    <subfield code="a">Altenburg, Thüringen</subfield>
    <subfield code="0">(DE-588)4001409-5</subfield>
    <subfield code="0">(DE-627)006932924</subfield>
    <subfield code="4">pup</subfield>
  </datafield>
  <datafield tag="924" ind1="0" ind2=" ">
    <subfield code="a">008175179</subfield>
    <subfield code="b">DE-15</subfield>
    <subfield code="9">15</subfield>
    <subfield code="c">BSZ</subfield>
    <subfield code="d">c</subfield>
    <subfield code="g">01E-2020-1,84</subfield>
  </datafield>
  <datafield tag="951" ind1=" " ind2=" ">
    <subfield code="a">BO</subfield>
  </datafield>
</record></zs:recordData><zs:recordPosition>10</zs:recordPosition></zs:record><zs:record><zs:recordSchema>marcxml</zs:recordSchema><zs:recordXMLEscaping>xml</zs:recordXMLEscaping><zs:recordData><record xmlns="http://www.loc.gov/MARC21/slim">
  <leader>     cam a22        4500</leader>
  <controlfield tag="001">007957572</controlfield>
  <controlfield tag="003">DE-627-4</controlfield>
  <controlfield tag="005">20210531102145.0</controlfield>
  <controlfield tag="007">tu</controlfield>
  <controlfield tag="008">150302s1612    xx |||||      00| ||lat c</controlfield>
  <datafield tag="024" ind1="7" ind2=" ">
    <subfield code="a">27:736674S</subfield>
    <subfield code="2">vd17</subfield>
  </datafield>
  <datafield tag="026" ind1=" " ind2=" ">
    <subfield code="e">a-em t.t, s.e, InSa 3 1512C</subfield>
    <subfield code="2">fei</subfield>
  </datafield>
  <datafield tag="035" ind1=" " ind2=" ">
    <subfield code="a">(DE-627-4)007957572</subfield>
  </datafield>
  <datafield tag="035" ind1=" " ind2=" ">
    <subfield code="a">(DE-599)KXP007957572</subfield>
  </datafield>
  <datafield tag="040" ind1=" " ind2=" ">
    <subfield code="a">DE-627</subfield>
    <subfield code="b">ger</subfield>
    <subfield code="c">DE-627</subfield>
    <subfield code="e">rakwb</subfield>
  </datafield>
  <datafield tag="041" ind1=" " ind2=" ">
    <subfield code="a">lat</subfield>
  </datafield>
  <datafield tag="100" ind1="1" ind2=" ">
    <subfield code="a">Forster, Elias</subfield>
    <subfield code="d">1567-1625</subfield>
    <subfield code="0">(DE-588)104139714</subfield>
    <subfield code="0">(DE-627)004133641</subfield>
    <subfield code="4">aut</subfield>
  </datafield>
  <datafield tag="245" ind1="1" ind2="0">
    <subfield code="a">Propemptica Et Gratulationes, Scriptae Illustrissimis PPPP. ac DDDD. Dn Joanni Philippo, Dn. Friderico, Dn. Joanni Guilielmo, &amp; Dn. Friderico Guilielmo, Fratribus, Ducibus Saxoniae, Iuliae, Cliviae ac Montium, ... Dum auspicato iussu &amp; Clementißimo mandato ... Dn. Johannis Georgii, Saxoniae, Iuliae ... Ducis, ...</subfield>
    <subfield code="b">In celeberrimam Lipsensem Academiam studiorum gratia, ... deducetentur, 18. Maii Anno M DC XII.</subfield>
    <subfield code="c">a ... Dn. Helia Forstero, IC. Cancellario, ac Dn. Georgio a Vippach, in Obernitz/ &amp;c. Consiliario, ...</subfield>
  </datafield>
  <datafield tag="246" ind1="3" ind2="0">
    <subfield code="a">Gratvlationes Illvstrissimis Ioanni Gvilielmo Dvcibus Ivliae jussu</subfield>
  </datafield>
  <datafield tag="264" ind1=" " ind2="1">
    <subfield code="a">Altenburgi in Misnia</subfield>
    <subfield code="c">1612</subfield>
  </datafield>
  <datafield tag="300" ind1=" " ind2=" ">
    <subfield code="a">40 S</subfield>
    <subfield code="c">4°</subfield>
  </datafield>
  <datafield tag="336" ind1=" " ind2=" ">
    <subfield code="a">nicht spezifiziert</subfield>
    <subfield code="b">zzz</subfield>
    <subfield code="2">rdacontent</subfield>
  </datafield>
  <datafield tag="337" ind1=" " ind2=" ">
    <subfield code="a">nicht spezifiziert</subfield>
    <subfield code="b">z</subfield>
    <subfield code="2">rdamedia</subfield>
  </datafield>
  <datafield tag="338" ind1=" " ind2=" ">
    <subfield code="a">nicht spezifiziert</subfield>
    <subfield code="b">zu</subfield>
    <subfield code="2">rdacarrier</subfield>
  </datafield>
  <datafield tag="500" ind1=" " ind2=" ">
    <subfield code="a">Erscheinungsjahr nach einem Chronogramm</subfield>
  </datafield>
  <datafield tag="655" ind1=" " ind2="7">
    <subfield code="a">Gelegenheitsschrift</subfield>
    <subfield code="0">(DE-627)006573088</subfield>
    <subfield code="2">local</subfield>
  </datafield>
  <datafield tag="655" ind1=" " ind2="7">
    <subfield code="a">Lyrik</subfield>
    <subfield code="0">(DE-627)006572545</subfield>
    <subfield code="2">local</subfield>
  </datafield>
  <datafield tag="700" ind1="1" ind2=" ">
    <subfield code="a">Vippach, Georg von</subfield>
    <subfield code="d">1554-1625</subfield>
    <subfield code="0">(DE-588)1052490263</subfield>
    <subfield code="0">(DE-627)007723466</subfield>
    <subfield code="4">aut</subfield>
  </datafield>
  <datafield tag="700" ind1="0" ind2=" ">
    <subfield code="a">Johann Philipp</subfield>
    <subfield code="c">Sachsen-Altenburg, Herzog</subfield>
    <subfield code="d">1597-1639</subfield>
    <subfield code="0">(DE-588)102109176</subfield>
    <subfield code="0">(DE-627)004103238</subfield>
    <subfield code="4">oth</subfield>
  </datafield>
  <datafield tag="700" ind1="0" ind2=" ">
    <subfield code="a">Friedrich</subfield>
    <subfield code="c">Sachsen-Altenburg, Herzog</subfield>
    <subfield code="d">1599-1625</subfield>
    <subfield code="0">(DE-588)128569840</subfield>
    <subfield code="0">(DE-627)005071658</subfield>
    <subfield code="0">(DE-576)297219391</subfield>
    <subfield code="4">oth</subfield>
  </datafield>
  <datafield tag="700" ind1="0" ind2=" ">
    <subfield code="a">Johann Wilhelm</subfield>
    <subfield code="b">II.</subfield>
    <subfield code="c">Sachsen-Weimar-Altenburg, Herzog</subfield>
    <subfield code="d">1600-1632</subfield>
    <subfield code="0">(DE-588)121908631</subfield>
    <subfield code="0">(DE-627)004534972</subfield>
    <subfield code="4">oth</subfield>
  </datafield>
  <datafield tag="700" ind1="0" ind2=" ">
    <subfield code="a">Friedrich Wilhelm</subfield>
    <subfield code="b">II.</subfield>
    <subfield code="c">Sachsen-Altenburg, Herzog</subfield>
    <subfield code="d">1603-1669</subfield>
    <subfield code="0">(DE-588)102109168</subfield>
    <subfield code="0">(DE-627)00410322X</subfield>
    <subfield code="4">oth</subfield>
  </datafield>
  <datafield tag="700" ind1="0" ind2=" ">
    <subfield code="a">Johannes Georgius</subfield>
    <subfield code="c">Saxonia, Dux</subfield>
    <subfield code="4">oth</subfield>
  </datafield>
  <datafield tag="700" ind1="1" ind2=" ">
    <subfield code="a">Suarinus, Abrahamus</subfield>
    <subfield code="e">BeiträgerIn</subfield>
    <subfield code="4">ctb</subfield>
  </datafield>
  <datafield tag="700" ind1="1" ind2=" ">
    <subfield code="a">Bavarus, Cunradus</subfield>
    <subfield code="e">BeiträgerIn</subfield>
    <subfield code="4">ctb</subfield>
  </datafield>
  <datafield tag="700" ind1="1" ind2=" ">
    <subfield code="a">Freund, Ottho</subfield>
    <subfield code="e">BeiträgerIn</subfield>
    <subfield code="4">ctb</subfield>
  </datafield>
  <datafield tag="700" ind1="1" ind2=" ">
    <subfield code="a">Burcartus, Johannes</subfield>
    <subfield code="e">BeiträgerIn</subfield>
    <subfield code="4">ctb</subfield>
  </datafield>
  <datafield tag="700" ind1="1" ind2=" ">
    <subfield code="a">Grunerus, Victorinus</subfield>
    <subfield code="e">BeiträgerIn</subfield>
    <subfield code="4">ctb</subfield>
  </datafield>
  <datafield tag="700" ind1="1" ind2=" ">
    <subfield code="a">Sitzman, Theod.</subfield>
    <subfield code="e">BeiträgerIn</subfield>
    <subfield code="4">ctb</subfield>
  </datafield>
  <datafield tag="700" ind1="1" ind2=" ">
    <subfield code="a">Schnabelius, David</subfield>
    <subfield code="e">BeiträgerIn</subfield>
    <subfield code="4">ctb</subfield>
  </datafield>
  <datafield tag="700" ind1="1" ind2=" ">
    <subfield code="a">Dreslerus, Elias</subfield>
    <subfield code="e">BeiträgerIn</subfield>
    <subfield code="4">ctb</subfield>
  </datafield>
  <datafield tag="700" ind1="1" ind2=" ">
    <subfield code="a">Keil, Sebastianus</subfield>
    <subfield code="e">BeiträgerIn</subfield>
    <subfield code="4">ctb</subfield>
  </datafield>
  <datafield tag="700" ind1="1" ind2=" ">
    <subfield code="a">Rostius, Nicolaus</subfield>
    <subfield code="c">iunior</subfield>
    <subfield code="e">BeiträgerIn</subfield>
    <subfield code="4">ctb</subfield>
  </datafield>
  <datafield tag="700" ind1="1" ind2=" ">
    <subfield code="a">Rhytmandrus, Matthaeus</subfield>
    <subfield code="e">BeiträgerIn</subfield>
    <subfield code="4">ctb</subfield>
  </datafield>
  <datafield tag="700" ind1="1" ind2=" ">
    <subfield code="a">Guilibertus, Georgius</subfield>
    <subfield code="e">BeiträgerIn</subfield>
    <subfield code="4">ctb</subfield>
  </datafield>
  <datafield tag="700" ind1="1" ind2=" ">
    <subfield code="a">Widebach, Hans Dieterich von</subfield>
    <subfield code="e">BeiträgerIn</subfield>
    <subfield code="4">ctb</subfield>
  </datafield>
  <datafield tag="751" ind1=" " ind2=" ">
    <subfield code="a">Altenburg</subfield>
    <subfield code="4">pup</subfield>
  </datafield>
  <datafield tag="856" ind1="4" ind2="1">
    <subfield code="u">https://nbn-resolving.org/urn:nbn:de:urmel-dfg-c7b09afc-c2c7-4b25-9808-41cae3d391c601</subfield>
    <subfield code="t">// 2015 digitalisiert von: Thüringer Universitäts- und Landesbibliothek Jena. Exemplar mit der Signatur: 2005 A 2360(6a)</subfield>
    <subfield code="x">Digitalisierung</subfield>
    <subfield code="z">kostenfrei</subfield>
    <subfield code="3">Volltext</subfield>
  </datafield>
  <datafield tag="924" ind1="0" ind2=" ">
    <subfield code="a">007581718</subfield>
    <subfield code="b">DE-27</subfield>
    <subfield code="9">27</subfield>
    <subfield code="c">GBV</subfield>
    <subfield code="d">d</subfield>
    <subfield code="g">2005 A 2360(6a)</subfield>
    <subfield code="h">HZ</subfield>
  </datafield>
  <datafield tag="951" ind1=" " ind2=" ">
    <subfield code="a">BO</subfield>
  </datafield>
</record></zs:recordData><zs:recordPosition>11</zs:recordPosition></zs:record><zs:record><zs:recordSchema>marcxml</zs:recordSchema><zs:recordXMLEscaping>xml</zs:recordXMLEscaping><zs:recordData><record xmlns="http://www.loc.gov/MARC21/slim">
  <leader>     cam a22        4500</leader>
  <controlfield tag="001">008784841</controlfield>
  <controlfield tag="003">DE-627-4</controlfield>
  <controlfield tag="005">20200609073822.0</controlfield>
  <controlfield tag="007">tu</controlfield>
  <controlfield tag="008">200116s1611    xx |||||      00| ||lat c</controlfield>
  <datafield tag="024" ind1="7" ind2=" ">
    <subfield code="a">15:748300M</subfield>
    <subfield code="2">vd17</subfield>
  </datafield>
  <datafield tag="026" ind1=" " ind2=" ">
    <subfield code="e">o?s! i!to s.mo s.em S 1611A</subfield>
    <subfield code="2">fei</subfield>
  </datafield>
  <datafield tag="035" ind1=" " ind2=" ">
    <subfield code="a">(DE-627-4)008784841</subfield>
  </datafield>
  <datafield tag="035" ind1=" " ind2=" ">
    <subfield code="a">(DE-599)KXP008784841</subfield>
  </datafield>
  <datafield tag="040" ind1=" " ind2=" ">
    <subfield code="a">DE-627</subfield>
    <subfield code="b">ger</subfield>
    <subfield code="c">DE-627</subfield>
    <subfield code="e">rda</subfield>
  </datafield>
  <datafield tag="041" ind1=" " ind2=" ">
    <subfield code="a">lat</subfield>
  </datafield>
  <datafield tag="100" ind1="1" ind2=" ">
    <subfield code="a">Zuber, Matthaeus</subfield>
    <subfield code="d">1570-1623</subfield>
    <subfield code="e">VerfasserIn</subfield>
    <subfield code="0">(DE-588)117019801</subfield>
    <subfield code="0">(DE-627)004256719</subfield>
    <subfield code="4">aut</subfield>
  </datafield>
  <datafield tag="245" ind1="1" ind2="0">
    <subfield code="a">Illustrissimis Celsissimisq[ue] Principibvs Ac Dominis, Dn. Iohanni-Philippo, Dn. Friderico, Dn. Iohanni-Wilhelmo, &amp; Dn. Friderico-Wilhelmo, Frr. Germ. Dvcibvs Saxoniæ, ... Dominis Svis Clementissimis</subfield>
    <subfield code="c">se &amp; studia sua humilime offert Matth. Zuber/ Poeta Lavreatvs.</subfield>
  </datafield>
  <datafield tag="246" ind1="3" ind2="0">
    <subfield code="a">Princibus Johanni Friederico Ducibus Suis Laureatus Saxoniae</subfield>
  </datafield>
  <datafield tag="264" ind1=" " ind2="1">
    <subfield code="a">[Erscheinungsort nicht ermittelbar]</subfield>
    <subfield code="b">[Verlag nicht ermittelbar]</subfield>
    <subfield code="c">Anno 1611</subfield>
  </datafield>
  <datafield tag="300" ind1=" " ind2=" ">
    <subfield code="a">1 Bogen</subfield>
    <subfield code="c">Format: circa 38 x 31 cm. Satzspiegel: 33,3 x 25,3 cm</subfield>
  </datafield>
  <datafield tag="336" ind1=" " ind2=" ">
    <subfield code="a">Text</subfield>
    <subfield code="b">txt</subfield>
    <subfield code="2">rdacontent</subfield>
  </datafield>
  <datafield tag="337" ind1=" " ind2=" ">
    <subfield code="a">ohne Hilfsmittel zu benutzen</subfield>
    <subfield code="b">n</subfield>
    <subfield code="2">rdamedia</subfield>
  </datafield>
  <datafield tag="338" ind1=" " ind2=" ">
    <subfield code="a">Blatt</subfield>
    <subfield code="b">nb</subfield>
    <subfield code="2">rdacarrier</subfield>
  </datafield>
  <datafield tag="500" ind1=" " ind2=" ">
    <subfield code="a">Vorlageform der Veröffentlichungsangabe: Anno 1611.</subfield>
  </datafield>
  <datafield tag="583" ind1="1" ind2=" ">
    <subfield code="a">Digitalisierung geplant</subfield>
    <subfield code="c">2020</subfield>
    <subfield code="2">pdager</subfield>
    <subfield code="5">DE-15</subfield>
  </datafield>
  <datafield tag="655" ind1=" " ind2="7">
    <subfield code="a">Einblattdruck</subfield>
    <subfield code="0">(DE-627)006573231</subfield>
    <subfield code="2">local</subfield>
  </datafield>
  <datafield tag="655" ind1=" " ind2="7">
    <subfield code="a">Gelegenheitsschrift</subfield>
    <subfield code="0">(DE-627)006573088</subfield>
    <subfield code="2">local</subfield>
  </datafield>
  <datafield tag="700" ind1="0" ind2=" ">
    <subfield code="a">Johann Philipp</subfield>
    <subfield code="c">Sachsen-Altenburg, Herzog</subfield>
    <subfield code="d">1597-1639</subfield>
    <subfield code="e">WidmungsempfängerIn</subfield>
    <subfield code="0">(DE-588)102109176</subfield>
    <subfield code="0">(DE-627)004103238</subfield>
    <subfield code="4">dte</subfield>
  </datafield>
  <datafield tag="700" ind1="0" ind2=" ">
    <subfield code="a">Friedrich</subfield>
    <subfield code="c">Sachsen-Altenburg, Herzog</subfield>
    <subfield code="d">1599-1625</subfield>
    <subfield code="e">WidmungsempfängerIn</subfield>
    <subfield code="0">(DE-588)128569840</subfield>
    <subfield code="0">(DE-627)005071658</subfield>
    <subfield code="0">(DE-576)297219391</subfield>
    <subfield code="4">dte</subfield>
  </datafield>
  <datafield tag="700" ind1="0" ind2=" ">
    <subfield code="a">Johann Wilhelm</subfield>
    <subfield code="b">II.</subfield>
    <subfield code="c">Sachsen-Weimar-Altenburg, Herzog</subfield>
    <subfield code="d">1600-1632</subfield>
    <subfield code="e">WidmungsempfängerIn</subfield>
    <subfield code="0">(DE-588)121908631</subfield>
    <subfield code="0">(DE-627)004534972</subfield>
    <subfield code="4">dte</subfield>
  </datafield>
  <datafield tag="700" ind1="0" ind2=" ">
    <subfield code="a">Friedrich Wilhelm</subfield>
    <subfield code="b">II.</subfield>
    <subfield code="c">Sachsen-Altenburg, Herzog</subfield>
    <subfield code="d">1603-1669</subfield>
    <subfield code="e">WidmungsempfängerIn</subfield>
    <subfield code="0">(DE-588)102109168</subfield>
    <subfield code="0">(DE-627)00410322X</subfield>
    <subfield code="4">dte</subfield>
  </datafield>
  <datafield tag="924" ind1="0" ind2=" ">
    <subfield code="a">008175160</subfield>
    <subfield code="b">DE-15</subfield>
    <subfield code="9">15</subfield>
    <subfield code="c">BSZ</subfield>
    <subfield code="d">c</subfield>
    <subfield code="g">01E-2020-1,83</subfield>
  </datafield>
  <datafield tag="951" ind1=" " ind2=" ">
    <subfield code="a">BO</subfield>
  </datafield>
</record></zs:recordData><zs:recordPosition>12</zs:recordPosition></zs:record><zs:record><zs:recordSchema>marcxml</zs:recordSchema><zs:recordXMLEscaping>xml</zs:recordXMLEscaping><zs:recordData><record xmlns="http://www.loc.gov/MARC21/slim">
  <leader>     cam a22        4500</leader>
  <controlfield tag="001">008785740</controlfield>
  <controlfield tag="003">DE-627-4</controlfield>
  <controlfield tag="005">20200609075218.0</controlfield>
  <controlfield tag="007">tu</controlfield>
  <controlfield tag="008">200120s1607    xx |||||      00| ||lat c</controlfield>
  <datafield tag="024" ind1="7" ind2=" ">
    <subfield code="a">15:748342C</subfield>
    <subfield code="2">vd17</subfield>
  </datafield>
  <datafield tag="026" ind1=" " ind2=" ">
    <subfield code="e">I.I, I,7. VSt. nsS. S 1607R</subfield>
    <subfield code="2">fei</subfield>
  </datafield>
  <datafield tag="035" ind1=" " ind2=" ">
    <subfield code="a">(DE-627-4)008785740</subfield>
  </datafield>
  <datafield tag="035" ind1=" " ind2=" ">
    <subfield code="a">(DE-599)KXP008785740</subfield>
  </datafield>
  <datafield tag="040" ind1=" " ind2=" ">
    <subfield code="a">DE-627</subfield>
    <subfield code="b">ger</subfield>
    <subfield code="c">DE-627</subfield>
    <subfield code="e">rda</subfield>
  </datafield>
  <datafield tag="041" ind1=" " ind2=" ">
    <subfield code="a">lat</subfield>
  </datafield>
  <datafield tag="100" ind1="1" ind2=" ">
    <subfield code="a">Facius, Caspar</subfield>
    <subfield code="d">1573-1646</subfield>
    <subfield code="e">VerfasserIn</subfield>
    <subfield code="0">(DE-588)124545203</subfield>
    <subfield code="0">(DE-627)004711467</subfield>
    <subfield code="4">aut</subfield>
  </datafield>
  <datafield tag="245" ind1="1" ind2="0">
    <subfield code="a">In Natalem Illvstrissimi Ac Generosissmi Principis ac Domini, Dn. Friderici, Dvcis Saxoniæ, ...</subfield>
    <subfield code="c">Caspar Facivs 12. Februarij 1607.</subfield>
  </datafield>
  <datafield tag="246" ind1="3" ind2="0">
    <subfield code="a">Illustrissimi Friederici Ducis Saxoniae Februarii Generosissimi</subfield>
  </datafield>
  <datafield tag="264" ind1=" " ind2="1">
    <subfield code="a">Aldenburgi</subfield>
    <subfield code="b">In Officina Illvstri</subfield>
    <subfield code="c">Anno MDCVII.</subfield>
  </datafield>
  <datafield tag="300" ind1=" " ind2=" ">
    <subfield code="a">1 Bogen</subfield>
    <subfield code="c">Format: circa 36 x 29 cm. Satzspiegel: 34,5 x 25,2 cm</subfield>
  </datafield>
  <datafield tag="336" ind1=" " ind2=" ">
    <subfield code="a">Text</subfield>
    <subfield code="b">txt</subfield>
    <subfield code="2">rdacontent</subfield>
  </datafield>
  <datafield tag="337" ind1=" " ind2=" ">
    <subfield code="a">ohne Hilfsmittel zu benutzen</subfield>
    <subfield code="b">n</subfield>
    <subfield code="2">rdamedia</subfield>
  </datafield>
  <datafield tag="338" ind1=" " ind2=" ">
    <subfield code="a">Blatt</subfield>
    <subfield code="b">nb</subfield>
    <subfield code="2">rdacarrier</subfield>
  </datafield>
  <datafield tag="500" ind1=" " ind2=" ">
    <subfield code="a">Vorlageform der Veröffentlichungsangabe: Aldenburgi, In Officina Illvstri, Anno MDCVII.</subfield>
  </datafield>
  <datafield tag="583" ind1="1" ind2=" ">
    <subfield code="a">Digitalisierung geplant</subfield>
    <subfield code="c">2020</subfield>
    <subfield code="2">pdager</subfield>
    <subfield code="5">DE-15</subfield>
  </datafield>
  <datafield tag="655" ind1=" " ind2="7">
    <subfield code="a">Einblattdruck</subfield>
    <subfield code="0">(DE-627)006573231</subfield>
    <subfield code="2">local</subfield>
  </datafield>
  <datafield tag="655" ind1=" " ind2="7">
    <subfield code="a">Gelegenheitsschrift:Geburtstag</subfield>
    <subfield code="0">(DE-627)006572995</subfield>
    <subfield code="2">local</subfield>
  </datafield>
  <datafield tag="700" ind1="0" ind2=" ">
    <subfield code="a">Friedrich</subfield>
    <subfield code="c">Sachsen-Altenburg, Herzog</subfield>
    <subfield code="d">1599-1625</subfield>
    <subfield code="e">WidmungsempfängerIn</subfield>
    <subfield code="0">(DE-588)128569840</subfield>
    <subfield code="0">(DE-627)005071658</subfield>
    <subfield code="0">(DE-576)297219391</subfield>
    <subfield code="4">dte</subfield>
  </datafield>
  <datafield tag="751" ind1=" " ind2=" ">
    <subfield code="a">Altenburg, Thüringen</subfield>
    <subfield code="0">(DE-588)4001409-5</subfield>
    <subfield code="0">(DE-627)006932924</subfield>
    <subfield code="4">pup</subfield>
  </datafield>
  <datafield tag="924" ind1="0" ind2=" ">
    <subfield code="a">008176701</subfield>
    <subfield code="b">DE-15</subfield>
    <subfield code="9">15</subfield>
    <subfield code="c">BSZ</subfield>
    <subfield code="d">c</subfield>
    <subfield code="g">01E-2020-1,110</subfield>
  </datafield>
  <datafield tag="951" ind1=" " ind2=" ">
    <subfield code="a">BO</subfield>
  </datafield>
</record></zs:recordData><zs:recordPosition>13</zs:recordPosition></zs:record><zs:record><zs:recordSchema>marcxml</zs:recordSchema><zs:recordXMLEscaping>xml</zs:recordXMLEscaping><zs:recordData><record xmlns="http://www.loc.gov/MARC21/slim">
  <leader>     cam a22        4500</leader>
  <controlfield tag="001">007589611</controlfield>
  <controlfield tag="003">DE-627-4</controlfield>
  <controlfield tag="005">20210611100814.0</controlfield>
  <controlfield tag="007">tu</controlfield>
  <controlfield tag="008">131217s1602    xx |||||      00| ||lat c</controlfield>
  <datafield tag="024" ind1="7" ind2=" ">
    <subfield code="a">547:731279M</subfield>
    <subfield code="2">vd17</subfield>
  </datafield>
  <datafield tag="026" ind1=" " ind2=" ">
    <subfield code="e">I.t. r,m. i,s: tæS. S 1602R</subfield>
    <subfield code="2">fei</subfield>
  </datafield>
  <datafield tag="035" ind1=" " ind2=" ">
    <subfield code="a">(DE-627-4)007589611</subfield>
  </datafield>
  <datafield tag="035" ind1=" " ind2=" ">
    <subfield code="a">(DE-599)KXP007589611</subfield>
  </datafield>
  <datafield tag="040" ind1=" " ind2=" ">
    <subfield code="a">DE-627</subfield>
    <subfield code="b">ger</subfield>
    <subfield code="c">DE-627</subfield>
    <subfield code="e">rakwb</subfield>
  </datafield>
  <datafield tag="041" ind1=" " ind2=" ">
    <subfield code="a">lat</subfield>
  </datafield>
  <datafield tag="245" ind1="1" ind2="0">
    <subfield code="a">Lacrymae Filiorum nec non Filiolarum illustris. Ad Patrem desideratißimum Illustrissimum Celsissimum Principem Ac Dominum, Dn. Fridericum Wilhelmum Ducem Saxoniae ... Ex hac vita miserrima in coelestem migrantem pieq[ue] defunctum, Vinarae, 7. Iulii hora II noct. anno 1602. Pietatis Adiectu In Summo luctu imis cum Suspiris, large profusae</subfield>
  </datafield>
  <datafield tag="246" ind1="3" ind2="0">
    <subfield code="a">lacrimae</subfield>
  </datafield>
  <datafield tag="264" ind1=" " ind2="1">
    <subfield code="a">[S.l.]</subfield>
    <subfield code="c">1602</subfield>
  </datafield>
  <datafield tag="300" ind1=" " ind2=" ">
    <subfield code="a">[1] Bl.</subfield>
  </datafield>
  <datafield tag="336" ind1=" " ind2=" ">
    <subfield code="a">nicht spezifiziert</subfield>
    <subfield code="b">zzz</subfield>
    <subfield code="2">rdacontent</subfield>
  </datafield>
  <datafield tag="337" ind1=" " ind2=" ">
    <subfield code="a">nicht spezifiziert</subfield>
    <subfield code="b">z</subfield>
    <subfield code="2">rdamedia</subfield>
  </datafield>
  <datafield tag="338" ind1=" " ind2=" ">
    <subfield code="a">nicht spezifiziert</subfield>
    <subfield code="b">zu</subfield>
    <subfield code="2">rdacarrier</subfield>
  </datafield>
  <datafield tag="500" ind1=" " ind2=" ">
    <subfield code="a">Zum Zeitpunkt des Todes Friedrich Wilhelms lebten noch folgende Kinder: Dorothea Sophia, Anna Maria, Johann Philipp, Anna Sophia, Friedrich, Johann Wilhelm, Dorothea, Friedrich Wilhelm</subfield>
  </datafield>
  <datafield tag="500" ind1=" " ind2=" ">
    <subfield code="a">Format: ca. 38,5 x 32 cm. - Satzspiegel: 33,8 x 28,1 cm</subfield>
  </datafield>
  <datafield tag="655" ind1=" " ind2="7">
    <subfield code="a">Gelegenheitsschrift:Tod</subfield>
    <subfield code="0">(DE-627)00657288X</subfield>
    <subfield code="2">local</subfield>
  </datafield>
  <datafield tag="655" ind1=" " ind2="7">
    <subfield code="a">Einblattdruck</subfield>
    <subfield code="0">(DE-627)006573231</subfield>
    <subfield code="2">local</subfield>
  </datafield>
  <datafield tag="700" ind1="0" ind2=" ">
    <subfield code="a">Friedrich Wilhelm</subfield>
    <subfield code="b">I.</subfield>
    <subfield code="c">Sachsen-Weimar-Altenburg, Herzog</subfield>
    <subfield code="d">1562-1602</subfield>
    <subfield code="0">(DE-588)102030081</subfield>
    <subfield code="0">(DE-627)004103009</subfield>
    <subfield code="4">oth</subfield>
  </datafield>
  <datafield tag="700" ind1="0" ind2=" ">
    <subfield code="a">Dorothea Sophia</subfield>
    <subfield code="c">Sachsen-Weimar-Altenburg, Herzogin</subfield>
    <subfield code="d">1587-1645</subfield>
    <subfield code="0">(DE-588)121930718</subfield>
    <subfield code="0">(DE-627)004537599</subfield>
    <subfield code="4">oth</subfield>
  </datafield>
  <datafield tag="700" ind1="0" ind2=" ">
    <subfield code="a">Anna Maria</subfield>
    <subfield code="c">Sachsen-Weimar-Altenburg, Herzogin</subfield>
    <subfield code="d">1589-1626</subfield>
    <subfield code="0">(DE-588)120183099</subfield>
    <subfield code="0">(DE-627)004348656</subfield>
    <subfield code="0">(DE-576)174162278</subfield>
    <subfield code="4">oth</subfield>
  </datafield>
  <datafield tag="700" ind1="0" ind2=" ">
    <subfield code="a">Johann Philipp</subfield>
    <subfield code="c">Sachsen-Altenburg, Herzog</subfield>
    <subfield code="d">1597-1639</subfield>
    <subfield code="0">(DE-588)102109176</subfield>
    <subfield code="0">(DE-627)004103238</subfield>
    <subfield code="4">oth</subfield>
  </datafield>
  <datafield tag="700" ind1="0" ind2=" ">
    <subfield code="a">Anna Sophia</subfield>
    <subfield code="c">Münsterberg-Oels, Herzogin</subfield>
    <subfield code="d">1598-1641</subfield>
    <subfield code="0">(DE-588)120182998</subfield>
    <subfield code="0">(DE-627)004348567</subfield>
    <subfield code="4">oth</subfield>
  </datafield>
  <datafield tag="700" ind1="0" ind2=" ">
    <subfield code="a">Friedrich</subfield>
    <subfield code="c">Sachsen-Altenburg, Herzog</subfield>
    <subfield code="d">1599-1625</subfield>
    <subfield code="0">(DE-588)128569840</subfield>
    <subfield code="0">(DE-627)005071658</subfield>
    <subfield code="0">(DE-576)297219391</subfield>
    <subfield code="4">oth</subfield>
  </datafield>
  <datafield tag="700" ind1="0" ind2=" ">
    <subfield code="a">Johann Wilhelm</subfield>
    <subfield code="b">II.</subfield>
    <subfield code="c">Sachsen-Weimar-Altenburg, Herzog</subfield>
    <subfield code="d">1600-1632</subfield>
    <subfield code="0">(DE-588)121908631</subfield>
    <subfield code="0">(DE-627)004534972</subfield>
    <subfield code="4">oth</subfield>
  </datafield>
  <datafield tag="700" ind1="0" ind2=" ">
    <subfield code="a">Dorothea</subfield>
    <subfield code="c">Sachsen-Eisenach, Herzogin</subfield>
    <subfield code="d">1601-1675</subfield>
    <subfield code="0">(DE-588)103149856</subfield>
    <subfield code="0">(DE-627)004122232</subfield>
    <subfield code="0">(DE-576)172110319</subfield>
    <subfield code="4">oth</subfield>
  </datafield>
  <datafield tag="700" ind1="0" ind2=" ">
    <subfield code="a">Friedrich Wilhelm</subfield>
    <subfield code="b">III.</subfield>
    <subfield code="c">Sachsen-Altenburg, Herzog</subfield>
    <subfield code="d">1657-1672</subfield>
    <subfield code="0">(DE-588)118953346</subfield>
    <subfield code="0">(DE-627)004884647</subfield>
    <subfield code="4">oth</subfield>
  </datafield>
  <datafield tag="856" ind1="4" ind2="1">
    <subfield code="u">https://nbn-resolving.org/urn:nbn:de:bsz:15-0008-241338</subfield>
    <subfield code="t">// 2019 digitalisiert von: Universitätsbibliothek Leipzig. Exemplar mit der Signatur: 01A-2009-8823/25g</subfield>
    <subfield code="x">Digitalisierung</subfield>
    <subfield code="z">kostenfrei</subfield>
    <subfield code="3">Volltext</subfield>
  </datafield>
  <datafield tag="924" ind1="0" ind2=" ">
    <subfield code="a">007349114</subfield>
    <subfield code="b">DE-547</subfield>
    <subfield code="9">547</subfield>
    <subfield code="c">GBV</subfield>
    <subfield code="d">b</subfield>
    <subfield code="g">P 2° 00143 (01,254)</subfield>
    <subfield code="g">Forschungsbibliothek Gotha</subfield>
    <subfield code="g">xkg ok</subfield>
    <subfield code="h">FBG R</subfield>
  </datafield>
  <datafield tag="924" ind1="0" ind2=" ">
    <subfield code="a">007599358</subfield>
    <subfield code="b">DE-15</subfield>
    <subfield code="9">15</subfield>
    <subfield code="c">BSZ</subfield>
    <subfield code="d">c</subfield>
    <subfield code="g">01A-2009-8823/25g</subfield>
  </datafield>
  <datafield tag="951" ind1=" " ind2=" ">
    <subfield code="a">BO</subfield>
  </datafield>
</record></zs:recordData><zs:recordPosition>14</zs:recordPosition></zs:record></zs:records><zs:echoedSearchRetrieveRequest><zs:version>2.0</zs:version><zs:query>pica.nid=128569840</zs:query><zs:startRecord>1</zs:startRecord><zs:maximumRecords>500</zs:maximumRecords><zs:recordXMLEscaping>xml</zs:recordXMLEscaping><zs:recordSchema>marcxml</zs:recordSchema></zs:echoedSearchRetrieveRequest><zs:resultCountPrecision>exact</zs:resultCountPrecision></zs:searchRetrieveResponse>
