<?xml version="1.0" encoding="UTF-8"?>
<zs:searchRetrieveResponse xmlns:zs="http://docs.oasis-open.org/ns/search-ws/sruResponse"><zs:numberOfRecords>2</zs:numberOfRecords><zs:records><zs:record><zs:recordSchema>marcxml</zs:recordSchema><zs:recordXMLEscaping>xml</zs:recordXMLEscaping><zs:recordData><record xmlns="http://www.loc.gov/MARC21/slim">
  <leader>     cam a22        4500</leader>
  <controlfield tag="001">00513188X</controlfield>
  <controlfield tag="003">DE-627-4</controlfield>
  <controlfield tag="005">20210529214528.0</controlfield>
  <controlfield tag="007">tu</controlfield>
  <controlfield tag="008">040209s1673    xx |||||      00| ||ger c</controlfield>
  <datafield tag="024" ind1="7" ind2=" ">
    <subfield code="a">1:642505G</subfield>
    <subfield code="2">vd17</subfield>
  </datafield>
  <datafield tag="026" ind1=" " ind2=" ">
    <subfield code="e">r.en esen i-t, flin 3 1673R</subfield>
    <subfield code="2">fei</subfield>
  </datafield>
  <datafield tag="035" ind1=" " ind2=" ">
    <subfield code="a">(DE-627-4)00513188X</subfield>
  </datafield>
  <datafield tag="035" ind1=" " ind2=" ">
    <subfield code="a">(DE-599)KXP00513188X</subfield>
  </datafield>
  <datafield tag="040" ind1=" " ind2=" ">
    <subfield code="a">DE-627</subfield>
    <subfield code="b">ger</subfield>
    <subfield code="c">DE-627</subfield>
    <subfield code="e">rakwb</subfield>
  </datafield>
  <datafield tag="041" ind1=" " ind2=" ">
    <subfield code="a">ger</subfield>
  </datafield>
  <datafield tag="100" ind1="1" ind2=" ">
    <subfield code="a">Kinsky, Ulrich von</subfield>
    <subfield code="0">(DE-588)128742658</subfield>
    <subfield code="0">(DE-627)005132169</subfield>
    <subfield code="4">aut</subfield>
  </datafield>
  <datafield tag="245" ind1="1" ind2="0">
    <subfield code="a">Donum Nundinale, Oder Meß-Gaabe</subfield>
    <subfield code="b">Welche bestehet In allerhand merkwürdigen Lähren/ vortreflichen Fragen/ und scharfsinnigen Beantwortungen; Benebenst Einigen wider die Melancholey dienenden Begebenheiten</subfield>
    <subfield code="c">Einem jeden verehret Von dem Freygebigen [d. i. Ulrich von Kinsky]</subfield>
  </datafield>
  <datafield tag="246" ind1="3" ind2="0">
    <subfield code="a">Meß-Gabe Lehren vortrefflichen Melancholie Lieblern Messgabe bestehend</subfield>
  </datafield>
  <datafield tag="264" ind1=" " ind2="1">
    <subfield code="a">Rapperschweyl</subfield>
    <subfield code="b">Liebler</subfield>
    <subfield code="c">1673</subfield>
  </datafield>
  <datafield tag="300" ind1=" " ind2=" ">
    <subfield code="a">119 S</subfield>
    <subfield code="c">12°</subfield>
  </datafield>
  <datafield tag="336" ind1=" " ind2=" ">
    <subfield code="a">nicht spezifiziert</subfield>
    <subfield code="b">zzz</subfield>
    <subfield code="2">rdacontent</subfield>
  </datafield>
  <datafield tag="337" ind1=" " ind2=" ">
    <subfield code="a">nicht spezifiziert</subfield>
    <subfield code="b">z</subfield>
    <subfield code="2">rdamedia</subfield>
  </datafield>
  <datafield tag="338" ind1=" " ind2=" ">
    <subfield code="a">nicht spezifiziert</subfield>
    <subfield code="b">zu</subfield>
    <subfield code="2">rdacarrier</subfield>
  </datafield>
  <datafield tag="500" ind1=" " ind2=" ">
    <subfield code="a">Schlüsselseiten aus dem Exemplar der SBB-PK Berlin: Yt 9511</subfield>
  </datafield>
  <datafield tag="500" ind1=" " ind2=" ">
    <subfield code="a">Nach Goedeke ist Ulrich von Kinsky Mitglied der Fruchtbringenden Gesellschaft unter dem Namen Der Freygebige</subfield>
  </datafield>
  <datafield tag="500" ind1=" " ind2=" ">
    <subfield code="a">Vorlageform des Erscheinungsvermerks: Gedrukt zu Rapperschweyl/ bey Henning Lieblem. Im Jahr MDCLXXIII.</subfield>
  </datafield>
  <datafield tag="583" ind1="1" ind2=" ">
    <subfield code="a">Digitalisiert</subfield>
    <subfield code="z">Digitalisierung Unika durch SBB-PK Berlin</subfield>
    <subfield code="2">pdager</subfield>
  </datafield>
  <datafield tag="655" ind1=" " ind2="7">
    <subfield code="a">Anthologie</subfield>
    <subfield code="0">(DE-627)006573568</subfield>
    <subfield code="2">local</subfield>
  </datafield>
  <datafield tag="751" ind1=" " ind2=" ">
    <subfield code="a">fingiert</subfield>
    <subfield code="4">pup</subfield>
  </datafield>
  <datafield tag="856" ind1="4" ind2="1">
    <subfield code="u">http://resolver.staatsbibliothek-berlin.de/SBB0001C71900000000</subfield>
    <subfield code="t">2016 digitalisiert von: Staatsbibliothek zu Berlin - Preußischer Kulturbesitz. Exemplar mit der Signatur: Yt 9511</subfield>
    <subfield code="x">Digitalisierung</subfield>
    <subfield code="z">kostenfrei</subfield>
    <subfield code="3">Volltext</subfield>
  </datafield>
  <datafield tag="924" ind1="0" ind2=" ">
    <subfield code="a">004063635</subfield>
    <subfield code="b">DE-1a</subfield>
    <subfield code="9">1a</subfield>
    <subfield code="c">GBV</subfield>
    <subfield code="d">b</subfield>
    <subfield code="g">Yt 9511</subfield>
    <subfield code="h">6</subfield>
  </datafield>
  <datafield tag="924" ind1="0" ind2=" ">
    <subfield code="a">007915179</subfield>
    <subfield code="b">DE-31</subfield>
    <subfield code="9">31</subfield>
    <subfield code="c">BSZ</subfield>
    <subfield code="d">c</subfield>
    <subfield code="g">KK 514</subfield>
  </datafield>
  <datafield tag="951" ind1=" " ind2=" ">
    <subfield code="a">BO</subfield>
  </datafield>
</record></zs:recordData><zs:recordPosition>1</zs:recordPosition></zs:record><zs:record><zs:recordSchema>marcxml</zs:recordSchema><zs:recordXMLEscaping>xml</zs:recordXMLEscaping><zs:recordData><record xmlns="http://www.loc.gov/MARC21/slim">
  <leader>     cam a22        4500</leader>
  <controlfield tag="001">00142307X</controlfield>
  <controlfield tag="003">DE-627-4</controlfield>
  <controlfield tag="005">20200224151031.0</controlfield>
  <controlfield tag="007">tu</controlfield>
  <controlfield tag="008">020901s1665    xx |||||      00| ||ger c</controlfield>
  <datafield tag="024" ind1="7" ind2=" ">
    <subfield code="a">14:001951A</subfield>
    <subfield code="2">vd17</subfield>
  </datafield>
  <datafield tag="026" ind1=" " ind2=" ">
    <subfield code="e">t!t, n.s, s:n, e.in C 1665A</subfield>
    <subfield code="2">fei</subfield>
  </datafield>
  <datafield tag="035" ind1=" " ind2=" ">
    <subfield code="a">(DE-627-4)00142307X</subfield>
  </datafield>
  <datafield tag="035" ind1=" " ind2=" ">
    <subfield code="a">(DE-599)KXP00142307X</subfield>
  </datafield>
  <datafield tag="040" ind1=" " ind2=" ">
    <subfield code="a">DE-627</subfield>
    <subfield code="b">ger</subfield>
    <subfield code="c">DE-627</subfield>
    <subfield code="e">rakwb</subfield>
  </datafield>
  <datafield tag="041" ind1=" " ind2=" ">
    <subfield code="a">ger</subfield>
    <subfield code="a">lat</subfield>
  </datafield>
  <datafield tag="100" ind1="1" ind2=" ">
    <subfield code="a">Georgenfelder, Methodius</subfield>
    <subfield code="0">(DE-588)120530864</subfield>
    <subfield code="0">(DE-627)004385330</subfield>
    <subfield code="0">(DE-576)169194728</subfield>
    <subfield code="4">aut</subfield>
  </datafield>
  <datafield tag="245" ind1="1" ind2="0">
    <subfield code="a">Poetische Götter-Lust/ Bey Des Hoch-Wohlgebohrnen Grafen und Herrn/ Herrn Ulrichs Kinsky ... Als Hoch-Gräflichen Herrn Bräutigams/ Und ... Annen Catharinen/Des ... George Jobs von Carlowitz ... Tochter ... Als Hoch-Adlichen Jungfer Braut/ Den 29. Jenners des 1665sten Jahrs ... Hochansehnlichst angestellten/ und gehaltnen Gräflichen Beylager</subfield>
    <subfield code="c">gestifftet/ und an Deroselben Hochzeitlichen Ehr- und Freuden-Tafel/ vermittelst gegenwärtigen Lateinischen Aufsatzes schuldigst beygebracht von Methodio Georgenfeldern ... und in die Muttersprache übertragen Durch M. Johann Christof Schmiden</subfield>
  </datafield>
  <datafield tag="246" ind1="3" ind2="0">
    <subfield code="a">hoch-wohlgebornen hoch-adligen Januars Beilager</subfield>
  </datafield>
  <datafield tag="264" ind1=" " ind2="1">
    <subfield code="a">Dreßden</subfield>
    <subfield code="b">Bergen</subfield>
    <subfield code="c">1665</subfield>
  </datafield>
  <datafield tag="300" ind1=" " ind2=" ">
    <subfield code="a">[6] Bl.</subfield>
    <subfield code="c">2°</subfield>
  </datafield>
  <datafield tag="336" ind1=" " ind2=" ">
    <subfield code="a">nicht spezifiziert</subfield>
    <subfield code="b">zzz</subfield>
    <subfield code="2">rdacontent</subfield>
  </datafield>
  <datafield tag="337" ind1=" " ind2=" ">
    <subfield code="a">nicht spezifiziert</subfield>
    <subfield code="b">z</subfield>
    <subfield code="2">rdamedia</subfield>
  </datafield>
  <datafield tag="338" ind1=" " ind2=" ">
    <subfield code="a">nicht spezifiziert</subfield>
    <subfield code="b">zu</subfield>
    <subfield code="2">rdacarrier</subfield>
  </datafield>
  <datafield tag="500" ind1=" " ind2=" ">
    <subfield code="a">Hochzeitsschrift auf Ulrich Kinsky und Anna Catharina, geb. von Carlowitz</subfield>
  </datafield>
  <datafield tag="500" ind1=" " ind2=" ">
    <subfield code="a">Schlüsselseiten aus dem Exemplar der SLUB Dresden: 1.B.8338,angeb.126</subfield>
  </datafield>
  <datafield tag="546" ind1=" " ind2=" ">
    <subfield code="a">Text dt. u. lat.</subfield>
  </datafield>
  <datafield tag="583" ind1="1" ind2=" ">
    <subfield code="a">Digitalisierung geplant</subfield>
    <subfield code="z">Digitalisierung Unika durch SLUB Dresden</subfield>
    <subfield code="2">pdager</subfield>
  </datafield>
  <datafield tag="655" ind1=" " ind2="7">
    <subfield code="a">Gelegenheitsschrift:Hochzeit</subfield>
    <subfield code="0">(DE-627)006572979</subfield>
    <subfield code="2">local</subfield>
  </datafield>
  <datafield tag="700" ind1="1" ind2=" ">
    <subfield code="a">Schmid, Johann Christoph</subfield>
    <subfield code="4">oth</subfield>
  </datafield>
  <datafield tag="700" ind1="1" ind2=" ">
    <subfield code="a">Kinsky, Ulrich von</subfield>
    <subfield code="0">(DE-588)128742658</subfield>
    <subfield code="0">(DE-627)005132169</subfield>
    <subfield code="4">oth</subfield>
  </datafield>
  <datafield tag="700" ind1="1" ind2=" ">
    <subfield code="a">Kinsky, Anna Catharina von</subfield>
    <subfield code="4">oth</subfield>
  </datafield>
  <datafield tag="700" ind1="1" ind2=" ">
    <subfield code="a">Bergen, Melchior</subfield>
    <subfield code="0">(DE-588)1037511379</subfield>
    <subfield code="0">(DE-627)007477015</subfield>
    <subfield code="4">prt</subfield>
  </datafield>
  <datafield tag="751" ind1=" " ind2=" ">
    <subfield code="a">Dresden</subfield>
    <subfield code="4">pup</subfield>
  </datafield>
  <datafield tag="924" ind1="0" ind2=" ">
    <subfield code="a">000527297</subfield>
    <subfield code="b">DE-14</subfield>
    <subfield code="9">14</subfield>
    <subfield code="c">BSZ</subfield>
    <subfield code="d">c</subfield>
    <subfield code="g">1.B.8338,angeb.126</subfield>
  </datafield>
  <datafield tag="924" ind1="0" ind2=" ">
    <subfield code="a">000527319</subfield>
    <subfield code="b">DE-14</subfield>
    <subfield code="9">14</subfield>
    <subfield code="c">BSZ</subfield>
    <subfield code="d">c</subfield>
    <subfield code="g">1.B.8338,angeb.131.a</subfield>
  </datafield>
  <datafield tag="951" ind1=" " ind2=" ">
    <subfield code="a">BO</subfield>
  </datafield>
</record></zs:recordData><zs:recordPosition>2</zs:recordPosition></zs:record></zs:records><zs:echoedSearchRetrieveRequest><zs:version>2.0</zs:version><zs:query>pica.nid=128742658</zs:query><zs:startRecord>1</zs:startRecord><zs:maximumRecords>500</zs:maximumRecords><zs:recordXMLEscaping>xml</zs:recordXMLEscaping><zs:recordSchema>marcxml</zs:recordSchema></zs:echoedSearchRetrieveRequest><zs:resultCountPrecision>exact</zs:resultCountPrecision></zs:searchRetrieveResponse>
