<?xml version="1.0" encoding="UTF-8"?>
<zs:searchRetrieveResponse xmlns:zs="http://docs.oasis-open.org/ns/search-ws/sruResponse"><zs:numberOfRecords>14</zs:numberOfRecords><zs:records><zs:record><zs:recordSchema>marcxml</zs:recordSchema><zs:recordXMLEscaping>xml</zs:recordXMLEscaping><zs:recordData><record xmlns="http://www.loc.gov/MARC21/slim">
  <leader>     cam a22        4500</leader>
  <controlfield tag="001">005373417</controlfield>
  <controlfield tag="003">DE-627-4</controlfield>
  <controlfield tag="005">20200902005032.0</controlfield>
  <controlfield tag="007">tu</controlfield>
  <controlfield tag="008">041015s1644    xx |||||      00| ||lat c</controlfield>
  <datafield tag="024" ind1="7" ind2=" ">
    <subfield code="a">3:655716Y</subfield>
    <subfield code="2">vd17</subfield>
  </datafield>
  <datafield tag="026" ind1=" " ind2=" ">
    <subfield code="e">s:i. i-de s.s- etb. C 1644A</subfield>
    <subfield code="2">fei</subfield>
  </datafield>
  <datafield tag="035" ind1=" " ind2=" ">
    <subfield code="a">(DE-627-4)005373417</subfield>
  </datafield>
  <datafield tag="035" ind1=" " ind2=" ">
    <subfield code="a">(DE-599)KXP005373417</subfield>
  </datafield>
  <datafield tag="040" ind1=" " ind2=" ">
    <subfield code="a">DE-627</subfield>
    <subfield code="b">ger</subfield>
    <subfield code="c">DE-627</subfield>
    <subfield code="e">rakwb</subfield>
  </datafield>
  <datafield tag="041" ind1=" " ind2=" ">
    <subfield code="a">lat</subfield>
  </datafield>
  <datafield tag="100" ind1="1" ind2=" ">
    <subfield code="a">Grießheim, Heinrich Christoph von</subfield>
    <subfield code="d">1598-1649</subfield>
    <subfield code="0">(DE-588)100487831</subfield>
    <subfield code="0">(DE-627)004096304</subfield>
    <subfield code="0">(DE-576)288659236</subfield>
    <subfield code="4">aut</subfield>
  </datafield>
  <datafield tag="245" ind1="1" ind2="0">
    <subfield code="a">Disputatio Feudalis De Cucurbitatione</subfield>
    <subfield code="c">Quam ... In Illustri Rosarum Academia Sub Praesidio Heinrici Christophori a Grießheim/ Equit. Thuring. Privatim defendet Victor Rabe/ Eques Megapolit.</subfield>
  </datafield>
  <datafield tag="264" ind1=" " ind2="1">
    <subfield code="a">[S.l.]</subfield>
    <subfield code="c">1644</subfield>
  </datafield>
  <datafield tag="300" ind1=" " ind2=" ">
    <subfield code="a">[4] Bl</subfield>
    <subfield code="b">Ill. (Holzschn.)</subfield>
    <subfield code="c">4°</subfield>
  </datafield>
  <datafield tag="336" ind1=" " ind2=" ">
    <subfield code="a">nicht spezifiziert</subfield>
    <subfield code="b">zzz</subfield>
    <subfield code="2">rdacontent</subfield>
  </datafield>
  <datafield tag="337" ind1=" " ind2=" ">
    <subfield code="a">nicht spezifiziert</subfield>
    <subfield code="b">z</subfield>
    <subfield code="2">rdamedia</subfield>
  </datafield>
  <datafield tag="338" ind1=" " ind2=" ">
    <subfield code="a">nicht spezifiziert</subfield>
    <subfield code="b">zu</subfield>
    <subfield code="2">rdacarrier</subfield>
  </datafield>
  <datafield tag="500" ind1=" " ind2=" ">
    <subfield code="a">Schlüsselseiten aus dem Exemplar der ULB Halle: Pon IIk 3002, QK</subfield>
  </datafield>
  <datafield tag="655" ind1=" " ind2="7">
    <subfield code="a">Dissertation</subfield>
    <subfield code="0">(DE-627)006573304</subfield>
    <subfield code="2">local</subfield>
  </datafield>
  <datafield tag="700" ind1="1" ind2=" ">
    <subfield code="a">Rabe, Victor</subfield>
    <subfield code="0">(DE-588)124678483</subfield>
    <subfield code="0">(DE-627)004855531</subfield>
    <subfield code="0">(DE-576)294443266</subfield>
    <subfield code="4">aut</subfield>
  </datafield>
  <datafield tag="710" ind1="2" ind2=" ">
    <subfield code="a">Universität, Rostock</subfield>
    <subfield code="4">oth</subfield>
  </datafield>
  <datafield tag="856" ind1="4" ind2="1">
    <subfield code="u">http://nbn-resolving.de/urn:nbn:de:gbv:3:1-9128</subfield>
    <subfield code="t">// 2008 digitalisiert von: Universitäts- und Landesbibliothek Sachsen-Anhalt. Exemplar mit der Signatur: Pon IIk 3002, QK</subfield>
    <subfield code="x">Digitalisierung</subfield>
    <subfield code="z">kostenfrei</subfield>
    <subfield code="3">Volltext</subfield>
  </datafield>
  <datafield tag="924" ind1="0" ind2=" ">
    <subfield code="a">004534786</subfield>
    <subfield code="b">DE-3</subfield>
    <subfield code="9">3</subfield>
    <subfield code="c">GBV</subfield>
    <subfield code="d">c</subfield>
    <subfield code="g">Pon IIk 3002, QK</subfield>
    <subfield code="g">VD17-Digitalisat</subfield>
  </datafield>
  <datafield tag="951" ind1=" " ind2=" ">
    <subfield code="a">BO</subfield>
  </datafield>
</record></zs:recordData><zs:recordPosition>1</zs:recordPosition></zs:record><zs:record><zs:recordSchema>marcxml</zs:recordSchema><zs:recordXMLEscaping>xml</zs:recordXMLEscaping><zs:recordData><record xmlns="http://www.loc.gov/MARC21/slim">
  <leader>     cam a22        4500</leader>
  <controlfield tag="001">001227548</controlfield>
  <controlfield tag="003">DE-627-4</controlfield>
  <controlfield tag="005">20210607102104.0</controlfield>
  <controlfield tag="007">tu</controlfield>
  <controlfield tag="008">020901s1634    xx |||||      00| ||ger c</controlfield>
  <datafield tag="024" ind1="7" ind2=" ">
    <subfield code="a">12:125523A</subfield>
    <subfield code="2">vd17</subfield>
  </datafield>
  <datafield tag="026" ind1=" " ind2=" ">
    <subfield code="e">elr- ern, asta ene, 3 1634R</subfield>
    <subfield code="2">fei</subfield>
  </datafield>
  <datafield tag="035" ind1=" " ind2=" ">
    <subfield code="a">(DE-627-4)001227548</subfield>
  </datafield>
  <datafield tag="035" ind1=" " ind2=" ">
    <subfield code="a">(DE-599)KXP001227548</subfield>
  </datafield>
  <datafield tag="040" ind1=" " ind2=" ">
    <subfield code="a">DE-627</subfield>
    <subfield code="b">ger</subfield>
    <subfield code="c">DE-627</subfield>
    <subfield code="e">rakwb</subfield>
  </datafield>
  <datafield tag="041" ind1=" " ind2=" ">
    <subfield code="a">ger</subfield>
  </datafield>
  <datafield tag="100" ind1="1" ind2=" ">
    <subfield code="a">Grießheim, Heinrich Christoph von</subfield>
    <subfield code="d">1598-1649</subfield>
    <subfield code="0">(DE-588)100487831</subfield>
    <subfield code="0">(DE-627)004096304</subfield>
    <subfield code="0">(DE-576)288659236</subfield>
    <subfield code="4">aut</subfield>
  </datafield>
  <datafield tag="245" ind1="1" ind2="0">
    <subfield code="a">Glückliche Haupt-Victoria Und Warhaffte Relation wie dieselbe dem Hochwürdigsten ChurFürsten und Herrn H. Ertzbischoffen zu Maintz/ von dero Adelichen Raht/ und Amptman zu Fritzlar/ Christoff Heinrichen von Grießheim/ Uber die von der Königlichen Mayst. zu Ungarn und Böheim/ am sechsten ... Septembris 1634. bey Nördlingen wieder die Schwedische ... erhaltene ... Victori ... vorgetragen worden</subfield>
  </datafield>
  <datafield tag="246" ind1="3" ind2="0">
    <subfield code="a">wahrhafte Mainz</subfield>
  </datafield>
  <datafield tag="264" ind1=" " ind2="1">
    <subfield code="a">[S.l.]</subfield>
    <subfield code="c">1634</subfield>
  </datafield>
  <datafield tag="300" ind1=" " ind2=" ">
    <subfield code="a">[2] Bl</subfield>
    <subfield code="c">4°</subfield>
  </datafield>
  <datafield tag="336" ind1=" " ind2=" ">
    <subfield code="a">nicht spezifiziert</subfield>
    <subfield code="b">zzz</subfield>
    <subfield code="2">rdacontent</subfield>
  </datafield>
  <datafield tag="337" ind1=" " ind2=" ">
    <subfield code="a">nicht spezifiziert</subfield>
    <subfield code="b">z</subfield>
    <subfield code="2">rdamedia</subfield>
  </datafield>
  <datafield tag="338" ind1=" " ind2=" ">
    <subfield code="a">nicht spezifiziert</subfield>
    <subfield code="b">zu</subfield>
    <subfield code="2">rdacarrier</subfield>
  </datafield>
  <datafield tag="655" ind1=" " ind2="7">
    <subfield code="a">Flugschrift</subfield>
    <subfield code="0">(DE-627)006573150</subfield>
    <subfield code="2">local</subfield>
  </datafield>
  <datafield tag="856" ind1="4" ind2="1">
    <subfield code="u">http://mdz-nbn-resolving.de/urn:nbn:de:bvb:12-bsb00008086-9</subfield>
    <subfield code="t">// 2007 digitalisiert von: Bayerische Staatsbibliothek, München. Exemplar mit der Signatur: München, Bayerische Staatsbibliothek -- Bavar. 5117 y</subfield>
    <subfield code="x">Digitalisierung</subfield>
    <subfield code="z">kostenfrei</subfield>
    <subfield code="3">Volltext</subfield>
  </datafield>
  <datafield tag="856" ind1="4" ind2="1">
    <subfield code="u">http://mdz-nbn-resolving.de/urn:nbn:de:bvb:12-bsb11000382-2</subfield>
    <subfield code="t">// 2012 digitalisiert von: Bayerische Staatsbibliothek, München. Exemplar mit der Signatur: München, Bayerische Staatsbibliothek -- Bavar. 5117 y</subfield>
    <subfield code="x">Digitalisierung</subfield>
    <subfield code="z">kostenfrei</subfield>
    <subfield code="3">Volltext</subfield>
  </datafield>
  <datafield tag="951" ind1=" " ind2=" ">
    <subfield code="a">BO</subfield>
  </datafield>
</record></zs:recordData><zs:recordPosition>2</zs:recordPosition></zs:record><zs:record><zs:recordSchema>marcxml</zs:recordSchema><zs:recordXMLEscaping>xml</zs:recordXMLEscaping><zs:recordData><record xmlns="http://www.loc.gov/MARC21/slim">
  <leader>     cam a22        4500</leader>
  <controlfield tag="001">000739421</controlfield>
  <controlfield tag="003">DE-627-4</controlfield>
  <controlfield tag="005">20210610115017.0</controlfield>
  <controlfield tag="007">tu</controlfield>
  <controlfield tag="008">020901s1625    xx |||||      00| ||lat c</controlfield>
  <datafield tag="024" ind1="7" ind2=" ">
    <subfield code="a">23:259418F</subfield>
    <subfield code="2">vd17</subfield>
  </datafield>
  <datafield tag="026" ind1=" " ind2=" ">
    <subfield code="e">t.t, i:m. s:i- i-de C 1625R</subfield>
    <subfield code="2">fei</subfield>
  </datafield>
  <datafield tag="035" ind1=" " ind2=" ">
    <subfield code="a">(DE-627-4)000739421</subfield>
  </datafield>
  <datafield tag="035" ind1=" " ind2=" ">
    <subfield code="a">(DE-599)KXP000739421</subfield>
  </datafield>
  <datafield tag="040" ind1=" " ind2=" ">
    <subfield code="a">DE-627</subfield>
    <subfield code="b">ger</subfield>
    <subfield code="c">DE-627</subfield>
    <subfield code="e">rakwb</subfield>
  </datafield>
  <datafield tag="041" ind1=" " ind2=" ">
    <subfield code="a">lat</subfield>
  </datafield>
  <datafield tag="100" ind1="1" ind2=" ">
    <subfield code="a">Grießheim, Heinrich Christoph von</subfield>
    <subfield code="d">1598-1649</subfield>
    <subfield code="0">(DE-588)100487831</subfield>
    <subfield code="0">(DE-627)004096304</subfield>
    <subfield code="0">(DE-576)288659236</subfield>
    <subfield code="4">aut</subfield>
  </datafield>
  <datafield tag="245" ind1="1" ind2="0">
    <subfield code="a">Disputatio Feudalis De Cucurbitatione</subfield>
    <subfield code="c">Quam ... In Illustri Rosarum Academia Sub Praesidio Heinrici Christophori a Grießheim/ Equit. Thuring. Privatim defendet Victor Rabe/ Eques Megapolit.</subfield>
  </datafield>
  <datafield tag="264" ind1=" " ind2="1">
    <subfield code="a">[S.l.]</subfield>
    <subfield code="c">1625</subfield>
  </datafield>
  <datafield tag="300" ind1=" " ind2=" ">
    <subfield code="a">[4] Bl.</subfield>
    <subfield code="c">4°</subfield>
  </datafield>
  <datafield tag="336" ind1=" " ind2=" ">
    <subfield code="a">nicht spezifiziert</subfield>
    <subfield code="b">zzz</subfield>
    <subfield code="2">rdacontent</subfield>
  </datafield>
  <datafield tag="337" ind1=" " ind2=" ">
    <subfield code="a">nicht spezifiziert</subfield>
    <subfield code="b">z</subfield>
    <subfield code="2">rdamedia</subfield>
  </datafield>
  <datafield tag="338" ind1=" " ind2=" ">
    <subfield code="a">nicht spezifiziert</subfield>
    <subfield code="b">zu</subfield>
    <subfield code="2">rdacarrier</subfield>
  </datafield>
  <datafield tag="500" ind1=" " ind2=" ">
    <subfield code="a">Auch in: Facetiae Facetiarum, hoc est, Iocoseriorum Fasciculus novus, 1627</subfield>
  </datafield>
  <datafield tag="500" ind1=" " ind2=" ">
    <subfield code="a">Schlüsselseiten aus dem Exemplar der HAB Wolfenbüttel: 240.8 Quod. (19)</subfield>
  </datafield>
  <datafield tag="510" ind1="3" ind2=" ">
    <subfield code="a">Erman &amp; Horn 1, Nr. 7411</subfield>
  </datafield>
  <datafield tag="655" ind1=" " ind2="7">
    <subfield code="a">Dissertation</subfield>
    <subfield code="0">(DE-627)006573304</subfield>
    <subfield code="2">local</subfield>
  </datafield>
  <datafield tag="655" ind1=" " ind2="7">
    <subfield code="a">Satire</subfield>
    <subfield code="0">(DE-627)006572030</subfield>
    <subfield code="2">local</subfield>
  </datafield>
  <datafield tag="700" ind1="1" ind2=" ">
    <subfield code="a">Rabe, Victor</subfield>
    <subfield code="0">(DE-588)124678483</subfield>
    <subfield code="0">(DE-627)004855531</subfield>
    <subfield code="0">(DE-576)294443266</subfield>
    <subfield code="4">aut</subfield>
  </datafield>
  <datafield tag="710" ind1="2" ind2=" ">
    <subfield code="a">Universität Rostock</subfield>
    <subfield code="4">oth</subfield>
  </datafield>
  <datafield tag="856" ind1="4" ind2="1">
    <subfield code="u">http://mdz-nbn-resolving.de/urn:nbn:de:bvb:12-bsb10642351-4</subfield>
    <subfield code="t">// 2011 digitalisiert von: Bayerische Staatsbibliothek. Exemplar mit der Signatur: München, Bayerische Staatsbibliothek -- 4 Diss. 133#Beibd.36</subfield>
    <subfield code="x">Digitalisierung</subfield>
    <subfield code="z">VD17-Nummer 2019 maschinell ergänzt</subfield>
    <subfield code="z">kostenfrei</subfield>
    <subfield code="3">Volltext</subfield>
  </datafield>
  <datafield tag="924" ind1="0" ind2=" ">
    <subfield code="a">006236146</subfield>
    <subfield code="b">DE-7</subfield>
    <subfield code="9">7</subfield>
    <subfield code="c">GBV</subfield>
    <subfield code="g">COLL DISS CELL 147 (5a)</subfield>
  </datafield>
  <datafield tag="924" ind1="0" ind2=" ">
    <subfield code="a">001448463</subfield>
    <subfield code="b">DE-23</subfield>
    <subfield code="9">23</subfield>
    <subfield code="c">GBV</subfield>
    <subfield code="g">240.8 Quod. (19)</subfield>
    <subfield code="g">240.8 Quod. (1)</subfield>
  </datafield>
  <datafield tag="924" ind1="0" ind2=" ">
    <subfield code="a">00144848X</subfield>
    <subfield code="b">DE-23</subfield>
    <subfield code="9">23</subfield>
    <subfield code="c">GBV</subfield>
    <subfield code="g">P 523.4° Helmst. (11)</subfield>
    <subfield code="g">P 523.4° Helmst.</subfield>
  </datafield>
  <datafield tag="924" ind1="0" ind2=" ">
    <subfield code="a">003567311</subfield>
    <subfield code="b">DE-32</subfield>
    <subfield code="9">32</subfield>
    <subfield code="c">GBV</subfield>
    <subfield code="d">b</subfield>
    <subfield code="g">Q 3 : 9 [b]</subfield>
  </datafield>
  <datafield tag="924" ind1="0" ind2=" ">
    <subfield code="a">005914337</subfield>
    <subfield code="b">DE-32</subfield>
    <subfield code="9">32</subfield>
    <subfield code="c">GBV</subfield>
    <subfield code="d">b</subfield>
    <subfield code="g">19 A 9994</subfield>
    <subfield code="h">k</subfield>
  </datafield>
  <datafield tag="924" ind1="0" ind2=" ">
    <subfield code="a">005692784</subfield>
    <subfield code="b">DE-3</subfield>
    <subfield code="9">3</subfield>
    <subfield code="c">GBV</subfield>
    <subfield code="d">c</subfield>
    <subfield code="g">Rostock, Diss., 1574-1670 (8)</subfield>
  </datafield>
  <datafield tag="935" ind1=" " ind2=" ">
    <subfield code="e">Erman &amp; Horn 1, Nr. 7411</subfield>
    <subfield code="f">b</subfield>
  </datafield>
  <datafield tag="951" ind1=" " ind2=" ">
    <subfield code="a">BO</subfield>
  </datafield>
</record></zs:recordData><zs:recordPosition>3</zs:recordPosition></zs:record><zs:record><zs:recordSchema>marcxml</zs:recordSchema><zs:recordXMLEscaping>xml</zs:recordXMLEscaping><zs:recordData><record xmlns="http://www.loc.gov/MARC21/slim">
  <leader>     cam a22        4500</leader>
  <controlfield tag="001">001307983</controlfield>
  <controlfield tag="003">DE-627-4</controlfield>
  <controlfield tag="005">20210608185835.0</controlfield>
  <controlfield tag="007">tu</controlfield>
  <controlfield tag="008">020901s1621    xx |||||      00| ||lat c</controlfield>
  <datafield tag="024" ind1="7" ind2=" ">
    <subfield code="a">12:150193N</subfield>
    <subfield code="2">vd17</subfield>
  </datafield>
  <datafield tag="026" ind1=" " ind2=" ">
    <subfield code="e">m,m, n-m, o-r- &amp;hAu C 1621A</subfield>
    <subfield code="2">fei</subfield>
  </datafield>
  <datafield tag="035" ind1=" " ind2=" ">
    <subfield code="a">(DE-627-4)001307983</subfield>
  </datafield>
  <datafield tag="035" ind1=" " ind2=" ">
    <subfield code="a">(DE-599)KXP001307983</subfield>
  </datafield>
  <datafield tag="040" ind1=" " ind2=" ">
    <subfield code="a">DE-627</subfield>
    <subfield code="b">ger</subfield>
    <subfield code="c">DE-627</subfield>
    <subfield code="e">rakwb</subfield>
  </datafield>
  <datafield tag="041" ind1=" " ind2=" ">
    <subfield code="a">lat</subfield>
  </datafield>
  <datafield tag="100" ind1="1" ind2=" ">
    <subfield code="a">Grießheim, Heinrich Christoph von</subfield>
    <subfield code="d">1598-1649</subfield>
    <subfield code="0">(DE-588)100487831</subfield>
    <subfield code="0">(DE-627)004096304</subfield>
    <subfield code="0">(DE-576)288659236</subfield>
    <subfield code="4">aut</subfield>
  </datafield>
  <datafield tag="245" ind1="1" ind2="0">
    <subfield code="a">Discursus Historico-Politico-Iuridicus Nobilissimam Vicariatus S. Romano-Germanici imperii materiam exhibens</subfield>
    <subfield code="b">Excerptus ex aureis vetustissimorum, &amp; recentissimorum Achiopistōn Imperii Nomothetarum myrotheciis, reiectis, &amp; proiectis Cretensium fumivendarum quisquiliis, Et Impositus basi Legis Imperii fundamentalis Aureae bullae, eiusq[ue] c. 5. &amp; constitutionis Ruperti d. a[nn]o 1401</subfield>
    <subfield code="c">In ... Academiae Schaumburgicae, quae est Rinthelii ... publice propositus Ab Heinrico Christophoro a Griesheim ... Illoq[ue] Praesidente tutamen eiusdem suscipiet. Henningus Wallbaum Mindanus. habebitur in acroaterio ICtoru[m] d. Apr.</subfield>
  </datafield>
  <datafield tag="264" ind1=" " ind2="1">
    <subfield code="a">Rinthelii</subfield>
    <subfield code="b">Reinekingius</subfield>
    <subfield code="c">1621</subfield>
  </datafield>
  <datafield tag="300" ind1=" " ind2=" ">
    <subfield code="a">[23] Bl</subfield>
    <subfield code="c">4°</subfield>
  </datafield>
  <datafield tag="336" ind1=" " ind2=" ">
    <subfield code="a">nicht spezifiziert</subfield>
    <subfield code="b">zzz</subfield>
    <subfield code="2">rdacontent</subfield>
  </datafield>
  <datafield tag="337" ind1=" " ind2=" ">
    <subfield code="a">nicht spezifiziert</subfield>
    <subfield code="b">z</subfield>
    <subfield code="2">rdamedia</subfield>
  </datafield>
  <datafield tag="338" ind1=" " ind2=" ">
    <subfield code="a">nicht spezifiziert</subfield>
    <subfield code="b">zu</subfield>
    <subfield code="2">rdacarrier</subfield>
  </datafield>
  <datafield tag="500" ind1=" " ind2=" ">
    <subfield code="a">Schlüsselseiten aus dem Exemplar der BSB München: 4 Diss. 400</subfield>
  </datafield>
  <datafield tag="655" ind1=" " ind2="7">
    <subfield code="a">Dissertation:jur.</subfield>
    <subfield code="0">(DE-627)006573266</subfield>
    <subfield code="2">local</subfield>
  </datafield>
  <datafield tag="700" ind1="1" ind2=" ">
    <subfield code="a">Wallbaum, Henning</subfield>
    <subfield code="d">1598-1633</subfield>
    <subfield code="0">(DE-588)128606304</subfield>
    <subfield code="0">(DE-627)005084350</subfield>
    <subfield code="0">(DE-576)29723871X</subfield>
    <subfield code="4">aut</subfield>
  </datafield>
  <datafield tag="700" ind1="0" ind2=" ">
    <subfield code="a">Ernestus</subfield>
    <subfield code="c">Princeps Et Comes Holsatiae Et Schaumburgi</subfield>
    <subfield code="e">WidmungsempfängerIn</subfield>
    <subfield code="4">dte</subfield>
  </datafield>
  <datafield tag="700" ind1="1" ind2=" ">
    <subfield code="a">Brauns, Christoph.</subfield>
    <subfield code="e">BeiträgerIn</subfield>
    <subfield code="4">ctb</subfield>
  </datafield>
  <datafield tag="700" ind1="1" ind2=" ">
    <subfield code="a">Gerardin, Francisc.</subfield>
    <subfield code="e">BeiträgerIn</subfield>
    <subfield code="4">ctb</subfield>
  </datafield>
  <datafield tag="700" ind1="1" ind2=" ">
    <subfield code="a">Reineking, Ernst</subfield>
    <subfield code="0">(DE-588)1037520459</subfield>
    <subfield code="0">(DE-627)007472730</subfield>
    <subfield code="4">prt</subfield>
  </datafield>
  <datafield tag="710" ind1="2" ind2=" ">
    <subfield code="a">Universität Rinteln</subfield>
    <subfield code="4">oth</subfield>
  </datafield>
  <datafield tag="751" ind1=" " ind2=" ">
    <subfield code="a">Rinteln</subfield>
    <subfield code="4">pup</subfield>
  </datafield>
  <datafield tag="856" ind1="4" ind2="1">
    <subfield code="u">http://mdz-nbn-resolving.de/urn:nbn:de:bvb:12-bsb10651403-4</subfield>
    <subfield code="t">// 2011 digitalisiert von: Bayerische Staatsbibliothek. Exemplar mit der Signatur: München, Bayerische Staatsbibliothek -- 4 Diss. 400#Beibd.3</subfield>
    <subfield code="x">Digitalisierung</subfield>
    <subfield code="z">VD17-Nummer 2019 maschinell ergänzt</subfield>
    <subfield code="z">kostenfrei</subfield>
    <subfield code="3">Volltext</subfield>
  </datafield>
  <datafield tag="924" ind1="0" ind2=" ">
    <subfield code="a">006196136</subfield>
    <subfield code="b">DE-7</subfield>
    <subfield code="9">7</subfield>
    <subfield code="c">GBV</subfield>
    <subfield code="g">COLL DISS CELL 84 (39)</subfield>
  </datafield>
  <datafield tag="924" ind1="0" ind2=" ">
    <subfield code="a">003985725</subfield>
    <subfield code="b">DE-14</subfield>
    <subfield code="9">14</subfield>
    <subfield code="c">BSZ</subfield>
    <subfield code="d">c</subfield>
    <subfield code="g">Jus.publ.Germ.F.455,48</subfield>
  </datafield>
  <datafield tag="951" ind1=" " ind2=" ">
    <subfield code="a">BO</subfield>
  </datafield>
</record></zs:recordData><zs:recordPosition>4</zs:recordPosition></zs:record><zs:record><zs:recordSchema>marcxml</zs:recordSchema><zs:recordXMLEscaping>xml</zs:recordXMLEscaping><zs:recordData><record xmlns="http://www.loc.gov/MARC21/slim">
  <leader>     cam a22        4500</leader>
  <controlfield tag="001">006880169</controlfield>
  <controlfield tag="003">DE-627-4</controlfield>
  <controlfield tag="005">20210616124452.0</controlfield>
  <controlfield tag="007">tu</controlfield>
  <controlfield tag="008">120208s1620    xx |||||      00| ||lat c</controlfield>
  <datafield tag="024" ind1="7" ind2=" ">
    <subfield code="a">28:719387M</subfield>
    <subfield code="2">vd17</subfield>
  </datafield>
  <datafield tag="026" ind1=" " ind2=" ">
    <subfield code="e">s.i- loix t,I. suPr 3 1620R</subfield>
    <subfield code="2">fei</subfield>
  </datafield>
  <datafield tag="035" ind1=" " ind2=" ">
    <subfield code="a">(DE-627-4)006880169</subfield>
  </datafield>
  <datafield tag="035" ind1=" " ind2=" ">
    <subfield code="a">(DE-599)KXP006880169</subfield>
  </datafield>
  <datafield tag="040" ind1=" " ind2=" ">
    <subfield code="a">DE-627</subfield>
    <subfield code="b">ger</subfield>
    <subfield code="c">DE-627</subfield>
    <subfield code="e">rakwb</subfield>
  </datafield>
  <datafield tag="041" ind1=" " ind2=" ">
    <subfield code="a">lat</subfield>
  </datafield>
  <datafield tag="100" ind1="1" ind2=" ">
    <subfield code="a">Grießheim, Heinrich Christoph von</subfield>
    <subfield code="d">1598-1649</subfield>
    <subfield code="0">(DE-588)100487831</subfield>
    <subfield code="0">(DE-627)004096304</subfield>
    <subfield code="0">(DE-576)288659236</subfield>
    <subfield code="4">aut</subfield>
  </datafield>
  <datafield tag="245" ind1="1" ind2="0">
    <subfield code="a">Iurisprudentiae Publicae Romano-Germanicae Brevis Delineatio</subfield>
    <subfield code="b">Sex Disputationibus Comprehensa, In Qua Tractatur De Origine Et Progressu Nostri Imperii, De Sacratissimi Imperatoris Electione &amp; Coronatione, de laudatissimo Electorum Collegio, atq[ue] reliquis Imperii Nostri membris augustissimis</subfield>
    <subfield code="c">Auctore Heinrico Christophoro a Grießheim Equite Thuringico</subfield>
  </datafield>
  <datafield tag="264" ind1=" " ind2="1">
    <subfield code="a">Rostochii</subfield>
    <subfield code="b">Typis Ferberianis</subfield>
    <subfield code="c">1620</subfield>
  </datafield>
  <datafield tag="300" ind1=" " ind2=" ">
    <subfield code="a">[1] Bl., 32 S., [1] Bl., S. 33-48</subfield>
    <subfield code="c">4°</subfield>
  </datafield>
  <datafield tag="336" ind1=" " ind2=" ">
    <subfield code="a">nicht spezifiziert</subfield>
    <subfield code="b">zzz</subfield>
    <subfield code="2">rdacontent</subfield>
  </datafield>
  <datafield tag="337" ind1=" " ind2=" ">
    <subfield code="a">nicht spezifiziert</subfield>
    <subfield code="b">z</subfield>
    <subfield code="2">rdamedia</subfield>
  </datafield>
  <datafield tag="338" ind1=" " ind2=" ">
    <subfield code="a">nicht spezifiziert</subfield>
    <subfield code="b">zu</subfield>
    <subfield code="2">rdacarrier</subfield>
  </datafield>
  <datafield tag="500" ind1=" " ind2=" ">
    <subfield code="a">Nicht identisch mit VD 17 1:018692B (Typographie des Titelblatts und Widmungsempfänger)</subfield>
  </datafield>
  <datafield tag="500" ind1=" " ind2=" ">
    <subfield code="a">Signaturformel: [1], A - D4, [1], E - F4</subfield>
  </datafield>
  <datafield tag="583" ind1="1" ind2=" ">
    <subfield code="a">Digitalisiert</subfield>
    <subfield code="z">Digitalisierung Regional durch UB Rostock</subfield>
    <subfield code="2">pdager</subfield>
  </datafield>
  <datafield tag="700" ind1="0" ind2=" ">
    <subfield code="a">Adolph Friedrich</subfield>
    <subfield code="c">Mecklenburg, Herzog</subfield>
    <subfield code="e">WidmungsempfängerIn</subfield>
    <subfield code="4">dte</subfield>
  </datafield>
  <datafield tag="700" ind1="0" ind2=" ">
    <subfield code="a">Johannis Albertus</subfield>
    <subfield code="c">Mecklenburg, Herzog</subfield>
    <subfield code="e">WidmungsempfängerIn</subfield>
    <subfield code="4">dte</subfield>
  </datafield>
  <datafield tag="700" ind1="1" ind2=" ">
    <subfield code="a">Eylenburgk, Botho Heinricus ab</subfield>
    <subfield code="e">BeiträgerIn</subfield>
    <subfield code="4">ctb</subfield>
  </datafield>
  <datafield tag="700" ind1="1" ind2=" ">
    <subfield code="a">Durfeld, Sigismundus</subfield>
    <subfield code="e">BeiträgerIn</subfield>
    <subfield code="4">ctb</subfield>
  </datafield>
  <datafield tag="700" ind1="1" ind2=" ">
    <subfield code="a">Münchhausen, Ludolphus a</subfield>
    <subfield code="e">BeiträgerIn</subfield>
    <subfield code="4">ctb</subfield>
  </datafield>
  <datafield tag="700" ind1="1" ind2=" ">
    <subfield code="a">Ferber, Augustin</subfield>
    <subfield code="c">der Jüngere</subfield>
    <subfield code="d">-1631</subfield>
    <subfield code="0">(DE-588)1037507789</subfield>
    <subfield code="0">(DE-627)007484046</subfield>
    <subfield code="4">prt</subfield>
  </datafield>
  <datafield tag="710" ind1="2" ind2=" ">
    <subfield code="a">Universität Rostock</subfield>
    <subfield code="4">oth</subfield>
  </datafield>
  <datafield tag="751" ind1=" " ind2=" ">
    <subfield code="a">Rostock</subfield>
    <subfield code="4">pup</subfield>
  </datafield>
  <datafield tag="856" ind1="4" ind2="1">
    <subfield code="u">http://purl.uni-rostock.de/rosdok/ppn749874848</subfield>
    <subfield code="t">// 2013 digitalisiert von: Universitätsbibliothek Rostock. Exemplar mit der Signatur: Jc-1336</subfield>
    <subfield code="x">Digitalisierung</subfield>
    <subfield code="z">kostenfrei</subfield>
    <subfield code="3">Volltext</subfield>
  </datafield>
  <datafield tag="924" ind1="0" ind2=" ">
    <subfield code="a">006961266</subfield>
    <subfield code="b">DE-28</subfield>
    <subfield code="9">28</subfield>
    <subfield code="c">GBV</subfield>
    <subfield code="g">Jc-1336</subfield>
    <subfield code="h">28-MAG</subfield>
  </datafield>
  <datafield tag="951" ind1=" " ind2=" ">
    <subfield code="a">BO</subfield>
  </datafield>
</record></zs:recordData><zs:recordPosition>5</zs:recordPosition></zs:record><zs:record><zs:recordSchema>marcxml</zs:recordSchema><zs:recordXMLEscaping>xml</zs:recordXMLEscaping><zs:recordData><record xmlns="http://www.loc.gov/MARC21/slim">
  <leader>     cam a22        4500</leader>
  <controlfield tag="001">00161925X</controlfield>
  <controlfield tag="003">DE-627-4</controlfield>
  <controlfield tag="005">20210608183646.0</controlfield>
  <controlfield tag="007">tu</controlfield>
  <controlfield tag="008">020901s1620    xx |||||      00| ||lat c</controlfield>
  <datafield tag="024" ind1="7" ind2=" ">
    <subfield code="a">1:018692B</subfield>
    <subfield code="2">vd17</subfield>
  </datafield>
  <datafield tag="026" ind1=" " ind2=" ">
    <subfield code="e">s.i- loix t,I. suPr 3 1620R</subfield>
    <subfield code="2">fei</subfield>
  </datafield>
  <datafield tag="035" ind1=" " ind2=" ">
    <subfield code="a">(DE-627-4)00161925X</subfield>
  </datafield>
  <datafield tag="035" ind1=" " ind2=" ">
    <subfield code="a">(DE-599)KXP00161925X</subfield>
  </datafield>
  <datafield tag="040" ind1=" " ind2=" ">
    <subfield code="a">DE-627</subfield>
    <subfield code="b">ger</subfield>
    <subfield code="c">DE-627</subfield>
    <subfield code="e">rakwb</subfield>
  </datafield>
  <datafield tag="041" ind1=" " ind2=" ">
    <subfield code="a">lat</subfield>
  </datafield>
  <datafield tag="100" ind1="1" ind2=" ">
    <subfield code="a">Grießheim, Heinrich Christoph von</subfield>
    <subfield code="d">1598-1649</subfield>
    <subfield code="0">(DE-588)100487831</subfield>
    <subfield code="0">(DE-627)004096304</subfield>
    <subfield code="0">(DE-576)288659236</subfield>
    <subfield code="4">aut</subfield>
  </datafield>
  <datafield tag="245" ind1="1" ind2="0">
    <subfield code="a">Iurisprudentiae Publicae Romano-Germanicae Brevis Delineatio</subfield>
    <subfield code="b">Sex Disputationibus Comprehensa, In qua tractatur De Origine Et Progressu Nostri Imperii, De Sacratissimi Imperatoris Electione &amp; Coronatione, de laudatissimo Electorum Collegio, atq[ue] reliquis Imperii Nostri membris augustissimis</subfield>
    <subfield code="c">Auctore Heinrico Christophoro a Grießheim Equite Thuringico</subfield>
  </datafield>
  <datafield tag="264" ind1=" " ind2="1">
    <subfield code="a">Rostochii</subfield>
    <subfield code="b">Typis Ferberianis</subfield>
    <subfield code="c">1620</subfield>
  </datafield>
  <datafield tag="300" ind1=" " ind2=" ">
    <subfield code="a">[1] Bl., 184 S</subfield>
    <subfield code="c">4°</subfield>
  </datafield>
  <datafield tag="336" ind1=" " ind2=" ">
    <subfield code="a">nicht spezifiziert</subfield>
    <subfield code="b">zzz</subfield>
    <subfield code="2">rdacontent</subfield>
  </datafield>
  <datafield tag="337" ind1=" " ind2=" ">
    <subfield code="a">nicht spezifiziert</subfield>
    <subfield code="b">z</subfield>
    <subfield code="2">rdamedia</subfield>
  </datafield>
  <datafield tag="338" ind1=" " ind2=" ">
    <subfield code="a">nicht spezifiziert</subfield>
    <subfield code="b">zu</subfield>
    <subfield code="2">rdacarrier</subfield>
  </datafield>
  <datafield tag="500" ind1=" " ind2=" ">
    <subfield code="a">Mit vermutl. falscher Kustode auf S. 184: Dissert. 7</subfield>
  </datafield>
  <datafield tag="500" ind1=" " ind2=" ">
    <subfield code="a">Schlüsselseiten aus dem Exemplar der BSB München: 4 Diss. 237</subfield>
  </datafield>
  <datafield tag="500" ind1=" " ind2=" ">
    <subfield code="a">Signaturformel: [1], A - L4, M2, N - P4, Q2, R - Z4, Aa4</subfield>
  </datafield>
  <datafield tag="700" ind1="1" ind2=" ">
    <subfield code="a">Sacken, Carolus a</subfield>
    <subfield code="e">BeiträgerIn</subfield>
    <subfield code="4">ctb</subfield>
  </datafield>
  <datafield tag="700" ind1="1" ind2=" ">
    <subfield code="a">Lintz, Amandus von</subfield>
    <subfield code="e">BeiträgerIn</subfield>
    <subfield code="4">ctb</subfield>
  </datafield>
  <datafield tag="700" ind1="1" ind2=" ">
    <subfield code="a">Aßwede, Henricus Andreas ab</subfield>
    <subfield code="e">BeiträgerIn</subfield>
    <subfield code="4">ctb</subfield>
  </datafield>
  <datafield tag="700" ind1="1" ind2=" ">
    <subfield code="a">Münchhausen, Ludolphus a</subfield>
    <subfield code="e">BeiträgerIn</subfield>
    <subfield code="4">ctb</subfield>
  </datafield>
  <datafield tag="700" ind1="1" ind2=" ">
    <subfield code="a">Eylenburgk, Botho Heinricus ab</subfield>
    <subfield code="e">BeiträgerIn</subfield>
    <subfield code="4">ctb</subfield>
  </datafield>
  <datafield tag="700" ind1="1" ind2=" ">
    <subfield code="a">Reventlow, Laurentius</subfield>
    <subfield code="e">BeiträgerIn</subfield>
    <subfield code="4">ctb</subfield>
  </datafield>
  <datafield tag="700" ind1="1" ind2=" ">
    <subfield code="a">Pappelbaum, Eberhardus</subfield>
    <subfield code="e">BeiträgerIn</subfield>
    <subfield code="4">ctb</subfield>
  </datafield>
  <datafield tag="700" ind1="1" ind2=" ">
    <subfield code="a">Ferber, Augustin</subfield>
    <subfield code="c">der Jüngere</subfield>
    <subfield code="d">-1631</subfield>
    <subfield code="0">(DE-588)1037507789</subfield>
    <subfield code="0">(DE-627)007484046</subfield>
    <subfield code="4">prt</subfield>
  </datafield>
  <datafield tag="710" ind1="2" ind2=" ">
    <subfield code="a">Universität Rostock</subfield>
    <subfield code="4">oth</subfield>
  </datafield>
  <datafield tag="751" ind1=" " ind2=" ">
    <subfield code="a">Rostock</subfield>
    <subfield code="4">pup</subfield>
  </datafield>
  <datafield tag="856" ind1="4" ind2="1">
    <subfield code="u">http://mdz-nbn-resolving.de/urn:nbn:de:bvb:12-bsb00030365-3</subfield>
    <subfield code="t">// digitalisiert von: Bayerische Staatsbibliothek München. Exemplar mit der Signatur: 4 Diss. 237#Beibd.11</subfield>
    <subfield code="x">Digitalisierung</subfield>
    <subfield code="z">kostenfrei</subfield>
    <subfield code="3">Volltext</subfield>
  </datafield>
  <datafield tag="856" ind1="4" ind2="1">
    <subfield code="u">http://mdz-nbn-resolving.de/urn:nbn:de:bvb:12-bsb10814734-5</subfield>
    <subfield code="t">// 2011 digitalisiert von: Bayerische Staatsbibliothek. Exemplar mit der Signatur: München, Bayerische Staatsbibliothek -- 4 Diss. 237#Beibd.11</subfield>
    <subfield code="x">Digitalisierung</subfield>
    <subfield code="z">kostenfrei</subfield>
    <subfield code="3">Volltext</subfield>
  </datafield>
  <datafield tag="924" ind1="0" ind2=" ">
    <subfield code="a">000734977</subfield>
    <subfield code="b">DE-1a</subfield>
    <subfield code="9">1a</subfield>
    <subfield code="c">GBV</subfield>
    <subfield code="d">b</subfield>
    <subfield code="g">Gv 16856</subfield>
    <subfield code="h">6</subfield>
  </datafield>
  <datafield tag="924" ind1="0" ind2=" ">
    <subfield code="a">001981072</subfield>
    <subfield code="b">DE-23</subfield>
    <subfield code="9">23</subfield>
    <subfield code="c">GBV</subfield>
    <subfield code="g">86.25 Jur. (1)</subfield>
  </datafield>
  <datafield tag="924" ind1="0" ind2=" ">
    <subfield code="a">004810082</subfield>
    <subfield code="b">DE-32</subfield>
    <subfield code="9">32</subfield>
    <subfield code="c">GBV</subfield>
    <subfield code="d">b</subfield>
    <subfield code="g">25, 5 : 23</subfield>
  </datafield>
  <datafield tag="924" ind1="0" ind2=" ">
    <subfield code="a">006993885</subfield>
    <subfield code="b">DE-28</subfield>
    <subfield code="9">28</subfield>
    <subfield code="c">GBV</subfield>
    <subfield code="g">R.U.-jur 1620 Grießheim, Heinrich Christoph von</subfield>
    <subfield code="h">28-MAG</subfield>
  </datafield>
  <datafield tag="951" ind1=" " ind2=" ">
    <subfield code="a">BO</subfield>
  </datafield>
</record></zs:recordData><zs:recordPosition>6</zs:recordPosition></zs:record><zs:record><zs:recordSchema>marcxml</zs:recordSchema><zs:recordXMLEscaping>xml</zs:recordXMLEscaping><zs:recordData><record xmlns="http://www.loc.gov/MARC21/slim">
  <leader>     cam a22        4500</leader>
  <controlfield tag="001">007335938</controlfield>
  <controlfield tag="003">DE-627-4</controlfield>
  <controlfield tag="005">20200224225634.0</controlfield>
  <controlfield tag="007">tu</controlfield>
  <controlfield tag="008">130321s1619    xx |||||      00| ||lat c</controlfield>
  <datafield tag="024" ind1="7" ind2=" ">
    <subfield code="a">56:725603F</subfield>
    <subfield code="2">vd17</subfield>
  </datafield>
  <datafield tag="026" ind1=" " ind2=" ">
    <subfield code="e">de5. uæi- n,k- tepe C 1619R</subfield>
    <subfield code="2">fei</subfield>
  </datafield>
  <datafield tag="035" ind1=" " ind2=" ">
    <subfield code="a">(DE-627-4)007335938</subfield>
  </datafield>
  <datafield tag="035" ind1=" " ind2=" ">
    <subfield code="a">(DE-599)KXP007335938</subfield>
  </datafield>
  <datafield tag="040" ind1=" " ind2=" ">
    <subfield code="a">DE-627</subfield>
    <subfield code="b">ger</subfield>
    <subfield code="c">DE-627</subfield>
    <subfield code="e">rakwb</subfield>
  </datafield>
  <datafield tag="041" ind1=" " ind2=" ">
    <subfield code="a">lat</subfield>
    <subfield code="a">ger</subfield>
  </datafield>
  <datafield tag="100" ind1="1" ind2=" ">
    <subfield code="a">Grießheim, Heinrich Christoph von</subfield>
    <subfield code="d">1598-1649</subfield>
    <subfield code="0">(DE-588)100487831</subfield>
    <subfield code="0">(DE-627)004096304</subfield>
    <subfield code="0">(DE-576)288659236</subfield>
    <subfield code="4">aut</subfield>
  </datafield>
  <datafield tag="245" ind1="1" ind2="9">
    <subfield code="a">Heinrici Christophori a Griesheim Equitis Thuringici, Discursus Historico-Iuridicus De Nobilitatis Germanicae origine antiquissima, &amp; constitutione gloriosissima ...</subfield>
  </datafield>
  <datafield tag="264" ind1=" " ind2="1">
    <subfield code="a">Brunsvigae</subfield>
    <subfield code="b">Typis Dunckeri</subfield>
    <subfield code="c">1619</subfield>
  </datafield>
  <datafield tag="300" ind1=" " ind2=" ">
    <subfield code="a">[11] Bl.</subfield>
  </datafield>
  <datafield tag="336" ind1=" " ind2=" ">
    <subfield code="a">nicht spezifiziert</subfield>
    <subfield code="b">zzz</subfield>
    <subfield code="2">rdacontent</subfield>
  </datafield>
  <datafield tag="337" ind1=" " ind2=" ">
    <subfield code="a">nicht spezifiziert</subfield>
    <subfield code="b">z</subfield>
    <subfield code="2">rdamedia</subfield>
  </datafield>
  <datafield tag="338" ind1=" " ind2=" ">
    <subfield code="a">nicht spezifiziert</subfield>
    <subfield code="b">zu</subfield>
    <subfield code="2">rdacarrier</subfield>
  </datafield>
  <datafield tag="500" ind1=" " ind2=" ">
    <subfield code="a">Schlüsselseiten aus dem Ex. der StB Braunschweig: C 140/2 (4°)</subfield>
  </datafield>
  <datafield tag="500" ind1=" " ind2=" ">
    <subfield code="a">Vorlageform des Erscheinungsvermerks: Brunsvigæ, Typis Andreæ Dunckeri. Anno MDCXIX.</subfield>
  </datafield>
  <datafield tag="700" ind1="1" ind2=" ">
    <subfield code="a">Amelunxen, Schweder Luther von</subfield>
    <subfield code="e">WidmungsempfängerIn</subfield>
    <subfield code="4">dte</subfield>
  </datafield>
  <datafield tag="700" ind1="1" ind2=" ">
    <subfield code="a">Duncker, Andreas</subfield>
    <subfield code="d">-1629</subfield>
    <subfield code="0">(DE-588)122207718</subfield>
    <subfield code="0">(DE-627)004570170</subfield>
    <subfield code="4">prt</subfield>
  </datafield>
  <datafield tag="751" ind1=" " ind2=" ">
    <subfield code="a">Braunschweig</subfield>
    <subfield code="4">pup</subfield>
  </datafield>
  <datafield tag="924" ind1="0" ind2=" ">
    <subfield code="a">007126956</subfield>
    <subfield code="b">DE-56</subfield>
    <subfield code="9">56</subfield>
    <subfield code="c">GBV</subfield>
    <subfield code="d">d</subfield>
    <subfield code="g">C 140/2 (4°)</subfield>
  </datafield>
  <datafield tag="951" ind1=" " ind2=" ">
    <subfield code="a">BO</subfield>
  </datafield>
</record></zs:recordData><zs:recordPosition>7</zs:recordPosition></zs:record><zs:record><zs:recordSchema>marcxml</zs:recordSchema><zs:recordXMLEscaping>xml</zs:recordXMLEscaping><zs:recordData><record xmlns="http://www.loc.gov/MARC21/slim">
  <leader>     cam a22        4500</leader>
  <controlfield tag="001">006919987</controlfield>
  <controlfield tag="003">DE-627-4</controlfield>
  <controlfield tag="005">20210616124517.0</controlfield>
  <controlfield tag="007">tu</controlfield>
  <controlfield tag="008">120515s1619    xx |||||      00| ||lat c</controlfield>
  <datafield tag="024" ind1="7" ind2=" ">
    <subfield code="a">28:720420P</subfield>
    <subfield code="2">vd17</subfield>
  </datafield>
  <datafield tag="026" ind1=" " ind2=" ">
    <subfield code="e">e,lo I.t. lan- utod C 1619A</subfield>
    <subfield code="2">fei</subfield>
  </datafield>
  <datafield tag="035" ind1=" " ind2=" ">
    <subfield code="a">(DE-627-4)006919987</subfield>
  </datafield>
  <datafield tag="035" ind1=" " ind2=" ">
    <subfield code="a">(DE-599)KXP006919987</subfield>
  </datafield>
  <datafield tag="040" ind1=" " ind2=" ">
    <subfield code="a">DE-627</subfield>
    <subfield code="b">ger</subfield>
    <subfield code="c">DE-627</subfield>
    <subfield code="e">rakwb</subfield>
  </datafield>
  <datafield tag="041" ind1=" " ind2=" ">
    <subfield code="a">lat</subfield>
  </datafield>
  <datafield tag="100" ind1="1" ind2=" ">
    <subfield code="a">Varmeier, Theodor</subfield>
    <subfield code="d">1587-1642</subfield>
    <subfield code="0">(DE-588)104336110</subfield>
    <subfield code="0">(DE-627)004173503</subfield>
    <subfield code="4">aut</subfield>
  </datafield>
  <datafield tag="245" ind1="1" ind2="0">
    <subfield code="a">Hasce quaestiones miscellaneas, ex Iure publico &amp; feudali delibatas</subfield>
    <subfield code="c">Sub Praesidio ... Dn. Theodori Varenmeieri, I. U. D.  Fautoris &amp; hospitis mei aeternum honorandi, Publico examini subiicio Heinricus Christophorus a Griesheim, Eques Thuring. Ad diem 16. Octob. horis &amp; loco consuetis ... Ad ... Dn. Ernestum Cothmannum, ICtum per totam Europam celeberrimum ... observantiae cultu aetatem prosequendum</subfield>
  </datafield>
  <datafield tag="264" ind1=" " ind2="1">
    <subfield code="a">Rotochi[i]</subfield>
    <subfield code="b">Ferberus</subfield>
    <subfield code="c">1619</subfield>
  </datafield>
  <datafield tag="300" ind1=" " ind2=" ">
    <subfield code="a">[4] Bl</subfield>
    <subfield code="c">4°</subfield>
  </datafield>
  <datafield tag="336" ind1=" " ind2=" ">
    <subfield code="a">nicht spezifiziert</subfield>
    <subfield code="b">zzz</subfield>
    <subfield code="2">rdacontent</subfield>
  </datafield>
  <datafield tag="337" ind1=" " ind2=" ">
    <subfield code="a">nicht spezifiziert</subfield>
    <subfield code="b">z</subfield>
    <subfield code="2">rdamedia</subfield>
  </datafield>
  <datafield tag="338" ind1=" " ind2=" ">
    <subfield code="a">nicht spezifiziert</subfield>
    <subfield code="b">zu</subfield>
    <subfield code="2">rdacarrier</subfield>
  </datafield>
  <datafield tag="583" ind1="1" ind2=" ">
    <subfield code="a">Digitalisiert</subfield>
    <subfield code="z">Digitalisierung Regional durch UB Rostock</subfield>
    <subfield code="2">pdager</subfield>
  </datafield>
  <datafield tag="655" ind1=" " ind2="7">
    <subfield code="a">Dissertation:jur.</subfield>
    <subfield code="0">(DE-627)006573266</subfield>
    <subfield code="2">local</subfield>
  </datafield>
  <datafield tag="700" ind1="1" ind2=" ">
    <subfield code="a">Grießheim, Heinrich Christoph von</subfield>
    <subfield code="d">1598-1649</subfield>
    <subfield code="0">(DE-588)100487831</subfield>
    <subfield code="0">(DE-627)004096304</subfield>
    <subfield code="0">(DE-576)288659236</subfield>
    <subfield code="4">aut</subfield>
  </datafield>
  <datafield tag="700" ind1="1" ind2=" ">
    <subfield code="a">Cothmann, Ernst</subfield>
    <subfield code="d">1557-1624</subfield>
    <subfield code="0">(DE-588)120615983</subfield>
    <subfield code="0">(DE-627)004391616</subfield>
    <subfield code="4">oth</subfield>
  </datafield>
  <datafield tag="700" ind1="1" ind2=" ">
    <subfield code="a">Ferber, Augustin</subfield>
    <subfield code="c">der Jüngere</subfield>
    <subfield code="d">-1631</subfield>
    <subfield code="0">(DE-588)1037507789</subfield>
    <subfield code="0">(DE-627)007484046</subfield>
    <subfield code="4">prt</subfield>
  </datafield>
  <datafield tag="710" ind1="2" ind2=" ">
    <subfield code="a">Universität Rostock</subfield>
    <subfield code="4">oth</subfield>
  </datafield>
  <datafield tag="751" ind1=" " ind2=" ">
    <subfield code="a">Rostock</subfield>
    <subfield code="4">pup</subfield>
  </datafield>
  <datafield tag="856" ind1="4" ind2="1">
    <subfield code="u">http://purl.uni-rostock.de/rosdok/ppn730637271</subfield>
    <subfield code="t">// 2012 digitalisiert von: Universitätsbibliothek Rostock. Exemplar mit der Signatur: R.U.-jur 1619 Varmeier, Theodor</subfield>
    <subfield code="x">Digitalisierung</subfield>
    <subfield code="z">kostenfrei</subfield>
    <subfield code="3">Volltext</subfield>
  </datafield>
  <datafield tag="924" ind1="0" ind2=" ">
    <subfield code="a">006993362</subfield>
    <subfield code="b">DE-28</subfield>
    <subfield code="9">28</subfield>
    <subfield code="c">GBV</subfield>
    <subfield code="g">R.U.-jur 1619 Varmeier, Theodor</subfield>
    <subfield code="h">28-MAG</subfield>
  </datafield>
  <datafield tag="951" ind1=" " ind2=" ">
    <subfield code="a">BO</subfield>
  </datafield>
</record></zs:recordData><zs:recordPosition>8</zs:recordPosition></zs:record><zs:record><zs:recordSchema>marcxml</zs:recordSchema><zs:recordXMLEscaping>xml</zs:recordXMLEscaping><zs:recordData><record xmlns="http://www.loc.gov/MARC21/slim">
  <leader>     cam a22        4500</leader>
  <controlfield tag="001">006919650</controlfield>
  <controlfield tag="003">DE-627-4</controlfield>
  <controlfield tag="005">20210616124520.0</controlfield>
  <controlfield tag="007">tu</controlfield>
  <controlfield tag="008">120514s1619    xx |||||      00| ||lat c</controlfield>
  <datafield tag="024" ind1="7" ind2=" ">
    <subfield code="a">28:720389R</subfield>
    <subfield code="2">vd17</subfield>
  </datafield>
  <datafield tag="026" ind1=" " ind2=" ">
    <subfield code="e">9.i- a-i- l.su u-s. C 1619A</subfield>
    <subfield code="2">fei</subfield>
  </datafield>
  <datafield tag="035" ind1=" " ind2=" ">
    <subfield code="a">(DE-627-4)006919650</subfield>
  </datafield>
  <datafield tag="035" ind1=" " ind2=" ">
    <subfield code="a">(DE-599)KXP006919650</subfield>
  </datafield>
  <datafield tag="040" ind1=" " ind2=" ">
    <subfield code="a">DE-627</subfield>
    <subfield code="b">ger</subfield>
    <subfield code="c">DE-627</subfield>
    <subfield code="e">rakwb</subfield>
  </datafield>
  <datafield tag="041" ind1=" " ind2=" ">
    <subfield code="a">lat</subfield>
  </datafield>
  <datafield tag="100" ind1="1" ind2=" ">
    <subfield code="a">Grießheim, Heinrich Christoph von</subfield>
    <subfield code="d">1598-1649</subfield>
    <subfield code="0">(DE-588)100487831</subfield>
    <subfield code="0">(DE-627)004096304</subfield>
    <subfield code="0">(DE-576)288659236</subfield>
    <subfield code="4">aut</subfield>
  </datafield>
  <datafield tag="245" ind1="1" ind2="0">
    <subfield code="a">Disputatio Feudalis De Cucurbitatione</subfield>
    <subfield code="c">Quam Divina Gratia Favente In Illustri Rosarum Academia Sub Praesidio Heinrici Christophori a Grießheim/ Equit. Thuring. Privatim defendet Victor Rabe/ Eques Megapolit. Ad diem 30. Decemb.</subfield>
  </datafield>
  <datafield tag="264" ind1=" " ind2="1">
    <subfield code="a">Rostochii</subfield>
    <subfield code="b">Ferberus</subfield>
    <subfield code="c">1619</subfield>
  </datafield>
  <datafield tag="300" ind1=" " ind2=" ">
    <subfield code="a">[4] Bl</subfield>
  </datafield>
  <datafield tag="336" ind1=" " ind2=" ">
    <subfield code="a">nicht spezifiziert</subfield>
    <subfield code="b">zzz</subfield>
    <subfield code="2">rdacontent</subfield>
  </datafield>
  <datafield tag="337" ind1=" " ind2=" ">
    <subfield code="a">nicht spezifiziert</subfield>
    <subfield code="b">z</subfield>
    <subfield code="2">rdamedia</subfield>
  </datafield>
  <datafield tag="338" ind1=" " ind2=" ">
    <subfield code="a">nicht spezifiziert</subfield>
    <subfield code="b">zu</subfield>
    <subfield code="2">rdacarrier</subfield>
  </datafield>
  <datafield tag="583" ind1="1" ind2=" ">
    <subfield code="a">Digitalisiert</subfield>
    <subfield code="z">Digitalisierung Regional durch UB Rostock</subfield>
    <subfield code="2">pdager</subfield>
  </datafield>
  <datafield tag="655" ind1=" " ind2="7">
    <subfield code="a">Dissertation:jur.</subfield>
    <subfield code="0">(DE-627)006573266</subfield>
    <subfield code="2">local</subfield>
  </datafield>
  <datafield tag="700" ind1="1" ind2=" ">
    <subfield code="a">Rabe, Victor</subfield>
    <subfield code="0">(DE-588)124678483</subfield>
    <subfield code="0">(DE-627)004855531</subfield>
    <subfield code="0">(DE-576)294443266</subfield>
    <subfield code="4">aut</subfield>
  </datafield>
  <datafield tag="710" ind1="2" ind2=" ">
    <subfield code="a">Ferber</subfield>
    <subfield code="4">prt</subfield>
  </datafield>
  <datafield tag="751" ind1=" " ind2=" ">
    <subfield code="a">Rostock</subfield>
    <subfield code="4">pup</subfield>
  </datafield>
  <datafield tag="856" ind1="4" ind2="1">
    <subfield code="u">http://purl.uni-rostock.de/rosdok/ppn730636046</subfield>
    <subfield code="t">// 2012 digitalisiert von: Universitätsbibliothek Rostock. Exemplar mit der Signatur: R.U.-jur 1619 Grießheim, Heinrich Christoph von</subfield>
    <subfield code="x">Digitalisierung</subfield>
    <subfield code="z">kostenfrei</subfield>
    <subfield code="3">Volltext</subfield>
  </datafield>
  <datafield tag="924" ind1="0" ind2=" ">
    <subfield code="a">006992846</subfield>
    <subfield code="b">DE-28</subfield>
    <subfield code="9">28</subfield>
    <subfield code="c">GBV</subfield>
    <subfield code="g">R.U.-jur 1619 Grießheim, Heinrich Christoph von</subfield>
    <subfield code="h">28-MAG</subfield>
  </datafield>
  <datafield tag="951" ind1=" " ind2=" ">
    <subfield code="a">BO</subfield>
  </datafield>
</record></zs:recordData><zs:recordPosition>9</zs:recordPosition></zs:record><zs:record><zs:recordSchema>marcxml</zs:recordSchema><zs:recordXMLEscaping>xml</zs:recordXMLEscaping><zs:recordData><record xmlns="http://www.loc.gov/MARC21/slim">
  <leader>     cam a22        4500</leader>
  <controlfield tag="001">006315275</controlfield>
  <controlfield tag="003">DE-627-4</controlfield>
  <controlfield tag="005">20200310222305.0</controlfield>
  <controlfield tag="007">tu</controlfield>
  <controlfield tag="008">070907s1619    xx |||||      00| ||lat c</controlfield>
  <datafield tag="024" ind1="7" ind2=" ">
    <subfield code="a">7:699144A</subfield>
    <subfield code="2">vd17</subfield>
  </datafield>
  <datafield tag="026" ind1=" " ind2=" ">
    <subfield code="e">x.i. m-en a.s, Eves C 1619A</subfield>
    <subfield code="2">fei</subfield>
  </datafield>
  <datafield tag="035" ind1=" " ind2=" ">
    <subfield code="a">(DE-627-4)006315275</subfield>
  </datafield>
  <datafield tag="035" ind1=" " ind2=" ">
    <subfield code="a">(DE-599)KXP006315275</subfield>
  </datafield>
  <datafield tag="040" ind1=" " ind2=" ">
    <subfield code="a">DE-627</subfield>
    <subfield code="b">ger</subfield>
    <subfield code="c">DE-627</subfield>
    <subfield code="e">rakwb</subfield>
  </datafield>
  <datafield tag="041" ind1=" " ind2=" ">
    <subfield code="a">lat</subfield>
  </datafield>
  <datafield tag="100" ind1="1" ind2=" ">
    <subfield code="a">Grießheim, Heinrich Christoph von</subfield>
    <subfield code="d">1598-1649</subfield>
    <subfield code="0">(DE-588)100487831</subfield>
    <subfield code="0">(DE-627)004096304</subfield>
    <subfield code="0">(DE-576)288659236</subfield>
    <subfield code="4">aut</subfield>
  </datafield>
  <datafield tag="245" ind1="1" ind2="0">
    <subfield code="a">De S. Romano-Germanico Imperio, Dissertatio II. De Iuramento Electorum</subfield>
    <subfield code="b">in quo praecipue tractatur de Personis Imperatoria maiestate dignis; Et de loco Electionis</subfield>
    <subfield code="c">Quam ... In Incluta Rosarum Academia Sub Praesidio Henrici Christophori a Grießheim/ Equitis Thuring. ... suorum Dnn. Collegarum discußioni submisse committit, Ludolphus a Munchausen Eques Schaumburgicus. Ad diem 13. Novemb. ...</subfield>
  </datafield>
  <datafield tag="264" ind1=" " ind2="1">
    <subfield code="a">Rostochi</subfield>
    <subfield code="b">Ferberus</subfield>
    <subfield code="c">1619</subfield>
  </datafield>
  <datafield tag="300" ind1=" " ind2=" ">
    <subfield code="a">[2] Bl., S. 33 - 64</subfield>
    <subfield code="c">4°</subfield>
  </datafield>
  <datafield tag="336" ind1=" " ind2=" ">
    <subfield code="a">nicht spezifiziert</subfield>
    <subfield code="b">zzz</subfield>
    <subfield code="2">rdacontent</subfield>
  </datafield>
  <datafield tag="337" ind1=" " ind2=" ">
    <subfield code="a">nicht spezifiziert</subfield>
    <subfield code="b">z</subfield>
    <subfield code="2">rdamedia</subfield>
  </datafield>
  <datafield tag="338" ind1=" " ind2=" ">
    <subfield code="a">nicht spezifiziert</subfield>
    <subfield code="b">zu</subfield>
    <subfield code="2">rdacarrier</subfield>
  </datafield>
  <datafield tag="500" ind1=" " ind2=" ">
    <subfield code="a">Signaturformel: [2], E - H4</subfield>
  </datafield>
  <datafield tag="655" ind1=" " ind2="7">
    <subfield code="a">Dissertation:jur.</subfield>
    <subfield code="0">(DE-627)006573266</subfield>
    <subfield code="2">local</subfield>
  </datafield>
  <datafield tag="700" ind1="1" ind2=" ">
    <subfield code="a">Münchhausen, Ludolf von</subfield>
    <subfield code="0">(DE-588)133359816</subfield>
    <subfield code="0">(DE-627)006315283</subfield>
    <subfield code="0">(DE-576)299794881</subfield>
    <subfield code="4">aut</subfield>
  </datafield>
  <datafield tag="700" ind1="1" ind2=" ">
    <subfield code="a">Munchausen, Ludolphus a</subfield>
    <subfield code="e">WidmungsempfängerIn</subfield>
    <subfield code="4">dte</subfield>
  </datafield>
  <datafield tag="700" ind1="1" ind2=" ">
    <subfield code="a">Varmejer, Theoeorus</subfield>
    <subfield code="e">BeiträgerIn</subfield>
    <subfield code="4">ctb</subfield>
  </datafield>
  <datafield tag="700" ind1="1" ind2=" ">
    <subfield code="a">Hartman, Henricus</subfield>
    <subfield code="e">BeiträgerIn</subfield>
    <subfield code="4">ctb</subfield>
  </datafield>
  <datafield tag="700" ind1="1" ind2=" ">
    <subfield code="a">Ferber, Augustin</subfield>
    <subfield code="c">der Jüngere</subfield>
    <subfield code="d">-1631</subfield>
    <subfield code="0">(DE-588)1037507789</subfield>
    <subfield code="0">(DE-627)007484046</subfield>
    <subfield code="4">prt</subfield>
  </datafield>
  <datafield tag="710" ind1="2" ind2=" ">
    <subfield code="a">Universität Rostock</subfield>
    <subfield code="4">oth</subfield>
  </datafield>
  <datafield tag="751" ind1=" " ind2=" ">
    <subfield code="a">Rostock</subfield>
    <subfield code="4">pup</subfield>
  </datafield>
  <datafield tag="856" ind1="4" ind2="1">
    <subfield code="u">http://resolver.sub.uni-goettingen.de/purl?PPN583316786</subfield>
    <subfield code="t">// digitalisiert von: SUB Göttingen. Exemplar mit der Signatur: COLL DISS CELL 84 (34)</subfield>
    <subfield code="x">Digitalisierung</subfield>
    <subfield code="z">kostenfrei</subfield>
    <subfield code="3">Volltext</subfield>
  </datafield>
  <datafield tag="924" ind1="0" ind2=" ">
    <subfield code="a">006196020</subfield>
    <subfield code="b">DE-7</subfield>
    <subfield code="9">7</subfield>
    <subfield code="c">GBV</subfield>
    <subfield code="g">COLL DISS CELL 84 (34)</subfield>
  </datafield>
  <datafield tag="951" ind1=" " ind2=" ">
    <subfield code="a">BO</subfield>
  </datafield>
</record></zs:recordData><zs:recordPosition>10</zs:recordPosition></zs:record><zs:record><zs:recordSchema>marcxml</zs:recordSchema><zs:recordXMLEscaping>xml</zs:recordXMLEscaping><zs:recordData><record xmlns="http://www.loc.gov/MARC21/slim">
  <leader>     cam a22        4500</leader>
  <controlfield tag="001">000012599</controlfield>
  <controlfield tag="003">DE-627-4</controlfield>
  <controlfield tag="005">20200310205617.0</controlfield>
  <controlfield tag="007">tu</controlfield>
  <controlfield tag="008">020901s1619    xx |||||      00| ||lat c</controlfield>
  <datafield tag="024" ind1="7" ind2=" ">
    <subfield code="a">23:252770V</subfield>
    <subfield code="2">vd17</subfield>
  </datafield>
  <datafield tag="026" ind1=" " ind2=" ">
    <subfield code="e">6.sa s&amp;e- r,it laIm C 1619R</subfield>
    <subfield code="2">fei</subfield>
  </datafield>
  <datafield tag="035" ind1=" " ind2=" ">
    <subfield code="a">(DE-627-4)000012599</subfield>
  </datafield>
  <datafield tag="035" ind1=" " ind2=" ">
    <subfield code="a">(DE-599)KXP000012599</subfield>
  </datafield>
  <datafield tag="040" ind1=" " ind2=" ">
    <subfield code="a">DE-627</subfield>
    <subfield code="b">ger</subfield>
    <subfield code="c">DE-627</subfield>
    <subfield code="e">rakwb</subfield>
  </datafield>
  <datafield tag="041" ind1=" " ind2=" ">
    <subfield code="a">lat</subfield>
  </datafield>
  <datafield tag="100" ind1="1" ind2=" ">
    <subfield code="a">Cranius, Henricus Andreas</subfield>
    <subfield code="d">-1626</subfield>
    <subfield code="0">(DE-588)116711310</subfield>
    <subfield code="0">(DE-627)004248015</subfield>
    <subfield code="0">(DE-576)290767083</subfield>
    <subfield code="4">aut</subfield>
  </datafield>
  <datafield tag="245" ind1="1" ind2="0">
    <subfield code="a">Discursus Historico-Iuridicus De Comitiis Imperii Romano-Germanici</subfield>
    <subfield code="c">Quem ... in Illustri ac celeberrima Academia Iulia Sub Praesidio ... Dn. Henrici Andreae Cranii ... Codic. Iustinian. &amp; Iuris Feud. Professoris Ordinarii ... publicae censurae perofficiose subiicit Henricus Christophorus a Grießheim Eques Thur. Ad diem 19. Iunii horis matutinis</subfield>
  </datafield>
  <datafield tag="264" ind1=" " ind2="1">
    <subfield code="a">Helmaestadii</subfield>
    <subfield code="b">Lucius</subfield>
    <subfield code="c">1619</subfield>
  </datafield>
  <datafield tag="300" ind1=" " ind2=" ">
    <subfield code="a">[18] Bl</subfield>
    <subfield code="c">4°</subfield>
  </datafield>
  <datafield tag="336" ind1=" " ind2=" ">
    <subfield code="a">nicht spezifiziert</subfield>
    <subfield code="b">zzz</subfield>
    <subfield code="2">rdacontent</subfield>
  </datafield>
  <datafield tag="337" ind1=" " ind2=" ">
    <subfield code="a">nicht spezifiziert</subfield>
    <subfield code="b">z</subfield>
    <subfield code="2">rdamedia</subfield>
  </datafield>
  <datafield tag="338" ind1=" " ind2=" ">
    <subfield code="a">nicht spezifiziert</subfield>
    <subfield code="b">zu</subfield>
    <subfield code="2">rdacarrier</subfield>
  </datafield>
  <datafield tag="500" ind1=" " ind2=" ">
    <subfield code="a">Schlüsselseiten aus dem Exemplar der HAB Wolfenbüttel: Yx 4.8o̱ Helmst. (10)</subfield>
  </datafield>
  <datafield tag="500" ind1=" " ind2=" ">
    <subfield code="a">Vorlageform des Erscheinungsvermerks: Helmaestadii, Typis heredum Iacobi LvcI, M D CXIX</subfield>
  </datafield>
  <datafield tag="655" ind1=" " ind2="7">
    <subfield code="a">Dissertation:jur.</subfield>
    <subfield code="0">(DE-627)006573266</subfield>
    <subfield code="2">local</subfield>
  </datafield>
  <datafield tag="700" ind1="1" ind2=" ">
    <subfield code="a">Grießheim, Heinrich Christoph von</subfield>
    <subfield code="d">1598-1649</subfield>
    <subfield code="0">(DE-588)100487831</subfield>
    <subfield code="0">(DE-627)004096304</subfield>
    <subfield code="0">(DE-576)288659236</subfield>
    <subfield code="4">aut</subfield>
  </datafield>
  <datafield tag="700" ind1="1" ind2=" ">
    <subfield code="a">Goldast, Melchior</subfield>
    <subfield code="e">WidmungsempfängerIn</subfield>
    <subfield code="4">dte</subfield>
  </datafield>
  <datafield tag="700" ind1="1" ind2=" ">
    <subfield code="a">Lüders, Johan.</subfield>
    <subfield code="e">BeiträgerIn</subfield>
    <subfield code="4">ctb</subfield>
  </datafield>
  <datafield tag="700" ind1="1" ind2=" ">
    <subfield code="a">Wolfius, Joann.</subfield>
    <subfield code="e">BeiträgerIn</subfield>
    <subfield code="4">ctb</subfield>
  </datafield>
  <datafield tag="700" ind1="1" ind2=" ">
    <subfield code="a">Meibomius, Henricus</subfield>
    <subfield code="e">BeiträgerIn</subfield>
    <subfield code="4">ctb</subfield>
  </datafield>
  <datafield tag="710" ind1="2" ind2=" ">
    <subfield code="a">Jakob Lucius II. Erben</subfield>
    <subfield code="0">(DE-588)6146099-0</subfield>
    <subfield code="0">(DE-627)007398816</subfield>
    <subfield code="4">prt</subfield>
  </datafield>
  <datafield tag="751" ind1=" " ind2=" ">
    <subfield code="a">Helmstedt</subfield>
    <subfield code="4">pup</subfield>
  </datafield>
  <datafield tag="856" ind1="4" ind2="1">
    <subfield code="u">http://diglib.hab.de/drucke/yx-4-8f-helmst-10s/start.htm</subfield>
    <subfield code="q">image/jpeg</subfield>
    <subfield code="t">digitalisiert von: Herzog August Bibliothek Wolfenbüttel, Exemplar mit der Signatur: Yx 4.8° Helmst. (10)</subfield>
    <subfield code="x">Digitalisierung</subfield>
    <subfield code="z">kostenfrei</subfield>
    <subfield code="3">Volltext</subfield>
  </datafield>
  <datafield tag="924" ind1="0" ind2=" ">
    <subfield code="a">006303102</subfield>
    <subfield code="b">DE-7</subfield>
    <subfield code="9">7</subfield>
    <subfield code="c">GBV</subfield>
    <subfield code="g">8 J VAR 91/c (39)</subfield>
    <subfield code="h">HG-MAG</subfield>
  </datafield>
  <datafield tag="924" ind1="0" ind2=" ">
    <subfield code="a">000841595</subfield>
    <subfield code="b">DE-23</subfield>
    <subfield code="9">23</subfield>
    <subfield code="c">GBV</subfield>
    <subfield code="g">Yx 4.8° Helmst. (10)</subfield>
  </datafield>
  <datafield tag="924" ind1="0" ind2=" ">
    <subfield code="a">003960706</subfield>
    <subfield code="b">DE-14</subfield>
    <subfield code="9">14</subfield>
    <subfield code="c">BSZ</subfield>
    <subfield code="d">c</subfield>
    <subfield code="g">Jus.publ.Germ.B.140,48</subfield>
  </datafield>
  <datafield tag="951" ind1=" " ind2=" ">
    <subfield code="a">BO</subfield>
  </datafield>
</record></zs:recordData><zs:recordPosition>11</zs:recordPosition></zs:record><zs:record><zs:recordSchema>marcxml</zs:recordSchema><zs:recordXMLEscaping>xml</zs:recordXMLEscaping><zs:recordData><record xmlns="http://www.loc.gov/MARC21/slim">
  <leader>     cam a22        4500</leader>
  <controlfield tag="001">000012580</controlfield>
  <controlfield tag="003">DE-627-4</controlfield>
  <controlfield tag="005">20210113153022.0</controlfield>
  <controlfield tag="007">tu</controlfield>
  <controlfield tag="008">020901s1619    xx |||||      00| ||lat c</controlfield>
  <datafield tag="024" ind1="7" ind2=" ">
    <subfield code="a">23:252764U</subfield>
    <subfield code="2">vd17</subfield>
  </datafield>
  <datafield tag="026" ind1=" " ind2=" ">
    <subfield code="e">s,em t.ri æ-i- FIVI C 1619R</subfield>
    <subfield code="2">fei</subfield>
  </datafield>
  <datafield tag="035" ind1=" " ind2=" ">
    <subfield code="a">(DE-627-4)000012580</subfield>
  </datafield>
  <datafield tag="035" ind1=" " ind2=" ">
    <subfield code="a">(DE-599)KXP000012580</subfield>
  </datafield>
  <datafield tag="040" ind1=" " ind2=" ">
    <subfield code="a">DE-627</subfield>
    <subfield code="b">ger</subfield>
    <subfield code="c">DE-627</subfield>
    <subfield code="e">rakwb</subfield>
  </datafield>
  <datafield tag="041" ind1=" " ind2=" ">
    <subfield code="a">lat</subfield>
  </datafield>
  <datafield tag="100" ind1="1" ind2=" ">
    <subfield code="a">Grießheim, Heinrich Christoph von</subfield>
    <subfield code="d">1598-1649</subfield>
    <subfield code="0">(DE-588)100487831</subfield>
    <subfield code="0">(DE-627)004096304</subfield>
    <subfield code="0">(DE-576)288659236</subfield>
    <subfield code="4">aut</subfield>
  </datafield>
  <datafield tag="245" ind1="1" ind2="0">
    <subfield code="a">Discursus Tertius De Electorum S. R. I. Laudatissimo Collegio</subfield>
    <subfield code="b">Continens Electorum, Palatini Et Saxonici Potestatem, Quam ipsis Concedit Praeter Longam Consuetudinem Aureae Bullae Caroli IV. Cap. V. Tempore Interregni</subfield>
    <subfield code="c">Quem ... in incluta Iulia Sub Praesidio Henrici Christophori a Grießheim Equit. Thur. X. Die Iulii ... submittit Franciscus Wolpmannus Verdensis</subfield>
  </datafield>
  <datafield tag="264" ind1=" " ind2="1">
    <subfield code="a">Helmaestadi[i]</subfield>
    <subfield code="b">Lucius</subfield>
    <subfield code="c">1619</subfield>
  </datafield>
  <datafield tag="300" ind1=" " ind2=" ">
    <subfield code="a">[10] Bl</subfield>
  </datafield>
  <datafield tag="336" ind1=" " ind2=" ">
    <subfield code="a">nicht spezifiziert</subfield>
    <subfield code="b">zzz</subfield>
    <subfield code="2">rdacontent</subfield>
  </datafield>
  <datafield tag="337" ind1=" " ind2=" ">
    <subfield code="a">nicht spezifiziert</subfield>
    <subfield code="b">z</subfield>
    <subfield code="2">rdamedia</subfield>
  </datafield>
  <datafield tag="338" ind1=" " ind2=" ">
    <subfield code="a">nicht spezifiziert</subfield>
    <subfield code="b">zu</subfield>
    <subfield code="2">rdacarrier</subfield>
  </datafield>
  <datafield tag="500" ind1=" " ind2=" ">
    <subfield code="a">Vorlageform des Erscheinungsvermerks: HelmaestadI, Typis heredum Iacobi LvcI, M D CXIX</subfield>
  </datafield>
  <datafield tag="655" ind1=" " ind2="7">
    <subfield code="a">Dissertation:jur.</subfield>
    <subfield code="0">(DE-627)006573266</subfield>
    <subfield code="2">local</subfield>
  </datafield>
  <datafield tag="700" ind1="1" ind2=" ">
    <subfield code="a">Wolpmann, Franz</subfield>
    <subfield code="d">1656-1699</subfield>
    <subfield code="0">(DE-588)129271543</subfield>
    <subfield code="0">(DE-627)005317177</subfield>
    <subfield code="0">(DE-576)297571826</subfield>
    <subfield code="4">aut</subfield>
  </datafield>
  <datafield tag="710" ind1="2" ind2=" ">
    <subfield code="a">Jakob Lucius II. Erben</subfield>
    <subfield code="0">(DE-588)6146099-0</subfield>
    <subfield code="0">(DE-627)007398816</subfield>
    <subfield code="4">prt</subfield>
  </datafield>
  <datafield tag="710" ind1="2" ind2=" ">
    <subfield code="a">Consules Reipublicae Verdensis</subfield>
    <subfield code="e">WidmungsempfängerIn</subfield>
    <subfield code="4">dte</subfield>
  </datafield>
  <datafield tag="751" ind1=" " ind2=" ">
    <subfield code="a">Helmstedt</subfield>
    <subfield code="4">pup</subfield>
  </datafield>
  <datafield tag="856" ind1="4" ind2="1">
    <subfield code="u">http://diglib.hab.de/drucke/yx-4-8f-helmst-9s/start.htm</subfield>
    <subfield code="q">image/jpeg</subfield>
    <subfield code="t">digitalisiert von: Herzog August Bibliothek Wolfenbüttel, Exemplar mit der Signatur: Yx 4.8° Helmst. (9)</subfield>
    <subfield code="x">Digitalisierung</subfield>
    <subfield code="z">kostenfrei</subfield>
    <subfield code="3">Volltext</subfield>
  </datafield>
  <datafield tag="924" ind1="0" ind2=" ">
    <subfield code="a">000841579</subfield>
    <subfield code="b">DE-23</subfield>
    <subfield code="9">23</subfield>
    <subfield code="c">GBV</subfield>
    <subfield code="g">Yx 4.8° Helmst. (9)</subfield>
  </datafield>
  <datafield tag="951" ind1=" " ind2=" ">
    <subfield code="a">BO</subfield>
  </datafield>
</record></zs:recordData><zs:recordPosition>12</zs:recordPosition></zs:record><zs:record><zs:recordSchema>marcxml</zs:recordSchema><zs:recordXMLEscaping>xml</zs:recordXMLEscaping><zs:recordData><record xmlns="http://www.loc.gov/MARC21/slim">
  <leader>     cam a22        4500</leader>
  <controlfield tag="001">001300482</controlfield>
  <controlfield tag="003">DE-627-4</controlfield>
  <controlfield tag="005">20211215214915.0</controlfield>
  <controlfield tag="007">tu</controlfield>
  <controlfield tag="008">020901s1618    xx |||||      00| ||lat c</controlfield>
  <datafield tag="024" ind1="7" ind2=" ">
    <subfield code="a">12:147627B</subfield>
    <subfield code="2">vd17</subfield>
  </datafield>
  <datafield tag="026" ind1=" " ind2=" ">
    <subfield code="e">s,r- ernd t,n, zuvo C 1618R</subfield>
    <subfield code="2">fei</subfield>
  </datafield>
  <datafield tag="035" ind1=" " ind2=" ">
    <subfield code="a">(DE-627-4)001300482</subfield>
  </datafield>
  <datafield tag="035" ind1=" " ind2=" ">
    <subfield code="a">(DE-599)KXP001300482</subfield>
  </datafield>
  <datafield tag="040" ind1=" " ind2=" ">
    <subfield code="a">DE-627</subfield>
    <subfield code="b">ger</subfield>
    <subfield code="c">DE-627</subfield>
    <subfield code="e">rakwb</subfield>
  </datafield>
  <datafield tag="041" ind1=" " ind2=" ">
    <subfield code="a">lat</subfield>
  </datafield>
  <datafield tag="100" ind1="1" ind2=" ">
    <subfield code="a">Grießheim, Heinrich Christoph von</subfield>
    <subfield code="d">1598-1649</subfield>
    <subfield code="0">(DE-588)100487831</subfield>
    <subfield code="0">(DE-627)004096304</subfield>
    <subfield code="0">(DE-576)288659236</subfield>
    <subfield code="4">aut</subfield>
  </datafield>
  <datafield tag="245" ind1="1" ind2="0">
    <subfield code="a">De Electoribus S.S.R.I. Discursus Secundus Continens Eorum Potestatem In Electione SS. Romani Imperatoris Desumtus Ex c. 1. 2. 4. 18., &amp; 19. Aureae Bullae Caroli IV</subfield>
    <subfield code="c">Quem ... in incluta Academia Iulia ... Sub Praesidio Heinrici Christophori a Griesheim ... examini perofficiose subiicit Heinricus Iulius Bodemeyerus Guelferbyt. S. 14. Novembr. Horis, &amp; loco consuetis</subfield>
  </datafield>
  <datafield tag="246" ind1="3" ind2="0">
    <subfield code="a">sanctissimi Romani imperii sacrosancti</subfield>
  </datafield>
  <datafield tag="264" ind1=" " ind2="1">
    <subfield code="a">Helmaestadi[i]</subfield>
    <subfield code="b">Lucius</subfield>
    <subfield code="c">1618</subfield>
  </datafield>
  <datafield tag="300" ind1=" " ind2=" ">
    <subfield code="a">[22] Bl</subfield>
    <subfield code="c">4°</subfield>
  </datafield>
  <datafield tag="336" ind1=" " ind2=" ">
    <subfield code="a">nicht spezifiziert</subfield>
    <subfield code="b">zzz</subfield>
    <subfield code="2">rdacontent</subfield>
  </datafield>
  <datafield tag="337" ind1=" " ind2=" ">
    <subfield code="a">nicht spezifiziert</subfield>
    <subfield code="b">z</subfield>
    <subfield code="2">rdamedia</subfield>
  </datafield>
  <datafield tag="338" ind1=" " ind2=" ">
    <subfield code="a">nicht spezifiziert</subfield>
    <subfield code="b">zu</subfield>
    <subfield code="2">rdacarrier</subfield>
  </datafield>
  <datafield tag="500" ind1=" " ind2=" ">
    <subfield code="a">12: Ex. vermutlich unselbständig erschienen (Werk beginnt mit Lage D)</subfield>
  </datafield>
  <datafield tag="655" ind1=" " ind2="7">
    <subfield code="a">Dissertation:jur.</subfield>
    <subfield code="0">(DE-627)006573266</subfield>
    <subfield code="2">local</subfield>
  </datafield>
  <datafield tag="700" ind1="1" ind2=" ">
    <subfield code="a">Bodemeyer, Heinrich Julius</subfield>
    <subfield code="4">aut</subfield>
  </datafield>
  <datafield tag="700" ind1="1" ind2=" ">
    <subfield code="a">Udern, Fridericus ab</subfield>
    <subfield code="e">WidmungsempfängerIn</subfield>
    <subfield code="4">dte</subfield>
  </datafield>
  <datafield tag="700" ind1="1" ind2=" ">
    <subfield code="a">Bodemeyerus, Joannes</subfield>
    <subfield code="e">WidmungsempfängerIn</subfield>
    <subfield code="4">dte</subfield>
  </datafield>
  <datafield tag="700" ind1="1" ind2=" ">
    <subfield code="a">Rittershusius, Nicolaus</subfield>
    <subfield code="e">BeiträgerIn</subfield>
    <subfield code="4">ctb</subfield>
  </datafield>
  <datafield tag="700" ind1="1" ind2=" ">
    <subfield code="a">Lüders, Johan.</subfield>
    <subfield code="e">BeiträgerIn</subfield>
    <subfield code="4">ctb</subfield>
  </datafield>
  <datafield tag="710" ind1="2" ind2=" ">
    <subfield code="a">Jakob Lucius II. Erben</subfield>
    <subfield code="0">(DE-588)6146099-0</subfield>
    <subfield code="0">(DE-627)007398816</subfield>
    <subfield code="4">prt</subfield>
  </datafield>
  <datafield tag="710" ind1="2" ind2=" ">
    <subfield code="a">Universität Helmstedt</subfield>
    <subfield code="4">oth</subfield>
  </datafield>
  <datafield tag="751" ind1=" " ind2=" ">
    <subfield code="a">Helmstedt</subfield>
    <subfield code="4">pup</subfield>
  </datafield>
  <datafield tag="856" ind1="4" ind2="1">
    <subfield code="u">http://mdz-nbn-resolving.de/urn:nbn:de:bvb:12-bsb10650324-0</subfield>
    <subfield code="t">// 2011 digitalisiert von: Bayerische Staatsbibliothek. Exemplar mit der Signatur: München, Bayerische Staatsbibliothek -- 4 Diss. 369#Beibd.14</subfield>
    <subfield code="x">Digitalisierung</subfield>
    <subfield code="z">VD17-Nummer 2019 maschinell ergänzt</subfield>
    <subfield code="z">kostenfrei</subfield>
    <subfield code="3">Volltext</subfield>
  </datafield>
  <datafield tag="951" ind1=" " ind2=" ">
    <subfield code="a">BO</subfield>
  </datafield>
</record></zs:recordData><zs:recordPosition>13</zs:recordPosition></zs:record><zs:record><zs:recordSchema>marcxml</zs:recordSchema><zs:recordXMLEscaping>xml</zs:recordXMLEscaping><zs:recordData><record xmlns="http://www.loc.gov/MARC21/slim">
  <leader>     cam a22        4500</leader>
  <controlfield tag="001">000046965</controlfield>
  <controlfield tag="003">DE-627-4</controlfield>
  <controlfield tag="005">20211215210127.0</controlfield>
  <controlfield tag="007">tu</controlfield>
  <controlfield tag="008">020901s1615    xx |||||      00| ||lat c</controlfield>
  <datafield tag="024" ind1="7" ind2=" ">
    <subfield code="a">23:263665D</subfield>
    <subfield code="2">vd17</subfield>
  </datafield>
  <datafield tag="026" ind1=" " ind2=" ">
    <subfield code="e">l.r- 0.s. S.o. uss. C 1615R</subfield>
    <subfield code="2">fei</subfield>
  </datafield>
  <datafield tag="035" ind1=" " ind2=" ">
    <subfield code="a">(DE-627-4)000046965</subfield>
  </datafield>
  <datafield tag="035" ind1=" " ind2=" ">
    <subfield code="a">(DE-599)KXP000046965</subfield>
  </datafield>
  <datafield tag="040" ind1=" " ind2=" ">
    <subfield code="a">DE-627</subfield>
    <subfield code="b">ger</subfield>
    <subfield code="c">DE-627</subfield>
    <subfield code="e">rakwb</subfield>
  </datafield>
  <datafield tag="041" ind1=" " ind2=" ">
    <subfield code="a">lat</subfield>
  </datafield>
  <datafield tag="100" ind1="1" ind2=" ">
    <subfield code="a">Müter, Johann</subfield>
    <subfield code="0">(DE-588)124517455</subfield>
    <subfield code="0">(DE-627)004082834</subfield>
    <subfield code="0">(DE-576)294210202</subfield>
    <subfield code="4">aut</subfield>
  </datafield>
  <datafield tag="245" ind1="1" ind2="0">
    <subfield code="a">Quaestiones Iuridico-Politicae Ex Pacificatione Religionis Consensu Procerum sub Regimine D. Caroli V. Anno 1555. in Comit. August. solenniter promulgata</subfield>
    <subfield code="c">Quas ... Consentiente Magnifico ICtorum in illustri Salana ordine, Sub Praesidio Dn. Johannis Müteri ... Privati exercitii gratia ventilandas proponit Heinricus Christophorus a Griesheim ... A.D. II. Septembris</subfield>
  </datafield>
  <datafield tag="264" ind1=" " ind2="1">
    <subfield code="a">Ienae</subfield>
    <subfield code="c">1615</subfield>
  </datafield>
  <datafield tag="300" ind1=" " ind2=" ">
    <subfield code="a">[10] Bl</subfield>
    <subfield code="c">4°</subfield>
  </datafield>
  <datafield tag="336" ind1=" " ind2=" ">
    <subfield code="a">nicht spezifiziert</subfield>
    <subfield code="b">zzz</subfield>
    <subfield code="2">rdacontent</subfield>
  </datafield>
  <datafield tag="337" ind1=" " ind2=" ">
    <subfield code="a">nicht spezifiziert</subfield>
    <subfield code="b">z</subfield>
    <subfield code="2">rdamedia</subfield>
  </datafield>
  <datafield tag="338" ind1=" " ind2=" ">
    <subfield code="a">nicht spezifiziert</subfield>
    <subfield code="b">zu</subfield>
    <subfield code="2">rdacarrier</subfield>
  </datafield>
  <datafield tag="500" ind1=" " ind2=" ">
    <subfield code="a">Schlüsselseiten aus Exemplar 254.21 Quod. (37) (HAB Wolfenbüttel)</subfield>
  </datafield>
  <datafield tag="500" ind1=" " ind2=" ">
    <subfield code="a">Vorlageform des Erscheinungsvermerks: Jenae Anno Messiae M.D.CVX</subfield>
  </datafield>
  <datafield tag="583" ind1="1" ind2=" ">
    <subfield code="a">Digitalisiert</subfield>
    <subfield code="z">Digitalisierung Regional durch ULB Halle; ULB Halle 2014-03 digitalisiert</subfield>
    <subfield code="2">pdager</subfield>
  </datafield>
  <datafield tag="655" ind1=" " ind2="7">
    <subfield code="a">Dissertation:jur.</subfield>
    <subfield code="0">(DE-627)006573266</subfield>
    <subfield code="2">local</subfield>
  </datafield>
  <datafield tag="700" ind1="1" ind2=" ">
    <subfield code="a">Grießheim, Heinrich Christoph von</subfield>
    <subfield code="d">1598-1649</subfield>
    <subfield code="0">(DE-588)100487831</subfield>
    <subfield code="0">(DE-627)004096304</subfield>
    <subfield code="0">(DE-576)288659236</subfield>
    <subfield code="4">aut</subfield>
  </datafield>
  <datafield tag="700" ind1="1" ind2=" ">
    <subfield code="a">Apel a Grießheim in Grießheim, Cunradus</subfield>
    <subfield code="e">WidmungsempfängerIn</subfield>
    <subfield code="4">dte</subfield>
  </datafield>
  <datafield tag="700" ind1="1" ind2=" ">
    <subfield code="a">Heroldus, Christianus</subfield>
    <subfield code="e">BeiträgerIn</subfield>
    <subfield code="4">ctb</subfield>
  </datafield>
  <datafield tag="710" ind1="2" ind2=" ">
    <subfield code="a">Universität Jena</subfield>
    <subfield code="4">oth</subfield>
  </datafield>
  <datafield tag="751" ind1=" " ind2=" ">
    <subfield code="a">Jena</subfield>
    <subfield code="4">pup</subfield>
  </datafield>
  <datafield tag="856" ind1="4" ind2="1">
    <subfield code="u">http://nbn-resolving.de/urn:nbn:de:gbv:3:1-629811</subfield>
    <subfield code="t">2014 digitalisiert von: Universitäts- und Landesbibliothek Sachsen-Anhalt. Exemplar mit der Signatur: AB 154464 (27)</subfield>
    <subfield code="x">Digitalisierung</subfield>
    <subfield code="z">kostenfrei</subfield>
    <subfield code="3">Volltext</subfield>
  </datafield>
  <datafield tag="924" ind1="0" ind2=" ">
    <subfield code="a">000909297</subfield>
    <subfield code="b">DE-23</subfield>
    <subfield code="9">23</subfield>
    <subfield code="c">GBV</subfield>
    <subfield code="g">254.21 Quod. (37)</subfield>
  </datafield>
  <datafield tag="924" ind1="0" ind2=" ">
    <subfield code="a">001076485</subfield>
    <subfield code="b">DE-3</subfield>
    <subfield code="9">3</subfield>
    <subfield code="c">GBV</subfield>
    <subfield code="g">AB 154464 (27)</subfield>
    <subfield code="g">VD17-Digitalisat</subfield>
  </datafield>
  <datafield tag="951" ind1=" " ind2=" ">
    <subfield code="a">BO</subfield>
  </datafield>
</record></zs:recordData><zs:recordPosition>14</zs:recordPosition></zs:record></zs:records><zs:echoedSearchRetrieveRequest><zs:version>2.0</zs:version><zs:query>pica.nid=100487831</zs:query><zs:startRecord>1</zs:startRecord><zs:maximumRecords>500</zs:maximumRecords><zs:recordXMLEscaping>xml</zs:recordXMLEscaping><zs:recordSchema>marcxml</zs:recordSchema></zs:echoedSearchRetrieveRequest><zs:resultCountPrecision>exact</zs:resultCountPrecision></zs:searchRetrieveResponse>
