<?xml version="1.0" encoding="UTF-8"?>
<zs:searchRetrieveResponse xmlns:zs="http://docs.oasis-open.org/ns/search-ws/sruResponse"><zs:numberOfRecords>2</zs:numberOfRecords><zs:records><zs:record><zs:recordSchema>marcxml</zs:recordSchema><zs:recordXMLEscaping>xml</zs:recordXMLEscaping><zs:recordData><record xmlns="http://www.loc.gov/MARC21/slim">
  <leader>     cam a22        4500</leader>
  <controlfield tag="001">001190121</controlfield>
  <controlfield tag="003">DE-627-4</controlfield>
  <controlfield tag="005">20210607101848.0</controlfield>
  <controlfield tag="007">tu</controlfield>
  <controlfield tag="008">020901s1658    xx |||||      00| ||lat c</controlfield>
  <datafield tag="024" ind1="7" ind2=" ">
    <subfield code="a">1:019172R</subfield>
    <subfield code="2">vd17</subfield>
  </datafield>
  <datafield tag="026" ind1=" " ind2=" ">
    <subfield code="e">e-i- n-ve m:in papu 3 1658R</subfield>
    <subfield code="2">fei</subfield>
  </datafield>
  <datafield tag="035" ind1=" " ind2=" ">
    <subfield code="a">(DE-627-4)001190121</subfield>
  </datafield>
  <datafield tag="035" ind1=" " ind2=" ">
    <subfield code="a">(DE-599)KXP001190121</subfield>
  </datafield>
  <datafield tag="040" ind1=" " ind2=" ">
    <subfield code="a">DE-627</subfield>
    <subfield code="b">ger</subfield>
    <subfield code="c">DE-627</subfield>
    <subfield code="e">rakwb</subfield>
  </datafield>
  <datafield tag="041" ind1=" " ind2=" ">
    <subfield code="a">lat</subfield>
  </datafield>
  <datafield tag="100" ind1="1" ind2=" ">
    <subfield code="a">Dieterich von Rondeck, Georg Theodor</subfield>
    <subfield code="d">1614-1678</subfield>
    <subfield code="0">(DE-588)122903757</subfield>
    <subfield code="0">(DE-627)004620542</subfield>
    <subfield code="4">aut</subfield>
  </datafield>
  <datafield tag="245" ind1="1" ind2="0">
    <subfield code="a">Aurea Bulla Caroli IV. Romanorum Imperatoris</subfield>
    <subfield code="b">Iuxta Exemplar Moguntinum Novissimum</subfield>
    <subfield code="c">Cum Notis Georgii Theodori Dietrichs ... Ubi multa iuris publici Capita accurate exhibentur</subfield>
  </datafield>
  <datafield tag="246" ind1="1" ind2=" ">
    <subfield code="i">Einheitssacht. des kommententierten Werkes</subfield>
    <subfield code="a">Bulla aurea</subfield>
  </datafield>
  <datafield tag="249" ind1=" " ind2=" ">
    <subfield code="a">Adiectus in fine est Aeneae Sylvii de Ortu &amp; Authoritate Rom. Imperii Libellus</subfield>
  </datafield>
  <datafield tag="264" ind1=" " ind2="1">
    <subfield code="a">Francofurti</subfield>
    <subfield code="b">Ammonius</subfield>
    <subfield code="c">1658</subfield>
  </datafield>
  <datafield tag="264" ind1=" " ind2="1">
    <subfield code="a">Francofurti</subfield>
    <subfield code="b">Vogelius</subfield>
    <subfield code="c">1658</subfield>
  </datafield>
  <datafield tag="300" ind1=" " ind2=" ">
    <subfield code="a">[3] Bl., 60, 126, 20 S</subfield>
    <subfield code="c">4°</subfield>
  </datafield>
  <datafield tag="336" ind1=" " ind2=" ">
    <subfield code="a">nicht spezifiziert</subfield>
    <subfield code="b">zzz</subfield>
    <subfield code="2">rdacontent</subfield>
  </datafield>
  <datafield tag="337" ind1=" " ind2=" ">
    <subfield code="a">nicht spezifiziert</subfield>
    <subfield code="b">z</subfield>
    <subfield code="2">rdamedia</subfield>
  </datafield>
  <datafield tag="338" ind1=" " ind2=" ">
    <subfield code="a">nicht spezifiziert</subfield>
    <subfield code="b">zu</subfield>
    <subfield code="2">rdacarrier</subfield>
  </datafield>
  <datafield tag="500" ind1=" " ind2=" ">
    <subfield code="a">Schlüsselseiten aus dem Exemplar der SBB-PK Berlin: Gv 9510</subfield>
  </datafield>
  <datafield tag="500" ind1=" " ind2=" ">
    <subfield code="a">Signaturformel: ):(2, ):():(1, A - G4, H2, a - b4, C - P4, Q2, R1, A - B4, C2</subfield>
  </datafield>
  <datafield tag="501" ind1=" " ind2=" ">
    <subfield code="a">Beigef. Werk im Innern u.d.T.:  Aeneae Sylvii Piccolominei Senensis, olim Pii. II. Pont. Max.  De Ortu &amp; Authoritate Sacri Romani Imperii Liber : Ad Gloriosiss. &amp; Invictiss. Rom. Imperatorem Fridericum III. Achiducem Austriae I. Omnibus orbis Potentatibus, in primis S.R.I. Statibus &amp; ICtis lectu iucundus &amp; scitu percommodus. Iuxta Exemplar Moguntiae Anno 1535. apud Petrum Iordan.</subfield>
  </datafield>
  <datafield tag="655" ind1=" " ind2="7">
    <subfield code="a">Verordnung</subfield>
    <subfield code="0">(DE-627)006571840</subfield>
    <subfield code="2">local</subfield>
  </datafield>
  <datafield tag="655" ind1=" " ind2="7">
    <subfield code="a">Kommentar: jur.</subfield>
    <subfield code="0">(DE-627)006572677</subfield>
    <subfield code="2">local</subfield>
  </datafield>
  <datafield tag="700" ind1="1" ind2=" ">
    <subfield code="a">Boyneburg, Johann Christian von</subfield>
    <subfield code="e">WidmungsempfängerIn</subfield>
    <subfield code="4">dte</subfield>
  </datafield>
  <datafield tag="700" ind1="0" ind2=" ">
    <subfield code="a">Karl</subfield>
    <subfield code="b">IV.</subfield>
    <subfield code="c">Heiliges Römisches Reich, Kaiser</subfield>
    <subfield code="d">1316-1378</subfield>
    <subfield code="0">(DE-588)118560085</subfield>
    <subfield code="0">(DE-627)004290151</subfield>
    <subfield code="4">oth</subfield>
  </datafield>
  <datafield tag="700" ind1="1" ind2=" ">
    <subfield code="a">Ammon, Johann Wilhelm</subfield>
    <subfield code="0">(DE-588)102092311</subfield>
    <subfield code="0">(DE-627)006484824</subfield>
    <subfield code="4">prt</subfield>
  </datafield>
  <datafield tag="700" ind1="1" ind2=" ">
    <subfield code="a">Serlin, Wilhelm</subfield>
    <subfield code="d">1625-1674</subfield>
    <subfield code="0">(DE-588)124815820</subfield>
    <subfield code="0">(DE-627)00490396X</subfield>
    <subfield code="4">prt</subfield>
  </datafield>
  <datafield tag="700" ind1="1" ind2=" ">
    <subfield code="a">Vogel, Egidius</subfield>
    <subfield code="0">(DE-588)1037515439</subfield>
    <subfield code="0">(DE-627)007474024</subfield>
    <subfield code="4">prt</subfield>
  </datafield>
  <datafield tag="751" ind1=" " ind2=" ">
    <subfield code="a">Frankfurt, Main</subfield>
    <subfield code="4">pup</subfield>
  </datafield>
  <datafield tag="856" ind1="4" ind2="1">
    <subfield code="u">http://mdz-nbn-resolving.de/urn:nbn:de:bvb:12-bsb00002495-5</subfield>
    <subfield code="t">// 2006 digitalisiert von: Bayerische Staatsbibliothek, München. Exemplar mit der Signatur: München, Bayerische Staatsbibliothek -- 4 J.publ.e. 194#Beibd.7/7a</subfield>
    <subfield code="x">Digitalisierung</subfield>
    <subfield code="z">kostenfrei</subfield>
    <subfield code="3">Volltext</subfield>
  </datafield>
  <datafield tag="856" ind1="4" ind2="1">
    <subfield code="u">http://mdz-nbn-resolving.de/urn:nbn:de:bvb:12-bsb10162966-0</subfield>
    <subfield code="t">// 2010 digitalisiert von: Bayerische Staatsbibliothek, München. Exemplar der Bayerischen Staatsbibliothek mit der Signatur: 4 J.publ.e. 194#Beibd.7/7,a</subfield>
    <subfield code="x">Digitalisierung</subfield>
    <subfield code="z">kostenfrei</subfield>
    <subfield code="3">Volltext</subfield>
  </datafield>
  <datafield tag="856" ind1="4" ind2="1">
    <subfield code="u">http://mdz-nbn-resolving.de/urn:nbn:de:bvb:12-bsb10813629-1</subfield>
    <subfield code="t">// 2011 digitalisiert von: Bayerische Staatsbibliothek, München. Exemplar mit der Signatur: München, Bayerische Staatsbibliothek -- 4 J.publ.g. 211</subfield>
    <subfield code="x">Digitalisierung</subfield>
    <subfield code="z">kostenfrei</subfield>
    <subfield code="3">Volltext</subfield>
  </datafield>
  <datafield tag="924" ind1="0" ind2=" ">
    <subfield code="a">00056298X</subfield>
    <subfield code="b">DE-1a</subfield>
    <subfield code="9">1a</subfield>
    <subfield code="c">GBV</subfield>
    <subfield code="d">b</subfield>
    <subfield code="g">Gv 9510</subfield>
    <subfield code="h">6</subfield>
  </datafield>
  <datafield tag="924" ind1="0" ind2=" ">
    <subfield code="a">004586808</subfield>
    <subfield code="b">DE-547</subfield>
    <subfield code="9">547</subfield>
    <subfield code="c">GBV</subfield>
    <subfield code="d">b</subfield>
    <subfield code="g">03 - Hu. 8° 00857s (08)</subfield>
    <subfield code="g">xke 03 - Hu. 8° 00857s</subfield>
    <subfield code="h">SMAG</subfield>
  </datafield>
  <datafield tag="924" ind1="0" ind2=" ">
    <subfield code="a">005610044</subfield>
    <subfield code="b">DE-547</subfield>
    <subfield code="9">547</subfield>
    <subfield code="c">GBV</subfield>
    <subfield code="d">b</subfield>
    <subfield code="g">01 - Jus.G. 8° 00163</subfield>
    <subfield code="h">SMAG</subfield>
  </datafield>
  <datafield tag="924" ind1="0" ind2=" ">
    <subfield code="a">004751566</subfield>
    <subfield code="b">DE-23</subfield>
    <subfield code="9">23</subfield>
    <subfield code="c">GBV</subfield>
    <subfield code="g">Rg 141</subfield>
  </datafield>
  <datafield tag="924" ind1="0" ind2=" ">
    <subfield code="a">006543650</subfield>
    <subfield code="b">DE-32</subfield>
    <subfield code="9">32</subfield>
    <subfield code="c">GBV</subfield>
    <subfield code="d">b</subfield>
    <subfield code="g">19 A 15318</subfield>
  </datafield>
  <datafield tag="924" ind1="0" ind2=" ">
    <subfield code="a">001748769</subfield>
    <subfield code="b">DE-3</subfield>
    <subfield code="9">3</subfield>
    <subfield code="c">GBV</subfield>
    <subfield code="g">Kg 1841 (2)</subfield>
  </datafield>
  <datafield tag="924" ind1="0" ind2=" ">
    <subfield code="a">000471399</subfield>
    <subfield code="b">DE-14</subfield>
    <subfield code="9">14</subfield>
    <subfield code="c">BSZ</subfield>
    <subfield code="d">c</subfield>
    <subfield code="g">7.A.2554,angeb.1</subfield>
  </datafield>
  <datafield tag="924" ind1="0" ind2=" ">
    <subfield code="a">004913159</subfield>
    <subfield code="b">DE-14</subfield>
    <subfield code="9">14</subfield>
    <subfield code="c">BSZ</subfield>
    <subfield code="d">c</subfield>
    <subfield code="g">3.A.9272,angeb.5</subfield>
  </datafield>
  <datafield tag="951" ind1=" " ind2=" ">
    <subfield code="a">BO</subfield>
  </datafield>
</record></zs:recordData><zs:recordPosition>1</zs:recordPosition></zs:record><zs:record><zs:recordSchema>marcxml</zs:recordSchema><zs:recordXMLEscaping>xml</zs:recordXMLEscaping><zs:recordData><record xmlns="http://www.loc.gov/MARC21/slim">
  <leader>     cam a22        4500</leader>
  <controlfield tag="001">00118010X</controlfield>
  <controlfield tag="003">DE-627-4</controlfield>
  <controlfield tag="005">20210629134743.0</controlfield>
  <controlfield tag="007">tu</controlfield>
  <controlfield tag="008">020901s1648    xx |||||      00| ||lat c</controlfield>
  <datafield tag="024" ind1="7" ind2=" ">
    <subfield code="a">1:067137L</subfield>
    <subfield code="2">vd17</subfield>
  </datafield>
  <datafield tag="026" ind1=" " ind2=" ">
    <subfield code="e">l.i- i-s- i-m, clcæ 3 1648R</subfield>
    <subfield code="2">fei</subfield>
  </datafield>
  <datafield tag="035" ind1=" " ind2=" ">
    <subfield code="a">(DE-627-4)00118010X</subfield>
  </datafield>
  <datafield tag="035" ind1=" " ind2=" ">
    <subfield code="a">(DE-599)KXP00118010X</subfield>
  </datafield>
  <datafield tag="040" ind1=" " ind2=" ">
    <subfield code="a">DE-627</subfield>
    <subfield code="b">ger</subfield>
    <subfield code="c">DE-627</subfield>
    <subfield code="e">rakwb</subfield>
  </datafield>
  <datafield tag="041" ind1=" " ind2=" ">
    <subfield code="a">lat</subfield>
  </datafield>
  <datafield tag="100" ind1="1" ind2=" ">
    <subfield code="a">Dieterich von Rondeck, Georg Theodor</subfield>
    <subfield code="d">1614-1678</subfield>
    <subfield code="0">(DE-588)122903757</subfield>
    <subfield code="0">(DE-627)004620542</subfield>
    <subfield code="4">aut</subfield>
  </datafield>
  <datafield tag="245" ind1="1" ind2="3">
    <subfield code="a">D. Georgii Theodori Dieterich/ Consiliar. Hass. De Iure Et Statu Judaeorum In Republica Christianorum Discursus</subfield>
    <subfield code="b">Antehac in Academia Marpurgensi conscriptus</subfield>
  </datafield>
  <datafield tag="246" ind1="3" ind2="0">
    <subfield code="a">Iudaeorum</subfield>
  </datafield>
  <datafield tag="264" ind1=" " ind2="1">
    <subfield code="a">Marpurgi</subfield>
    <subfield code="b">Ex Officina Chemliniana</subfield>
    <subfield code="c">1648</subfield>
  </datafield>
  <datafield tag="300" ind1=" " ind2=" ">
    <subfield code="a">200 S</subfield>
    <subfield code="c">8°</subfield>
  </datafield>
  <datafield tag="336" ind1=" " ind2=" ">
    <subfield code="a">nicht spezifiziert</subfield>
    <subfield code="b">zzz</subfield>
    <subfield code="2">rdacontent</subfield>
  </datafield>
  <datafield tag="337" ind1=" " ind2=" ">
    <subfield code="a">nicht spezifiziert</subfield>
    <subfield code="b">z</subfield>
    <subfield code="2">rdamedia</subfield>
  </datafield>
  <datafield tag="338" ind1=" " ind2=" ">
    <subfield code="a">nicht spezifiziert</subfield>
    <subfield code="b">zu</subfield>
    <subfield code="2">rdacarrier</subfield>
  </datafield>
  <datafield tag="500" ind1=" " ind2=" ">
    <subfield code="a">Schlüsselseiten aus dem Exemplar der SBB-PK Berlin: Bibl. Diez 8° 6760</subfield>
  </datafield>
  <datafield tag="500" ind1=" " ind2=" ">
    <subfield code="a">Signaturformel: A - M8, N4</subfield>
  </datafield>
  <datafield tag="500" ind1=" " ind2=" ">
    <subfield code="a">Vorlageform des Erscheinungsvermerks: Marpurgi, Ex Officina Chemliniana, M.DC.XLVIII.</subfield>
  </datafield>
  <datafield tag="583" ind1="1" ind2=" ">
    <subfield code="a">Digitalisiert</subfield>
    <subfield code="z">Digitalisierung Mainstream durch ULB Halle; ULB Halle 2014-02 digitalisiert</subfield>
    <subfield code="2">pdager</subfield>
  </datafield>
  <datafield tag="655" ind1=" " ind2="7">
    <subfield code="a">Judaicum</subfield>
    <subfield code="0">(DE-627)00657274X</subfield>
    <subfield code="2">local</subfield>
  </datafield>
  <datafield tag="655" ind1=" " ind2="7">
    <subfield code="a">Hochschulschrift</subfield>
    <subfield code="0">(DE-627)006572766</subfield>
    <subfield code="2">local</subfield>
  </datafield>
  <datafield tag="700" ind1="1" ind2=" ">
    <subfield code="a">Kitzelius, Johannes</subfield>
    <subfield code="e">BeiträgerIn</subfield>
    <subfield code="4">ctb</subfield>
  </datafield>
  <datafield tag="710" ind1="2" ind2=" ">
    <subfield code="a">Kaspar Chemlin Witwe und Erben</subfield>
    <subfield code="0">(DE-588)6146275-5</subfield>
    <subfield code="0">(DE-627)007394969</subfield>
    <subfield code="4">prt</subfield>
  </datafield>
  <datafield tag="710" ind1="2" ind2=" ">
    <subfield code="a">Universität, Marburg</subfield>
    <subfield code="4">oth</subfield>
  </datafield>
  <datafield tag="751" ind1=" " ind2=" ">
    <subfield code="a">Marburg</subfield>
    <subfield code="4">pup</subfield>
  </datafield>
  <datafield tag="856" ind1="4" ind2="1">
    <subfield code="u">http://nbn-resolving.de/urn:nbn:de:gbv:3:1-369587</subfield>
    <subfield code="t">2014 digitalisiert von: Universitäts- und Landesbibliothek Sachsen-Anhalt. Exemplar mit der Signatur: Kf 498 (5)</subfield>
    <subfield code="x">Digitalisierung</subfield>
    <subfield code="z">kostenfrei</subfield>
    <subfield code="3">Volltext</subfield>
  </datafield>
  <datafield tag="924" ind1="0" ind2=" ">
    <subfield code="a">000555037</subfield>
    <subfield code="b">DE-1a</subfield>
    <subfield code="9">1a</subfield>
    <subfield code="c">GBV</subfield>
    <subfield code="d">b</subfield>
    <subfield code="g">3 an:@Bibl. Diez oct. 6760</subfield>
    <subfield code="h">1</subfield>
  </datafield>
  <datafield tag="924" ind1="0" ind2=" ">
    <subfield code="a">004276396</subfield>
    <subfield code="b">DE-547</subfield>
    <subfield code="9">547</subfield>
    <subfield code="c">GBV</subfield>
    <subfield code="d">b</subfield>
    <subfield code="g">03 - Ei. 8° 01356 (03)</subfield>
    <subfield code="g">xke 03 - Bs. 8° 00356</subfield>
    <subfield code="h">SMAG</subfield>
  </datafield>
  <datafield tag="924" ind1="0" ind2=" ">
    <subfield code="a">00736072X</subfield>
    <subfield code="b">DE-28</subfield>
    <subfield code="9">28</subfield>
    <subfield code="c">GBV</subfield>
    <subfield code="g">CIc-1153</subfield>
    <subfield code="h">28-MAG</subfield>
  </datafield>
  <datafield tag="924" ind1="0" ind2=" ">
    <subfield code="a">00174156X</subfield>
    <subfield code="b">DE-3</subfield>
    <subfield code="9">3</subfield>
    <subfield code="c">GBV</subfield>
    <subfield code="g">Kf 498 (5)</subfield>
    <subfield code="g">VD17-Digitalisat</subfield>
  </datafield>
  <datafield tag="924" ind1="0" ind2=" ">
    <subfield code="a">007971478</subfield>
    <subfield code="b">DE-15</subfield>
    <subfield code="9">15</subfield>
    <subfield code="c">BSZ</subfield>
    <subfield code="d">c</subfield>
    <subfield code="g">N.Dt.St.-R.345</subfield>
  </datafield>
  <datafield tag="951" ind1=" " ind2=" ">
    <subfield code="a">BO</subfield>
  </datafield>
</record></zs:recordData><zs:recordPosition>2</zs:recordPosition></zs:record></zs:records><zs:echoedSearchRetrieveRequest><zs:version>2.0</zs:version><zs:query>pica.nid=122903757</zs:query><zs:startRecord>1</zs:startRecord><zs:maximumRecords>500</zs:maximumRecords><zs:recordXMLEscaping>xml</zs:recordXMLEscaping><zs:recordSchema>marcxml</zs:recordSchema></zs:echoedSearchRetrieveRequest><zs:resultCountPrecision>exact</zs:resultCountPrecision></zs:searchRetrieveResponse>
