<?xml version="1.0" encoding="UTF-8"?>
<zs:searchRetrieveResponse xmlns:zs="http://docs.oasis-open.org/ns/search-ws/sruResponse"><zs:numberOfRecords>4</zs:numberOfRecords><zs:records><zs:record><zs:recordSchema>marcxml</zs:recordSchema><zs:recordXMLEscaping>xml</zs:recordXMLEscaping><zs:recordData><record xmlns="http://www.loc.gov/MARC21/slim">
  <leader>     cam a22        4500</leader>
  <controlfield tag="001">000056790</controlfield>
  <controlfield tag="003">DE-627-4</controlfield>
  <controlfield tag="005">20211203171942.0</controlfield>
  <controlfield tag="007">tu</controlfield>
  <controlfield tag="008">020901s1645    xx |||||      00| ||ger c</controlfield>
  <datafield tag="024" ind1="7" ind2=" ">
    <subfield code="a">23:266688C</subfield>
    <subfield code="2">vd17</subfield>
  </datafield>
  <datafield tag="026" ind1=" " ind2=" ">
    <subfield code="e">onin eso- e-es zuni 3 1645A</subfield>
    <subfield code="2">fei</subfield>
  </datafield>
  <datafield tag="035" ind1=" " ind2=" ">
    <subfield code="a">(DE-627-4)000056790</subfield>
  </datafield>
  <datafield tag="035" ind1=" " ind2=" ">
    <subfield code="a">(DE-599)KXP000056790</subfield>
  </datafield>
  <datafield tag="040" ind1=" " ind2=" ">
    <subfield code="a">DE-627</subfield>
    <subfield code="b">ger</subfield>
    <subfield code="c">DE-627</subfield>
    <subfield code="e">rakwb</subfield>
  </datafield>
  <datafield tag="041" ind1=" " ind2=" ">
    <subfield code="a">ger</subfield>
    <subfield code="a">lat</subfield>
  </datafield>
  <datafield tag="100" ind1="1" ind2=" ">
    <subfield code="a">Crocius, Ludwig</subfield>
    <subfield code="d">1586-1655</subfield>
    <subfield code="0">(DE-588)116733322</subfield>
    <subfield code="0">(DE-627)004248635</subfield>
    <subfield code="4">aut</subfield>
  </datafield>
  <datafield tag="245" ind1="1" ind2="0">
    <subfield code="a">Zeit-arbeitselig Menschen-Leben/ Mit sampt Dessen Ende und Ewig-selige[n] Gottes-ruhe</subfield>
    <subfield code="b">In Christlicher klag und trauer-predigt Bey Leich-begängnis Des ... Herren Christoff Ludwig Raschen ... als desen am 12. Novembris ... abgewichenen 1645. Jahrs/ ... verblichener Cörper den 8/18 Aprilis/ dieses lauffenden 1646 ... adelich nidergesetzt worden/ Auf begehren erkläret</subfield>
    <subfield code="c">ausgeführet und zum druck gefertiget Durch Ludovicum Crocium ...</subfield>
  </datafield>
  <datafield tag="246" ind1="3" ind2="0">
    <subfield code="a">Leichenbegängnis Körper November April</subfield>
  </datafield>
  <datafield tag="264" ind1=" " ind2="1">
    <subfield code="a">Bremen</subfield>
    <subfield code="b">Villiers</subfield>
    <subfield code="c">1645</subfield>
  </datafield>
  <datafield tag="300" ind1=" " ind2=" ">
    <subfield code="a">44 S., [8] Bl</subfield>
    <subfield code="c">1646</subfield>
  </datafield>
  <datafield tag="336" ind1=" " ind2=" ">
    <subfield code="a">nicht spezifiziert</subfield>
    <subfield code="b">zzz</subfield>
    <subfield code="2">rdacontent</subfield>
  </datafield>
  <datafield tag="337" ind1=" " ind2=" ">
    <subfield code="a">nicht spezifiziert</subfield>
    <subfield code="b">z</subfield>
    <subfield code="2">rdamedia</subfield>
  </datafield>
  <datafield tag="338" ind1=" " ind2=" ">
    <subfield code="a">nicht spezifiziert</subfield>
    <subfield code="b">zu</subfield>
    <subfield code="2">rdacarrier</subfield>
  </datafield>
  <datafield tag="500" ind1=" " ind2=" ">
    <subfield code="a">Schlüsselseiten liegen noch nicht vor</subfield>
  </datafield>
  <datafield tag="501" ind1=" " ind2=" ">
    <subfield code="a">Enth. außerdem: Oratio Funebris In excessum ... Dn. Christophori Ludovici Raschii ... / ... a Gerhardo Hammachaero ...</subfield>
  </datafield>
  <datafield tag="583" ind1="1" ind2=" ">
    <subfield code="a">Digitalisierung nicht möglich</subfield>
    <subfield code="2">pdager</subfield>
    <subfield code="5">DE-23</subfield>
  </datafield>
  <datafield tag="655" ind1=" " ind2="7">
    <subfield code="a">Leichenpredigt</subfield>
    <subfield code="0">(DE-627)00657260X</subfield>
    <subfield code="2">local</subfield>
  </datafield>
  <datafield tag="700" ind1="1" ind2=" ">
    <subfield code="a">Rasche, Christoph Ludwig</subfield>
    <subfield code="d">1584-1645</subfield>
    <subfield code="0">(DE-588)104353635</subfield>
    <subfield code="0">(DE-627)004178955</subfield>
    <subfield code="4">oth</subfield>
  </datafield>
  <datafield tag="700" ind1="1" ind2=" ">
    <subfield code="a">Villiers, Berthold de</subfield>
    <subfield code="d">1588-1663</subfield>
    <subfield code="0">(DE-588)123485290</subfield>
    <subfield code="0">(DE-627)004663489</subfield>
    <subfield code="4">prt</subfield>
  </datafield>
  <datafield tag="751" ind1=" " ind2=" ">
    <subfield code="a">Bremen</subfield>
    <subfield code="4">pup</subfield>
  </datafield>
  <datafield tag="924" ind1="0" ind2=" ">
    <subfield code="a">000927570</subfield>
    <subfield code="b">DE-23</subfield>
    <subfield code="9">23</subfield>
    <subfield code="c">GBV</subfield>
    <subfield code="g">J 71c.4° Helmst. (14)</subfield>
  </datafield>
  <datafield tag="951" ind1=" " ind2=" ">
    <subfield code="a">BO</subfield>
  </datafield>
</record></zs:recordData><zs:recordPosition>1</zs:recordPosition></zs:record><zs:record><zs:recordSchema>marcxml</zs:recordSchema><zs:recordXMLEscaping>xml</zs:recordXMLEscaping><zs:recordData><record xmlns="http://www.loc.gov/MARC21/slim">
  <leader>     cam a22        4500</leader>
  <controlfield tag="001">000601322</controlfield>
  <controlfield tag="003">DE-627-4</controlfield>
  <controlfield tag="005">20211215212821.0</controlfield>
  <controlfield tag="007">tu</controlfield>
  <controlfield tag="008">020901s1632    xx |||||      00| ||lat c</controlfield>
  <datafield tag="024" ind1="7" ind2=" ">
    <subfield code="a">125:047644Q</subfield>
    <subfield code="2">vd17</subfield>
  </datafield>
  <datafield tag="026" ind1=" " ind2=" ">
    <subfield code="e">I.e. tai, lis: s,as S 1632R</subfield>
    <subfield code="2">fei</subfield>
  </datafield>
  <datafield tag="035" ind1=" " ind2=" ">
    <subfield code="a">(DE-627-4)000601322</subfield>
  </datafield>
  <datafield tag="035" ind1=" " ind2=" ">
    <subfield code="a">(DE-599)KXP000601322</subfield>
  </datafield>
  <datafield tag="040" ind1=" " ind2=" ">
    <subfield code="a">DE-627</subfield>
    <subfield code="b">ger</subfield>
    <subfield code="c">DE-627</subfield>
    <subfield code="e">rakwb</subfield>
  </datafield>
  <datafield tag="041" ind1=" " ind2=" ">
    <subfield code="a">lat</subfield>
  </datafield>
  <datafield tag="100" ind1="1" ind2=" ">
    <subfield code="a">Schoppe, Konrad</subfield>
    <subfield code="0">(DE-588)124177948</subfield>
    <subfield code="0">(DE-627)004729005</subfield>
    <subfield code="4">aut</subfield>
  </datafield>
  <datafield tag="245" ind1="1" ind2="0">
    <subfield code="a">Melos Aspastikon Ad Generosum, Amplissimumq[ue] Dominum, Christophorum Ludovicum Raschium, in Sagnitz, Valc &amp; Noeckebuy Hereditarium, Equit. Aurat. Gustavo Adolpho. Dei Gratia Suecorum, Gothorum, Vandalorum Regi, Magno Principi Finlandiae, Duci Estoniae Et Careliae, Nec Non Ingriae Domino &amp;c. Germanicae Libertatis Vindici, Recuperatori, Propugnatori ... Interioribus a Consiliis: Ejusdemque Sacrae Majestatis Regiae Apud diversos Europae Principes &amp; Status Consultißimum Oratorem, Inclitam Urbem Bernam XIII. Cal. Febr. An. Dom. MDCXXXII. feliciter ingressum ... Illustris Bernavium Gymnasii nomine modulatum a M. Cunr. Schoppio. P.C. Oratoriae ibid. Profess. Publ. Exule Palat.</subfield>
  </datafield>
  <datafield tag="264" ind1=" " ind2="1">
    <subfield code="a">Bernae</subfield>
    <subfield code="b">Stuberus</subfield>
    <subfield code="c">1632</subfield>
  </datafield>
  <datafield tag="300" ind1=" " ind2=" ">
    <subfield code="a">[1] Bl</subfield>
  </datafield>
  <datafield tag="336" ind1=" " ind2=" ">
    <subfield code="a">nicht spezifiziert</subfield>
    <subfield code="b">zzz</subfield>
    <subfield code="2">rdacontent</subfield>
  </datafield>
  <datafield tag="337" ind1=" " ind2=" ">
    <subfield code="a">nicht spezifiziert</subfield>
    <subfield code="b">z</subfield>
    <subfield code="2">rdamedia</subfield>
  </datafield>
  <datafield tag="338" ind1=" " ind2=" ">
    <subfield code="a">nicht spezifiziert</subfield>
    <subfield code="b">zu</subfield>
    <subfield code="2">rdacarrier</subfield>
  </datafield>
  <datafield tag="500" ind1=" " ind2=" ">
    <subfield code="a">51,7 x 41 cm</subfield>
  </datafield>
  <datafield tag="500" ind1=" " ind2=" ">
    <subfield code="a">Vorlageform des Erscheinungsvermerks: Bernae Typis Jacobi Stuberi</subfield>
  </datafield>
  <datafield tag="546" ind1=" " ind2=" ">
    <subfield code="a">Text lat.</subfield>
  </datafield>
  <datafield tag="655" ind1=" " ind2="7">
    <subfield code="a">Gelegenheitsschrift:Begrüßung</subfield>
    <subfield code="0">(DE-627)006573053</subfield>
    <subfield code="2">local</subfield>
  </datafield>
  <datafield tag="655" ind1=" " ind2="7">
    <subfield code="a">Einblattdruck</subfield>
    <subfield code="0">(DE-627)006573231</subfield>
    <subfield code="2">local</subfield>
  </datafield>
  <datafield tag="700" ind1="1" ind2=" ">
    <subfield code="a">Rasche, Christoph Ludwig</subfield>
    <subfield code="d">1584-1645</subfield>
    <subfield code="e">Festschrift</subfield>
    <subfield code="0">(DE-588)104353635</subfield>
    <subfield code="0">(DE-627)004178955</subfield>
    <subfield code="4">oth</subfield>
  </datafield>
  <datafield tag="700" ind1="1" ind2=" ">
    <subfield code="a">Stuber, Jakob</subfield>
    <subfield code="d">-1668</subfield>
    <subfield code="0">(DE-588)1037512103</subfield>
    <subfield code="0">(DE-627)00746486X</subfield>
    <subfield code="4">prt</subfield>
  </datafield>
  <datafield tag="751" ind1=" " ind2=" ">
    <subfield code="a">Bern</subfield>
    <subfield code="4">pup</subfield>
  </datafield>
  <datafield tag="924" ind1="0" ind2=" ">
    <subfield code="a">002670003</subfield>
    <subfield code="b">DE-125</subfield>
    <subfield code="9">125</subfield>
    <subfield code="c">BSZ</subfield>
    <subfield code="d">c</subfield>
    <subfield code="g">50.1.33.(49)</subfield>
  </datafield>
  <datafield tag="951" ind1=" " ind2=" ">
    <subfield code="a">BO</subfield>
  </datafield>
</record></zs:recordData><zs:recordPosition>2</zs:recordPosition></zs:record><zs:record><zs:recordSchema>marcxml</zs:recordSchema><zs:recordXMLEscaping>xml</zs:recordXMLEscaping><zs:recordData><record xmlns="http://www.loc.gov/MARC21/slim">
  <leader>     cam a22        4500</leader>
  <controlfield tag="001">008544964</controlfield>
  <controlfield tag="003">DE-627-4</controlfield>
  <controlfield tag="005">20210614115736.0</controlfield>
  <controlfield tag="007">tu</controlfield>
  <controlfield tag="008">180530s1603    xx |||||      00| ||lat c</controlfield>
  <datafield tag="024" ind1="7" ind2=" ">
    <subfield code="a">15:743494K</subfield>
    <subfield code="2">vd17</subfield>
  </datafield>
  <datafield tag="026" ind1=" " ind2=" ">
    <subfield code="e">u-io 2.t. 3.t. c.s, C 1603R</subfield>
    <subfield code="2">fei</subfield>
  </datafield>
  <datafield tag="035" ind1=" " ind2=" ">
    <subfield code="a">(DE-627-4)008544964</subfield>
  </datafield>
  <datafield tag="035" ind1=" " ind2=" ">
    <subfield code="a">(DE-599)KXP008544964</subfield>
  </datafield>
  <datafield tag="040" ind1=" " ind2=" ">
    <subfield code="a">DE-627</subfield>
    <subfield code="b">ger</subfield>
    <subfield code="c">DE-627</subfield>
    <subfield code="e">rda</subfield>
  </datafield>
  <datafield tag="041" ind1=" " ind2=" ">
    <subfield code="a">lat</subfield>
  </datafield>
  <datafield tag="100" ind1="1" ind2=" ">
    <subfield code="a">Aitzema, Foppe van</subfield>
    <subfield code="d">1580-1637</subfield>
    <subfield code="e">Praeses</subfield>
    <subfield code="0">(DE-588)11647677X</subfield>
    <subfield code="0">(DE-627)004241495</subfield>
    <subfield code="4">pra</subfield>
  </datafield>
  <datafield tag="245" ind1="1" ind2="0">
    <subfield code="a">Dispvtatio De Vsvcapionibvs...</subfield>
    <subfield code="c">Svb Praesidio Foppii Aezemae In Inclvta Ivlia, Christophorvs Lvdovicus Rasca Magdeburgensis, Ad diem 19. Martii, Loco &amp; horis statis</subfield>
  </datafield>
  <datafield tag="246" ind1="3" ind2="3">
    <subfield code="a">Disputatio de usucapionibus</subfield>
  </datafield>
  <datafield tag="264" ind1=" " ind2="1">
    <subfield code="a">Ad Elmvm</subfield>
    <subfield code="b">In Academia Ivlia Excudebat Iacobus Lucius</subfield>
    <subfield code="c">Anno M.D.CIII.</subfield>
  </datafield>
  <datafield tag="300" ind1=" " ind2=" ">
    <subfield code="a">8 ungezählte Seiten</subfield>
    <subfield code="b">1 Illustration</subfield>
    <subfield code="c">4°</subfield>
  </datafield>
  <datafield tag="336" ind1=" " ind2=" ">
    <subfield code="a">Text</subfield>
    <subfield code="b">txt</subfield>
    <subfield code="2">rdacontent</subfield>
  </datafield>
  <datafield tag="337" ind1=" " ind2=" ">
    <subfield code="a">ohne Hilfsmittel zu benutzen</subfield>
    <subfield code="b">n</subfield>
    <subfield code="2">rdamedia</subfield>
  </datafield>
  <datafield tag="338" ind1=" " ind2=" ">
    <subfield code="a">Band</subfield>
    <subfield code="b">nc</subfield>
    <subfield code="2">rdacarrier</subfield>
  </datafield>
  <datafield tag="500" ind1=" " ind2=" ">
    <subfield code="a">Die Illustration ist eine Holzschnitteinfassung des Titelblattes</subfield>
  </datafield>
  <datafield tag="583" ind1="1" ind2=" ">
    <subfield code="a">Digitalisiert</subfield>
    <subfield code="c">2018</subfield>
    <subfield code="2">pdager</subfield>
    <subfield code="5">DE-15</subfield>
  </datafield>
  <datafield tag="655" ind1=" " ind2="7">
    <subfield code="a">Dissertation:jur.</subfield>
    <subfield code="0">(DE-627)006573266</subfield>
    <subfield code="2">local</subfield>
  </datafield>
  <datafield tag="655" ind1=" " ind2="7">
    <subfield code="a">Hochschulschrift</subfield>
    <subfield code="0">(DE-627)006572766</subfield>
    <subfield code="2">local</subfield>
  </datafield>
  <datafield tag="700" ind1="1" ind2=" ">
    <subfield code="a">Rasche, Christoph Ludwig</subfield>
    <subfield code="d">1584-1645</subfield>
    <subfield code="e">RespondentIn</subfield>
    <subfield code="0">(DE-588)104353635</subfield>
    <subfield code="0">(DE-627)004178955</subfield>
    <subfield code="4">rsp</subfield>
  </datafield>
  <datafield tag="700" ind1="1" ind2=" ">
    <subfield code="a">Lucius, Jacob</subfield>
    <subfield code="d">-1616</subfield>
    <subfield code="e">DruckerIn</subfield>
    <subfield code="0">(DE-588)123129877</subfield>
    <subfield code="0">(DE-627)004638565</subfield>
    <subfield code="4">prt</subfield>
  </datafield>
  <datafield tag="751" ind1=" " ind2=" ">
    <subfield code="a">Helmstedt</subfield>
    <subfield code="0">(DE-588)4024344-8</subfield>
    <subfield code="0">(DE-627)006931138</subfield>
    <subfield code="4">pup</subfield>
  </datafield>
  <datafield tag="751" ind1=" " ind2=" ">
    <subfield code="a">Helmstedt</subfield>
    <subfield code="0">(DE-588)4024344-8</subfield>
    <subfield code="0">(DE-627)006931138</subfield>
    <subfield code="4">uvp</subfield>
  </datafield>
  <datafield tag="856" ind1="4" ind2="1">
    <subfield code="u">https://nbn-resolving.org/urn:nbn:de:bsz:15-0008-227707</subfield>
    <subfield code="t">// 2018 digitalisiert von: Universitätsbibliothek Leipzig. Exemplar mit der Signatur: Coll.jur.405/13</subfield>
    <subfield code="x">Digitalisierung</subfield>
    <subfield code="z">kostenfrei</subfield>
    <subfield code="3">Volltext</subfield>
  </datafield>
  <datafield tag="924" ind1="0" ind2=" ">
    <subfield code="a">007957114</subfield>
    <subfield code="b">DE-15</subfield>
    <subfield code="9">15</subfield>
    <subfield code="c">BSZ</subfield>
    <subfield code="d">c</subfield>
    <subfield code="g">Coll.jur.405/13</subfield>
  </datafield>
  <datafield tag="951" ind1=" " ind2=" ">
    <subfield code="a">BO</subfield>
  </datafield>
</record></zs:recordData><zs:recordPosition>3</zs:recordPosition></zs:record><zs:record><zs:recordSchema>marcxml</zs:recordSchema><zs:recordXMLEscaping>xml</zs:recordXMLEscaping><zs:recordData><record xmlns="http://www.loc.gov/MARC21/slim">
  <leader>     cam a22        4500</leader>
  <controlfield tag="001">001800701</controlfield>
  <controlfield tag="003">DE-627-4</controlfield>
  <controlfield tag="005">20211215221540.0</controlfield>
  <controlfield tag="007">tu</controlfield>
  <controlfield tag="008">020901s1602    xx |||||      00| ||lat c</controlfield>
  <datafield tag="024" ind1="7" ind2=" ">
    <subfield code="a">23:235353Q</subfield>
    <subfield code="2">vd17</subfield>
  </datafield>
  <datafield tag="026" ind1=" " ind2=" ">
    <subfield code="e">s.in 6.r. sæm. orin C 1602R</subfield>
    <subfield code="2">fei</subfield>
  </datafield>
  <datafield tag="035" ind1=" " ind2=" ">
    <subfield code="a">(DE-627-4)001800701</subfield>
  </datafield>
  <datafield tag="035" ind1=" " ind2=" ">
    <subfield code="a">(DE-599)KXP001800701</subfield>
  </datafield>
  <datafield tag="040" ind1=" " ind2=" ">
    <subfield code="a">DE-627</subfield>
    <subfield code="b">ger</subfield>
    <subfield code="c">DE-627</subfield>
    <subfield code="e">rakwb</subfield>
  </datafield>
  <datafield tag="041" ind1=" " ind2=" ">
    <subfield code="a">lat</subfield>
  </datafield>
  <datafield tag="100" ind1="1" ind2=" ">
    <subfield code="a">Forster, Valentin Wilhelm</subfield>
    <subfield code="d">1574-1620</subfield>
    <subfield code="0">(DE-588)10087407X</subfield>
    <subfield code="0">(DE-627)004069234</subfield>
    <subfield code="4">aut</subfield>
  </datafield>
  <datafield tag="245" ind1="1" ind2="0">
    <subfield code="a">Centuria conclusionum De Nuptiis</subfield>
    <subfield code="c">Quam D.O.M.A. Praeside Valentino Guilielmo Forsteri IC. Fil. U.I.D. In Illustri Iulia defendendam suscepit. Christophorus Ludovicus Rasca Parthenopolitanus Saxo</subfield>
  </datafield>
  <datafield tag="264" ind1=" " ind2="1">
    <subfield code="a">Helmaestadii</subfield>
    <subfield code="b">Lucius</subfield>
    <subfield code="c">1602</subfield>
  </datafield>
  <datafield tag="300" ind1=" " ind2=" ">
    <subfield code="a">[6] Bl</subfield>
    <subfield code="c">4°</subfield>
  </datafield>
  <datafield tag="336" ind1=" " ind2=" ">
    <subfield code="a">nicht spezifiziert</subfield>
    <subfield code="b">zzz</subfield>
    <subfield code="2">rdacontent</subfield>
  </datafield>
  <datafield tag="337" ind1=" " ind2=" ">
    <subfield code="a">nicht spezifiziert</subfield>
    <subfield code="b">z</subfield>
    <subfield code="2">rdamedia</subfield>
  </datafield>
  <datafield tag="338" ind1=" " ind2=" ">
    <subfield code="a">nicht spezifiziert</subfield>
    <subfield code="b">zu</subfield>
    <subfield code="2">rdacarrier</subfield>
  </datafield>
  <datafield tag="655" ind1=" " ind2="7">
    <subfield code="a">Dissertation:jur.</subfield>
    <subfield code="0">(DE-627)006573266</subfield>
    <subfield code="2">local</subfield>
  </datafield>
  <datafield tag="700" ind1="1" ind2=" ">
    <subfield code="a">Rasche, Christoph Ludwig</subfield>
    <subfield code="d">1584-1645</subfield>
    <subfield code="0">(DE-588)104353635</subfield>
    <subfield code="0">(DE-627)004178955</subfield>
    <subfield code="4">aut</subfield>
  </datafield>
  <datafield tag="700" ind1="1" ind2=" ">
    <subfield code="a">Lochow, Ludovicus a</subfield>
    <subfield code="e">WidmungsempfängerIn</subfield>
    <subfield code="4">dte</subfield>
  </datafield>
  <datafield tag="700" ind1="1" ind2=" ">
    <subfield code="a">Rasca, Andreas</subfield>
    <subfield code="e">WidmungsempfängerIn</subfield>
    <subfield code="4">dte</subfield>
  </datafield>
  <datafield tag="700" ind1="1" ind2=" ">
    <subfield code="a">Volccius, Laurentius</subfield>
    <subfield code="e">BeiträgerIn</subfield>
    <subfield code="4">ctb</subfield>
  </datafield>
  <datafield tag="700" ind1="1" ind2=" ">
    <subfield code="a">Lucius, Jacob</subfield>
    <subfield code="d">-1616</subfield>
    <subfield code="0">(DE-588)123129877</subfield>
    <subfield code="0">(DE-627)004638565</subfield>
    <subfield code="4">prt</subfield>
  </datafield>
  <datafield tag="751" ind1=" " ind2=" ">
    <subfield code="a">Helmstedt</subfield>
    <subfield code="4">pup</subfield>
  </datafield>
  <datafield tag="856" ind1="4" ind2="1">
    <subfield code="u">http://diglib.hab.de/drucke/343-helmst-dr-4s/start.htm</subfield>
    <subfield code="q">image/jpeg</subfield>
    <subfield code="t">// digitalisiert von Herzog August Bibliothek Wolfenbüttel. Exemplar mit der Signatur: 343 Helmst. Dr. (4)</subfield>
    <subfield code="x">Digitalisierung</subfield>
    <subfield code="z">kostenfrei</subfield>
    <subfield code="3">Volltext</subfield>
  </datafield>
  <datafield tag="924" ind1="0" ind2=" ">
    <subfield code="a">002036614</subfield>
    <subfield code="b">DE-23</subfield>
    <subfield code="9">23</subfield>
    <subfield code="c">GBV</subfield>
    <subfield code="g">343 Helmst. Dr. (4)</subfield>
  </datafield>
  <datafield tag="951" ind1=" " ind2=" ">
    <subfield code="a">BO</subfield>
  </datafield>
</record></zs:recordData><zs:recordPosition>4</zs:recordPosition></zs:record></zs:records><zs:echoedSearchRetrieveRequest><zs:version>2.0</zs:version><zs:query>pica.nid=104353635</zs:query><zs:startRecord>1</zs:startRecord><zs:maximumRecords>500</zs:maximumRecords><zs:recordXMLEscaping>xml</zs:recordXMLEscaping><zs:recordSchema>marcxml</zs:recordSchema></zs:echoedSearchRetrieveRequest><zs:resultCountPrecision>exact</zs:resultCountPrecision></zs:searchRetrieveResponse>
