<?xml version="1.0" encoding="UTF-8"?>
<zs:searchRetrieveResponse xmlns:zs="http://docs.oasis-open.org/ns/search-ws/sruResponse"><zs:numberOfRecords>5</zs:numberOfRecords><zs:records><zs:record><zs:recordSchema>marcxml</zs:recordSchema><zs:recordXMLEscaping>xml</zs:recordXMLEscaping><zs:recordData><record xmlns="http://www.loc.gov/MARC21/slim">
  <leader>     cam a22        4500</leader>
  <controlfield tag="001">00481178X</controlfield>
  <controlfield tag="003">DE-627-4</controlfield>
  <controlfield tag="005">20210608191310.0</controlfield>
  <controlfield tag="007">tu</controlfield>
  <controlfield tag="008">030321s1698    xx |||||      00| ||ger c</controlfield>
  <datafield tag="024" ind1="7" ind2=" ">
    <subfield code="a">12:625588P</subfield>
    <subfield code="2">vd17</subfield>
  </datafield>
  <datafield tag="026" ind1=" " ind2=" ">
    <subfield code="e">neen n)ll ieen ndi- C 1698R</subfield>
    <subfield code="2">fei</subfield>
  </datafield>
  <datafield tag="035" ind1=" " ind2=" ">
    <subfield code="a">(DE-627-4)00481178X</subfield>
  </datafield>
  <datafield tag="035" ind1=" " ind2=" ">
    <subfield code="a">(DE-599)KXP00481178X</subfield>
  </datafield>
  <datafield tag="040" ind1=" " ind2=" ">
    <subfield code="a">DE-627</subfield>
    <subfield code="b">ger</subfield>
    <subfield code="c">DE-627</subfield>
    <subfield code="e">rakwb</subfield>
  </datafield>
  <datafield tag="041" ind1=" " ind2=" ">
    <subfield code="a">ger</subfield>
  </datafield>
  <datafield tag="245" ind1="1" ind2="0">
    <subfield code="a">Röm. Käyserl. Auch zu Hungarn und Böhaimb Königl. Majestät/ Ertz-Hertzogen zu Oesterreich/ [et]c. Verneuerte Bau-Holtz-Satz und Ordnung</subfield>
    <subfield code="b">Was Gestalt alle Sorten allhero an die Gstetten geführt/ und verkaufft werden sollen ; [Geben in Unserer Residentz-Stadt Wienn den Sibenzehenden Martii/ im Sechzehenhundert Acht und Neuntzigisten ... Jahr]</subfield>
    <subfield code="c">[Wir Leopold von Gottes Gnaden/ Erwöhlter Römischer Kayser ... Johann Quintin Grave Jörger/ Statthalter]</subfield>
  </datafield>
  <datafield tag="246" ind1="3" ind2="0">
    <subfield code="a">Römischer Kaiserlicher Ungarn Böhmen Königlicher Erzherzogen Bauholzsatzung</subfield>
  </datafield>
  <datafield tag="264" ind1=" " ind2="1">
    <subfield code="a">Wienn in Oesterreich</subfield>
    <subfield code="b">Cosmerovin</subfield>
    <subfield code="c">1698</subfield>
  </datafield>
  <datafield tag="300" ind1=" " ind2=" ">
    <subfield code="a">12 S</subfield>
    <subfield code="c">2°</subfield>
  </datafield>
  <datafield tag="336" ind1=" " ind2=" ">
    <subfield code="a">nicht spezifiziert</subfield>
    <subfield code="b">zzz</subfield>
    <subfield code="2">rdacontent</subfield>
  </datafield>
  <datafield tag="337" ind1=" " ind2=" ">
    <subfield code="a">nicht spezifiziert</subfield>
    <subfield code="b">z</subfield>
    <subfield code="2">rdamedia</subfield>
  </datafield>
  <datafield tag="338" ind1=" " ind2=" ">
    <subfield code="a">nicht spezifiziert</subfield>
    <subfield code="b">zu</subfield>
    <subfield code="2">rdacarrier</subfield>
  </datafield>
  <datafield tag="500" ind1=" " ind2=" ">
    <subfield code="a">Schlüsselseiten aus dem Exemplar der BSB München: 2 J.austr. 84,6</subfield>
  </datafield>
  <datafield tag="655" ind1=" " ind2="7">
    <subfield code="a">Amtsdruckschrift</subfield>
    <subfield code="0">(DE-627)006573592</subfield>
    <subfield code="2">local</subfield>
  </datafield>
  <datafield tag="655" ind1=" " ind2="7">
    <subfield code="a">Verordnung</subfield>
    <subfield code="0">(DE-627)006571840</subfield>
    <subfield code="2">local</subfield>
  </datafield>
  <datafield tag="700" ind1="0" ind2=" ">
    <subfield code="a">Leopold</subfield>
    <subfield code="b">I.</subfield>
    <subfield code="c">Heiliges Römisches Reich, Kaiser</subfield>
    <subfield code="d">1640-1705</subfield>
    <subfield code="0">(DE-588)118571869</subfield>
    <subfield code="0">(DE-627)004048318</subfield>
    <subfield code="4">oth</subfield>
  </datafield>
  <datafield tag="700" ind1="1" ind2=" ">
    <subfield code="a">Jörger von Tollet, Johann Quintin</subfield>
    <subfield code="d">1624-1705</subfield>
    <subfield code="0">(DE-588)11715010X</subfield>
    <subfield code="0">(DE-627)004260457</subfield>
    <subfield code="4">oth</subfield>
  </datafield>
  <datafield tag="700" ind1="1" ind2=" ">
    <subfield code="a">Cosmerovius, Susanna Christina</subfield>
    <subfield code="d">1632-1702</subfield>
    <subfield code="0">(DE-588)133101460</subfield>
    <subfield code="0">(DE-627)006040349</subfield>
    <subfield code="4">prt</subfield>
  </datafield>
  <datafield tag="751" ind1=" " ind2=" ">
    <subfield code="a">Wien</subfield>
    <subfield code="4">pup</subfield>
  </datafield>
  <datafield tag="856" ind1="4" ind2="1">
    <subfield code="u">http://mdz-nbn-resolving.de/urn:nbn:de:bvb:12-bsb10488016-5</subfield>
    <subfield code="t">// 2011 digitalisiert von: Bayerische Staatsbibliothek. Exemplar mit der Signatur: München, Bayerische Staatsbibliothek -- 2 J.austr. 84,6</subfield>
    <subfield code="x">Digitalisierung</subfield>
    <subfield code="z">VD17-Nummer 2019 maschinell ergänzt</subfield>
    <subfield code="z">kostenfrei</subfield>
    <subfield code="3">Volltext</subfield>
  </datafield>
  <datafield tag="951" ind1=" " ind2=" ">
    <subfield code="a">BO</subfield>
  </datafield>
</record></zs:recordData><zs:recordPosition>1</zs:recordPosition></zs:record><zs:record><zs:recordSchema>marcxml</zs:recordSchema><zs:recordXMLEscaping>xml</zs:recordXMLEscaping><zs:recordData><record xmlns="http://www.loc.gov/MARC21/slim">
  <leader>     cam a22       c4500</leader>
  <controlfield tag="001">000165522</controlfield>
  <controlfield tag="003">DE-627-4</controlfield>
  <controlfield tag="005">20200610072216.0</controlfield>
  <controlfield tag="007">tu</controlfield>
  <controlfield tag="008">020901s1690    xx |||||      00| ||ger c</controlfield>
  <datafield tag="024" ind1="7" ind2=" ">
    <subfield code="a">23:300964G</subfield>
    <subfield code="2">vd17</subfield>
  </datafield>
  <datafield tag="026" ind1=" " ind2=" ">
    <subfield code="e">n!n. e-en rond taUn C 1690A 4</subfield>
    <subfield code="2">fei</subfield>
  </datafield>
  <datafield tag="035" ind1=" " ind2=" ">
    <subfield code="a">(DE-627-4)000165522</subfield>
  </datafield>
  <datafield tag="035" ind1=" " ind2=" ">
    <subfield code="a">(DE-599)KXP000165522</subfield>
  </datafield>
  <datafield tag="040" ind1=" " ind2=" ">
    <subfield code="a">DE-627</subfield>
    <subfield code="b">ger</subfield>
    <subfield code="c">DE-627</subfield>
    <subfield code="e">rakwb</subfield>
  </datafield>
  <datafield tag="041" ind1=" " ind2=" ">
    <subfield code="a">ger</subfield>
  </datafield>
  <datafield tag="100" ind1="1" ind2=" ">
    <subfield code="a">Jörger von Tollet, Johann Quintin</subfield>
    <subfield code="d">1624-1705</subfield>
    <subfield code="0">(DE-588)11715010X</subfield>
    <subfield code="0">(DE-627)004260457</subfield>
    <subfield code="4">aut</subfield>
  </datafield>
  <datafield tag="245" ind1="1" ind2="0">
    <subfield code="a">Unterschiedliche Motiven, Und Anders. Johann Quintin Grafen Jörgers</subfield>
    <subfield code="n">4</subfield>
  </datafield>
  <datafield tag="264" ind1=" " ind2="1">
    <subfield code="a">[S.l.]</subfield>
    <subfield code="c">1690</subfield>
  </datafield>
  <datafield tag="300" ind1=" " ind2=" ">
    <subfield code="a">[109] Bl., [1] gef. Bl</subfield>
    <subfield code="b">1 Ill. (Kupferst.)</subfield>
    <subfield code="c">8°</subfield>
  </datafield>
  <datafield tag="336" ind1=" " ind2=" ">
    <subfield code="a">nicht spezifiziert</subfield>
    <subfield code="b">zzz</subfield>
    <subfield code="2">rdacontent</subfield>
  </datafield>
  <datafield tag="337" ind1=" " ind2=" ">
    <subfield code="a">nicht spezifiziert</subfield>
    <subfield code="b">z</subfield>
    <subfield code="2">rdamedia</subfield>
  </datafield>
  <datafield tag="338" ind1=" " ind2=" ">
    <subfield code="a">nicht spezifiziert</subfield>
    <subfield code="b">zu</subfield>
    <subfield code="2">rdacarrier</subfield>
  </datafield>
  <datafield tag="583" ind1="1" ind2=" ">
    <subfield code="a">Digitalisierung geplant</subfield>
    <subfield code="z">Digitalisierung Unika durch HAB Wolfenbüttel</subfield>
    <subfield code="2">pdager</subfield>
  </datafield>
  <datafield tag="773" ind1="1" ind2="8">
    <subfield code="w">(DE-627)000165514</subfield>
    <subfield code="g">4</subfield>
    <subfield code="q">4.1690</subfield>
    <subfield code="7">|||m</subfield>
  </datafield>
  <datafield tag="924" ind1="0" ind2=" ">
    <subfield code="a">001123971</subfield>
    <subfield code="b">DE-23</subfield>
    <subfield code="9">23</subfield>
    <subfield code="c">GBV</subfield>
    <subfield code="g">Ge 357</subfield>
  </datafield>
  <datafield tag="951" ind1=" " ind2=" ">
    <subfield code="a">MV</subfield>
  </datafield>
</record></zs:recordData><zs:recordPosition>2</zs:recordPosition></zs:record><zs:record><zs:recordSchema>marcxml</zs:recordSchema><zs:recordXMLEscaping>xml</zs:recordXMLEscaping><zs:recordData><record xmlns="http://www.loc.gov/MARC21/slim">
  <leader>     cam a22       a4500</leader>
  <controlfield tag="001">000165514</controlfield>
  <controlfield tag="003">DE-627-4</controlfield>
  <controlfield tag="005">20190509154044.0</controlfield>
  <controlfield tag="007">tu</controlfield>
  <controlfield tag="008">020901m16909999xx |||||      00| ||ger c</controlfield>
  <datafield tag="024" ind1="7" ind2=" ">
    <subfield code="a">23:300962S</subfield>
    <subfield code="2">vd17</subfield>
  </datafield>
  <datafield tag="035" ind1=" " ind2=" ">
    <subfield code="a">(DE-627-4)000165514</subfield>
  </datafield>
  <datafield tag="035" ind1=" " ind2=" ">
    <subfield code="a">(DE-599)KXP000165514</subfield>
  </datafield>
  <datafield tag="040" ind1=" " ind2=" ">
    <subfield code="a">DE-627</subfield>
    <subfield code="b">ger</subfield>
    <subfield code="c">DE-627</subfield>
    <subfield code="e">rakwb</subfield>
  </datafield>
  <datafield tag="041" ind1=" " ind2=" ">
    <subfield code="a">ger</subfield>
  </datafield>
  <datafield tag="100" ind1="1" ind2=" ">
    <subfield code="a">Jörger von Tollet, Johann Quintin</subfield>
    <subfield code="d">1624-1705</subfield>
    <subfield code="0">(DE-588)11715010X</subfield>
    <subfield code="0">(DE-627)004260457</subfield>
    <subfield code="4">aut</subfield>
  </datafield>
  <datafield tag="245" ind1="1" ind2="0">
    <subfield code="a">Unterschiedliche Motiven, Und Anders. Johann Quintin Grafen Jörgers</subfield>
  </datafield>
  <datafield tag="264" ind1=" " ind2="1">
    <subfield code="a">[S.l.]</subfield>
    <subfield code="c">1690-</subfield>
  </datafield>
  <datafield tag="336" ind1=" " ind2=" ">
    <subfield code="a">nicht spezifiziert</subfield>
    <subfield code="b">zzz</subfield>
    <subfield code="2">rdacontent</subfield>
  </datafield>
  <datafield tag="337" ind1=" " ind2=" ">
    <subfield code="a">nicht spezifiziert</subfield>
    <subfield code="b">z</subfield>
    <subfield code="2">rdamedia</subfield>
  </datafield>
  <datafield tag="338" ind1=" " ind2=" ">
    <subfield code="a">nicht spezifiziert</subfield>
    <subfield code="b">zu</subfield>
    <subfield code="2">rdacarrier</subfield>
  </datafield>
  <datafield tag="500" ind1=" " ind2=" ">
    <subfield code="a">Aufnahme nach T. 4</subfield>
  </datafield>
  <datafield tag="583" ind1="1" ind2=" ">
    <subfield code="a">Digitalisierung geplant</subfield>
    <subfield code="z">Digitalisierung Unika durch HAB Wolfenbüttel</subfield>
    <subfield code="2">pdager</subfield>
  </datafield>
  <datafield tag="924" ind1="0" ind2=" ">
    <subfield code="a">003338304</subfield>
    <subfield code="b">DE-23</subfield>
    <subfield code="9">23</subfield>
    <subfield code="c">GBV</subfield>
    <subfield code="d">d</subfield>
  </datafield>
  <datafield tag="951" ind1=" " ind2=" ">
    <subfield code="a">MC</subfield>
  </datafield>
</record></zs:recordData><zs:recordPosition>3</zs:recordPosition></zs:record><zs:record><zs:recordSchema>marcxml</zs:recordSchema><zs:recordXMLEscaping>xml</zs:recordXMLEscaping><zs:recordData><record xmlns="http://www.loc.gov/MARC21/slim">
  <leader>     cam a22        4500</leader>
  <controlfield tag="001">000594865</controlfield>
  <controlfield tag="003">DE-627-4</controlfield>
  <controlfield tag="005">20220204202558.0</controlfield>
  <controlfield tag="007">tu</controlfield>
  <controlfield tag="008">020901s1689    xx |||||      00| ||ger c</controlfield>
  <datafield tag="024" ind1="7" ind2=" ">
    <subfield code="a">1:015335F</subfield>
    <subfield code="2">vd17</subfield>
  </datafield>
  <datafield tag="026" ind1=" " ind2=" ">
    <subfield code="e">ndtt r.r. r.r. ge13 3 1689A</subfield>
    <subfield code="2">fei</subfield>
  </datafield>
  <datafield tag="035" ind1=" " ind2=" ">
    <subfield code="a">(DE-627-4)000594865</subfield>
  </datafield>
  <datafield tag="035" ind1=" " ind2=" ">
    <subfield code="a">(DE-599)KXP000594865</subfield>
  </datafield>
  <datafield tag="040" ind1=" " ind2=" ">
    <subfield code="a">DE-627</subfield>
    <subfield code="b">ger</subfield>
    <subfield code="c">DE-627</subfield>
    <subfield code="e">rakwb</subfield>
  </datafield>
  <datafield tag="041" ind1=" " ind2=" ">
    <subfield code="a">ger</subfield>
  </datafield>
  <datafield tag="245" ind1="1" ind2="4">
    <subfield code="a">Der Römischen Kayserlichen/ auch zu Hungarn/ und Böhaimb Königlichen Mayestätt/ [et]c. Leopoldi Ertz-Hertzogens zu Oesterreich/ Unsers Allergnädigsten Herrn Neüe Satz- und Ordnungen/ Underschidlicher sowohl Burgerlichen als Hof-Befreyten/ wie auch aller andern in und umb die Statt Wienn befindtlichen handtirenden Personen/ Künstlern/ und Handtwercks-Leuthen</subfield>
    <subfield code="b">[Geben in Unserer Statt Wienn den 21. Junii/ im Sechzehen hundert Neun und Achtzigisten/ Unserer Reiche deß Römischen im Ein und Dreyssigisten/ deß Hungarischen im Vier- und dreyssigisten/ und deß Böhaimbischen im Drey und Dreyssigisten Jahr. Johann Quintin Grave Jörger/ Statthalter]</subfield>
  </datafield>
  <datafield tag="246" ind1="3" ind2="0">
    <subfield code="a">kaiserlichen Ungarn Böhmen Majestät Erzherzogens Neue Satzungen Bürgerlichen Hof-Befreiten Stadt Wien Handwerks-Leuten</subfield>
  </datafield>
  <datafield tag="246" ind1="3" ind2="3">
    <subfield code="a">Neüe Satz- und Ordnungen/ Underschidlicher sowohl Burgerlichen als Hof-Befreyten/ wie auch aller andern in und umb die Statt Wienn befindtlichen handtirenden Personen/ Künstlern/ und Handtwercks-Leuthen</subfield>
  </datafield>
  <datafield tag="264" ind1=" " ind2="1">
    <subfield code="a">Wienn in Oesterreich</subfield>
    <subfield code="b">Voigt</subfield>
    <subfield code="c">1689</subfield>
  </datafield>
  <datafield tag="300" ind1=" " ind2=" ">
    <subfield code="a">[2] Bl., 102 S., [1] Bl., [1] gef. Bl</subfield>
    <subfield code="b">1 Ill. (Kupferst.)</subfield>
    <subfield code="c">2°</subfield>
  </datafield>
  <datafield tag="336" ind1=" " ind2=" ">
    <subfield code="a">nicht spezifiziert</subfield>
    <subfield code="b">zzz</subfield>
    <subfield code="2">rdacontent</subfield>
  </datafield>
  <datafield tag="337" ind1=" " ind2=" ">
    <subfield code="a">nicht spezifiziert</subfield>
    <subfield code="b">z</subfield>
    <subfield code="2">rdamedia</subfield>
  </datafield>
  <datafield tag="338" ind1=" " ind2=" ">
    <subfield code="a">nicht spezifiziert</subfield>
    <subfield code="b">zu</subfield>
    <subfield code="2">rdacarrier</subfield>
  </datafield>
  <datafield tag="500" ind1=" " ind2=" ">
    <subfield code="a">Schlüsselseiten aus Exemplar Gm 3283 (SBB-PK)</subfield>
  </datafield>
  <datafield tag="583" ind1="1" ind2=" ">
    <subfield code="a">Digitalisierung geplant</subfield>
    <subfield code="z">Digitalisierung Mainstream durch HAB Wolfenbüttel</subfield>
    <subfield code="2">pdager</subfield>
  </datafield>
  <datafield tag="655" ind1=" " ind2="7">
    <subfield code="a">Amtsdruckschrift</subfield>
    <subfield code="0">(DE-627)006573592</subfield>
    <subfield code="2">local</subfield>
  </datafield>
  <datafield tag="655" ind1=" " ind2="7">
    <subfield code="a">Verordnung</subfield>
    <subfield code="0">(DE-627)006571840</subfield>
    <subfield code="2">local</subfield>
  </datafield>
  <datafield tag="700" ind1="0" ind2=" ">
    <subfield code="a">Leopold</subfield>
    <subfield code="b">I.</subfield>
    <subfield code="c">Heiliges Römisches Reich, Kaiser</subfield>
    <subfield code="d">1640-1705</subfield>
    <subfield code="0">(DE-588)118571869</subfield>
    <subfield code="0">(DE-627)004048318</subfield>
    <subfield code="4">oth</subfield>
  </datafield>
  <datafield tag="700" ind1="1" ind2=" ">
    <subfield code="a">Jörger von Tollet, Johann Quintin</subfield>
    <subfield code="d">1624-1705</subfield>
    <subfield code="0">(DE-588)11715010X</subfield>
    <subfield code="0">(DE-627)004260457</subfield>
    <subfield code="4">oth</subfield>
  </datafield>
  <datafield tag="700" ind1="1" ind2=" ">
    <subfield code="a">Voigt, Leopold</subfield>
    <subfield code="d">1650-1706</subfield>
    <subfield code="0">(DE-588)1037512057</subfield>
    <subfield code="0">(DE-627)007471564</subfield>
    <subfield code="4">prt</subfield>
  </datafield>
  <datafield tag="751" ind1=" " ind2=" ">
    <subfield code="a">Wien</subfield>
    <subfield code="4">pup</subfield>
  </datafield>
  <datafield tag="924" ind1="0" ind2=" ">
    <subfield code="a">000101605</subfield>
    <subfield code="b">DE-1a</subfield>
    <subfield code="9">1a</subfield>
    <subfield code="c">GBV</subfield>
    <subfield code="d">b</subfield>
    <subfield code="g">Gm 3283</subfield>
    <subfield code="h">6</subfield>
  </datafield>
  <datafield tag="924" ind1="0" ind2=" ">
    <subfield code="a">000101613</subfield>
    <subfield code="b">DE-1a</subfield>
    <subfield code="9">1a</subfield>
    <subfield code="c">GBV</subfield>
    <subfield code="d">b</subfield>
    <subfield code="g">30 an: 2"@Go 1100</subfield>
    <subfield code="h">1:R</subfield>
  </datafield>
  <datafield tag="924" ind1="0" ind2=" ">
    <subfield code="a">006608604</subfield>
    <subfield code="b">DE-7</subfield>
    <subfield code="9">7</subfield>
    <subfield code="c">GBV</subfield>
    <subfield code="g">4 J STAT I, 2513</subfield>
    <subfield code="h">HG-MAG</subfield>
  </datafield>
  <datafield tag="924" ind1="0" ind2=" ">
    <subfield code="a">001325434</subfield>
    <subfield code="b">DE-23</subfield>
    <subfield code="9">23</subfield>
    <subfield code="c">GBV</subfield>
    <subfield code="g">Gm 4° 715</subfield>
  </datafield>
  <datafield tag="951" ind1=" " ind2=" ">
    <subfield code="a">BO</subfield>
  </datafield>
</record></zs:recordData><zs:recordPosition>4</zs:recordPosition></zs:record><zs:record><zs:recordSchema>marcxml</zs:recordSchema><zs:recordXMLEscaping>xml</zs:recordXMLEscaping><zs:recordData><record xmlns="http://www.loc.gov/MARC21/slim">
  <leader>     cam a22        4500</leader>
  <controlfield tag="001">004811607</controlfield>
  <controlfield tag="003">DE-627-4</controlfield>
  <controlfield tag="005">20210608191310.0</controlfield>
  <controlfield tag="007">tu</controlfield>
  <controlfield tag="008">030320s1688    xx |||||      00| ||ger c</controlfield>
  <datafield tag="024" ind1="7" ind2=" ">
    <subfield code="a">12:625582T</subfield>
    <subfield code="2">vd17</subfield>
  </datafield>
  <datafield tag="026" ind1=" " ind2=" ">
    <subfield code="e">herm n.nd r-nd JoJo 3 1688A</subfield>
    <subfield code="2">fei</subfield>
  </datafield>
  <datafield tag="035" ind1=" " ind2=" ">
    <subfield code="a">(DE-627-4)004811607</subfield>
  </datafield>
  <datafield tag="035" ind1=" " ind2=" ">
    <subfield code="a">(DE-599)KXP004811607</subfield>
  </datafield>
  <datafield tag="040" ind1=" " ind2=" ">
    <subfield code="a">DE-627</subfield>
    <subfield code="b">ger</subfield>
    <subfield code="c">DE-627</subfield>
    <subfield code="e">rakwb</subfield>
  </datafield>
  <datafield tag="041" ind1=" " ind2=" ">
    <subfield code="a">ger</subfield>
  </datafield>
  <datafield tag="245" ind1="1" ind2="4">
    <subfield code="a">Der Römischen Kayserlichen/ auch zu Hungarn und Böhaimb Königlichen Mayestät/ [et]c. Leopoldi Ertz-Hertzogens zu Oesterreich/ Unsers Allergnädigsten Herrn Neue Dienst-Botten Ordnung der Statt Wienn</subfield>
    <subfield code="b">[Geben in unser Residentz-Statt Wienn den 15. Julii/ im Sechzehen hundert Acht und Achzigisten ... Jahr. Johann Quintin Grave Jörger/ Statthalter]</subfield>
  </datafield>
  <datafield tag="246" ind1="3" ind2="0">
    <subfield code="a">Kaiserlichen Ungarn Böhmen Majestät Erzherzogens Dienstbotenordnung Stadt Wien</subfield>
  </datafield>
  <datafield tag="264" ind1=" " ind2="1">
    <subfield code="a">Wienn in Oesterreich</subfield>
    <subfield code="b">Voigt</subfield>
    <subfield code="c">1688</subfield>
  </datafield>
  <datafield tag="300" ind1=" " ind2=" ">
    <subfield code="a">[1] Bl., 14 S</subfield>
    <subfield code="c">2°</subfield>
  </datafield>
  <datafield tag="336" ind1=" " ind2=" ">
    <subfield code="a">nicht spezifiziert</subfield>
    <subfield code="b">zzz</subfield>
    <subfield code="2">rdacontent</subfield>
  </datafield>
  <datafield tag="337" ind1=" " ind2=" ">
    <subfield code="a">nicht spezifiziert</subfield>
    <subfield code="b">z</subfield>
    <subfield code="2">rdamedia</subfield>
  </datafield>
  <datafield tag="338" ind1=" " ind2=" ">
    <subfield code="a">nicht spezifiziert</subfield>
    <subfield code="b">zu</subfield>
    <subfield code="2">rdacarrier</subfield>
  </datafield>
  <datafield tag="500" ind1=" " ind2=" ">
    <subfield code="a">Schlüsselseiten aus dem Exemplar der BSB München: 2 J.austr. 84,3</subfield>
  </datafield>
  <datafield tag="655" ind1=" " ind2="7">
    <subfield code="a">Amtsdruckschrift</subfield>
    <subfield code="0">(DE-627)006573592</subfield>
    <subfield code="2">local</subfield>
  </datafield>
  <datafield tag="655" ind1=" " ind2="7">
    <subfield code="a">Verordnung</subfield>
    <subfield code="0">(DE-627)006571840</subfield>
    <subfield code="2">local</subfield>
  </datafield>
  <datafield tag="700" ind1="0" ind2=" ">
    <subfield code="a">Leopold</subfield>
    <subfield code="b">I.</subfield>
    <subfield code="c">Heiliges Römisches Reich, Kaiser</subfield>
    <subfield code="d">1640-1705</subfield>
    <subfield code="0">(DE-588)118571869</subfield>
    <subfield code="0">(DE-627)004048318</subfield>
    <subfield code="4">oth</subfield>
  </datafield>
  <datafield tag="700" ind1="1" ind2=" ">
    <subfield code="a">Jörger von Tollet, Johann Quintin</subfield>
    <subfield code="d">1624-1705</subfield>
    <subfield code="0">(DE-588)11715010X</subfield>
    <subfield code="0">(DE-627)004260457</subfield>
    <subfield code="4">oth</subfield>
  </datafield>
  <datafield tag="700" ind1="1" ind2=" ">
    <subfield code="a">Voigt, Leopold</subfield>
    <subfield code="d">1650-1706</subfield>
    <subfield code="0">(DE-588)1037512057</subfield>
    <subfield code="0">(DE-627)007471564</subfield>
    <subfield code="4">prt</subfield>
  </datafield>
  <datafield tag="751" ind1=" " ind2=" ">
    <subfield code="a">Wien</subfield>
    <subfield code="4">pup</subfield>
  </datafield>
  <datafield tag="856" ind1="4" ind2="1">
    <subfield code="u">http://mdz-nbn-resolving.de/urn:nbn:de:bvb:12-bsb10488013-9</subfield>
    <subfield code="t">// 2011 digitalisiert von: Bayerische Staatsbibliothek. Exemplar mit der Signatur: München, Bayerische Staatsbibliothek -- 2 J.austr. 84,3</subfield>
    <subfield code="x">Digitalisierung</subfield>
    <subfield code="z">VD17-Nummer 2019 maschinell ergänzt</subfield>
    <subfield code="z">kostenfrei</subfield>
    <subfield code="3">Volltext</subfield>
  </datafield>
  <datafield tag="951" ind1=" " ind2=" ">
    <subfield code="a">BO</subfield>
  </datafield>
</record></zs:recordData><zs:recordPosition>5</zs:recordPosition></zs:record></zs:records><zs:echoedSearchRetrieveRequest><zs:version>2.0</zs:version><zs:query>pica.nid=11715010X</zs:query><zs:startRecord>1</zs:startRecord><zs:maximumRecords>500</zs:maximumRecords><zs:recordXMLEscaping>xml</zs:recordXMLEscaping><zs:recordSchema>marcxml</zs:recordSchema></zs:echoedSearchRetrieveRequest><zs:resultCountPrecision>exact</zs:resultCountPrecision></zs:searchRetrieveResponse>
