<?xml version="1.0" encoding="UTF-8"?>
<zs:searchRetrieveResponse xmlns:zs="http://docs.oasis-open.org/ns/search-ws/sruResponse"><zs:numberOfRecords>11</zs:numberOfRecords><zs:records><zs:record><zs:recordSchema>marcxml</zs:recordSchema><zs:recordXMLEscaping>xml</zs:recordXMLEscaping><zs:recordData><record xmlns="http://www.loc.gov/MARC21/slim">
  <leader>     cam a22        4500</leader>
  <controlfield tag="001">001016369</controlfield>
  <controlfield tag="003">DE-627-4</controlfield>
  <controlfield tag="005">20210629114332.0</controlfield>
  <controlfield tag="007">tu</controlfield>
  <controlfield tag="008">020901s1685    xx |||||      00| ||ger c</controlfield>
  <datafield tag="024" ind1="7" ind2=" ">
    <subfield code="a">3:007925N</subfield>
    <subfield code="2">vd17</subfield>
  </datafield>
  <datafield tag="026" ind1=" " ind2=" ">
    <subfield code="e">n.tz e-r- f-n- UnGe 3 1685A</subfield>
    <subfield code="2">fei</subfield>
  </datafield>
  <datafield tag="035" ind1=" " ind2=" ">
    <subfield code="a">(DE-627-4)001016369</subfield>
  </datafield>
  <datafield tag="035" ind1=" " ind2=" ">
    <subfield code="a">(DE-599)KXP001016369</subfield>
  </datafield>
  <datafield tag="040" ind1=" " ind2=" ">
    <subfield code="a">DE-627</subfield>
    <subfield code="b">ger</subfield>
    <subfield code="c">DE-627</subfield>
    <subfield code="e">rakwb</subfield>
  </datafield>
  <datafield tag="041" ind1=" " ind2=" ">
    <subfield code="a">ger</subfield>
    <subfield code="h">fre</subfield>
  </datafield>
  <datafield tag="100" ind1="1" ind2=" ">
    <subfield code="a">Du Moulin, Pierre</subfield>
    <subfield code="d">1601-1684</subfield>
    <subfield code="0">(DE-588)104082003</subfield>
    <subfield code="0">(DE-627)004127412</subfield>
    <subfield code="4">aut</subfield>
  </datafield>
  <datafield tag="245" ind1="1" ind2="0">
    <subfield code="a">Von dem Seelen-Friede/ und von der Gemüths-Vergnügung/</subfield>
    <subfield code="c">Aus dem Frantzöischen Herrn Petri Molinaei des Jüngeren übersetzet Von dem Beschirmeten ...</subfield>
  </datafield>
  <datafield tag="246" ind1="3" ind2="0">
    <subfield code="a">französischen</subfield>
  </datafield>
  <datafield tag="250" ind1=" " ind2=" ">
    <subfield code="a">Mit beygefügten Kupffer Fig. zum andern mahl gedruckt</subfield>
  </datafield>
  <datafield tag="264" ind1=" " ind2="1">
    <subfield code="a">Franckfurt</subfield>
    <subfield code="a">Leipzig</subfield>
    <subfield code="b">Meyer</subfield>
    <subfield code="c">1685</subfield>
  </datafield>
  <datafield tag="264" ind1=" " ind2="1">
    <subfield code="a">Franckfurt</subfield>
    <subfield code="a">Leipzig</subfield>
    <subfield code="b">Köhler</subfield>
    <subfield code="c">1685</subfield>
  </datafield>
  <datafield tag="300" ind1=" " ind2=" ">
    <subfield code="a">[12] Bl., 731 S., [4] Bl</subfield>
    <subfield code="b">Kupfert., Tbl. r&amp;s, 4 Ill. (Kupferst.)</subfield>
  </datafield>
  <datafield tag="336" ind1=" " ind2=" ">
    <subfield code="a">nicht spezifiziert</subfield>
    <subfield code="b">zzz</subfield>
    <subfield code="2">rdacontent</subfield>
  </datafield>
  <datafield tag="337" ind1=" " ind2=" ">
    <subfield code="a">nicht spezifiziert</subfield>
    <subfield code="b">z</subfield>
    <subfield code="2">rdamedia</subfield>
  </datafield>
  <datafield tag="338" ind1=" " ind2=" ">
    <subfield code="a">nicht spezifiziert</subfield>
    <subfield code="b">zu</subfield>
    <subfield code="2">rdacarrier</subfield>
  </datafield>
  <datafield tag="500" ind1=" " ind2=" ">
    <subfield code="a">Der Beschirmete ist Christian von Ryssel, ermittelt in: Der Neu-Sprossende Teutsche Palmbaum</subfield>
  </datafield>
  <datafield tag="500" ind1=" " ind2=" ">
    <subfield code="a">Schlüsselseiten aus dem Exemplar der ULB Halle: Fc 1868 b</subfield>
  </datafield>
  <datafield tag="583" ind1="1" ind2=" ">
    <subfield code="a">Digitalisiert</subfield>
    <subfield code="z">Digitalisierung Unika durch ULB Halle; ULB Halle 2017-04 digitalisiert</subfield>
    <subfield code="2">pdager</subfield>
  </datafield>
  <datafield tag="700" ind1="1" ind2=" ">
    <subfield code="a">Ryssel, Christian von</subfield>
    <subfield code="0">(DE-588)124290744</subfield>
    <subfield code="0">(DE-627)004733673</subfield>
    <subfield code="0">(DE-576)29410478X</subfield>
    <subfield code="4">oth</subfield>
  </datafield>
  <datafield tag="700" ind1="0" ind2=" ">
    <subfield code="a">Christian Ernst</subfield>
    <subfield code="c">Markgraf zu Brandenburg</subfield>
    <subfield code="e">BeiträgerIn</subfield>
    <subfield code="4">ctb</subfield>
  </datafield>
  <datafield tag="700" ind1="1" ind2=" ">
    <subfield code="a">Meyer, Johann Kaspar</subfield>
    <subfield code="0">(DE-588)1037517083</subfield>
    <subfield code="0">(DE-627)007469365</subfield>
    <subfield code="4">prt</subfield>
  </datafield>
  <datafield tag="700" ind1="1" ind2=" ">
    <subfield code="a">Köhler, Johann</subfield>
    <subfield code="d">1645-1698</subfield>
    <subfield code="0">(DE-588)133969185</subfield>
    <subfield code="0">(DE-627)006380379</subfield>
    <subfield code="4">prt</subfield>
  </datafield>
  <datafield tag="751" ind1=" " ind2=" ">
    <subfield code="a">Leipzig</subfield>
    <subfield code="4">pup</subfield>
  </datafield>
  <datafield tag="751" ind1=" " ind2=" ">
    <subfield code="a">Frankfurt, Main</subfield>
    <subfield code="4">pup</subfield>
  </datafield>
  <datafield tag="856" ind1="4" ind2="1">
    <subfield code="u">http://nbn-resolving.de/urn:nbn:de:gbv:3:1-539326</subfield>
    <subfield code="t">2017 digitalisiert von: Universitäts- und Landesbibliothek Sachsen-Anhalt. Exemplar mit der Signatur: !Ha 179!Fc 1868 b</subfield>
    <subfield code="x">Digitalisierung</subfield>
    <subfield code="z">kostenfrei</subfield>
    <subfield code="3">Volltext</subfield>
  </datafield>
  <datafield tag="856" ind1="4" ind2="2">
    <subfield code="u">http://vd17.bibliothek.uni-halle.de/pict/2005/3:007925N/</subfield>
    <subfield code="x">Digitalisierung</subfield>
    <subfield code="z">kostenfrei</subfield>
  </datafield>
  <datafield tag="924" ind1="0" ind2=" ">
    <subfield code="a">001633252</subfield>
    <subfield code="b">DE-3</subfield>
    <subfield code="9">3</subfield>
    <subfield code="c">GBV</subfield>
    <subfield code="d">c</subfield>
    <subfield code="g">AB 38 8/k, 18</subfield>
  </datafield>
  <datafield tag="924" ind1="0" ind2=" ">
    <subfield code="a">005296668</subfield>
    <subfield code="b">DE-3</subfield>
    <subfield code="9">3</subfield>
    <subfield code="c">GBV</subfield>
    <subfield code="d">c</subfield>
    <subfield code="g">Fc 1868 b</subfield>
    <subfield code="g">VD17-Digitalisat</subfield>
    <subfield code="g">Fc 1868 b</subfield>
    <subfield code="h">Ha 179</subfield>
  </datafield>
  <datafield tag="951" ind1=" " ind2=" ">
    <subfield code="a">BO</subfield>
  </datafield>
</record></zs:recordData><zs:recordPosition>1</zs:recordPosition></zs:record><zs:record><zs:recordSchema>marcxml</zs:recordSchema><zs:recordXMLEscaping>xml</zs:recordXMLEscaping><zs:recordData><record xmlns="http://www.loc.gov/MARC21/slim">
  <leader>     cam a22        4500</leader>
  <controlfield tag="001">00725220X</controlfield>
  <controlfield tag="003">DE-627-4</controlfield>
  <controlfield tag="005">20210325185007.0</controlfield>
  <controlfield tag="007">tu</controlfield>
  <controlfield tag="008">121207s1679    xx |||||      00| ||ger c</controlfield>
  <datafield tag="024" ind1="7" ind2=" ">
    <subfield code="a">23:723749Z</subfield>
    <subfield code="2">vd17</subfield>
  </datafield>
  <datafield tag="026" ind1=" " ind2=" ">
    <subfield code="e">n.tz iee- 2.f- UnGe 3 1679A</subfield>
    <subfield code="2">fei</subfield>
  </datafield>
  <datafield tag="035" ind1=" " ind2=" ">
    <subfield code="a">(DE-627-4)00725220X</subfield>
  </datafield>
  <datafield tag="035" ind1=" " ind2=" ">
    <subfield code="a">(DE-599)KXP00725220X</subfield>
  </datafield>
  <datafield tag="040" ind1=" " ind2=" ">
    <subfield code="a">DE-627</subfield>
    <subfield code="b">ger</subfield>
    <subfield code="c">DE-627</subfield>
    <subfield code="e">rakwb</subfield>
  </datafield>
  <datafield tag="041" ind1=" " ind2=" ">
    <subfield code="a">ger</subfield>
  </datafield>
  <datafield tag="100" ind1="1" ind2=" ">
    <subfield code="a">Du Moulin, Pierre</subfield>
    <subfield code="d">1601-1684</subfield>
    <subfield code="0">(DE-588)104082003</subfield>
    <subfield code="0">(DE-627)004127412</subfield>
    <subfield code="4">aut</subfield>
  </datafield>
  <datafield tag="240" ind1="1" ind2="0">
    <subfield code="a">Traitté De la paix de l'ame et du contentement de l'esprit &lt;dt.&gt;</subfield>
  </datafield>
  <datafield tag="245" ind1="1" ind2="0">
    <subfield code="a">Von dem Seelen-Friede/ Und von der Gemüths-Vergnügung/ Aus dem Frantzösischen Herrn Petri Molinaei des Jüngern übersetzet von dem Beschirmeten. Mit beygefügten Kupffer-Figuren</subfield>
  </datafield>
  <datafield tag="250" ind1=" " ind2=" ">
    <subfield code="a">Zum andernmahl gedruckt</subfield>
  </datafield>
  <datafield tag="264" ind1=" " ind2="1">
    <subfield code="a">Leipzig</subfield>
    <subfield code="b">Fromman</subfield>
    <subfield code="c">1679</subfield>
  </datafield>
  <datafield tag="300" ind1=" " ind2=" ">
    <subfield code="a">[12] Bl., 731 S., [6] Bl.</subfield>
    <subfield code="b">Kupfert., 6 Ill. (Kupferst.)</subfield>
    <subfield code="c">12°</subfield>
  </datafield>
  <datafield tag="336" ind1=" " ind2=" ">
    <subfield code="a">nicht spezifiziert</subfield>
    <subfield code="b">zzz</subfield>
    <subfield code="2">rdacontent</subfield>
  </datafield>
  <datafield tag="337" ind1=" " ind2=" ">
    <subfield code="a">nicht spezifiziert</subfield>
    <subfield code="b">z</subfield>
    <subfield code="2">rdamedia</subfield>
  </datafield>
  <datafield tag="338" ind1=" " ind2=" ">
    <subfield code="a">nicht spezifiziert</subfield>
    <subfield code="b">zu</subfield>
    <subfield code="2">rdacarrier</subfield>
  </datafield>
  <datafield tag="500" ind1=" " ind2=" ">
    <subfield code="a">Schlüsselseiten liegen noch nicht vor</subfield>
  </datafield>
  <datafield tag="500" ind1=" " ind2=" ">
    <subfield code="a">Der Beschirmete ist Pseud. von Christian von Ryssel</subfield>
  </datafield>
  <datafield tag="500" ind1=" " ind2=" ">
    <subfield code="a">Vorlageform des Erscheinungsvermerks: Leipzig/ Bey Georg Heinrich Fromman/ Buchhändlern zu finden. Jm Jahr 1679</subfield>
  </datafield>
  <datafield tag="583" ind1="1" ind2=" ">
    <subfield code="a">Digitalisierung nicht möglich</subfield>
    <subfield code="c">2021</subfield>
    <subfield code="2">pdager</subfield>
    <subfield code="5">DE-23</subfield>
  </datafield>
  <datafield tag="700" ind1="1" ind2=" ">
    <subfield code="a">Ryssel, Christian von</subfield>
    <subfield code="0">(DE-588)124290744</subfield>
    <subfield code="0">(DE-627)004733673</subfield>
    <subfield code="0">(DE-576)29410478X</subfield>
    <subfield code="4">oth</subfield>
  </datafield>
  <datafield tag="700" ind1="0" ind2=" ">
    <subfield code="a">Christian Ernst</subfield>
    <subfield code="c">Brandenburg, Markgraf</subfield>
    <subfield code="e">WidmungsempfängerIn</subfield>
    <subfield code="4">dte</subfield>
  </datafield>
  <datafield tag="700" ind1="1" ind2="2">
    <subfield code="a">Du Moulin, Pierre</subfield>
    <subfield code="d">1601-1684</subfield>
    <subfield code="t">Traitté De la paix de l'ame et du contentement de l'esprit &lt;dt.&gt;</subfield>
  </datafield>
  <datafield tag="700" ind1="1" ind2=" ">
    <subfield code="a">Frommann, Georg Heinrich</subfield>
    <subfield code="d">1632-1695</subfield>
    <subfield code="0">(DE-588)129127485</subfield>
    <subfield code="0">(DE-627)005277957</subfield>
    <subfield code="4">prt</subfield>
  </datafield>
  <datafield tag="751" ind1=" " ind2=" ">
    <subfield code="a">Leipzig</subfield>
    <subfield code="4">pup</subfield>
  </datafield>
  <datafield tag="924" ind1="0" ind2=" ">
    <subfield code="a">007077378</subfield>
    <subfield code="b">DE-23</subfield>
    <subfield code="9">23</subfield>
    <subfield code="c">GBV</subfield>
    <subfield code="g">Xb 12° 36</subfield>
  </datafield>
  <datafield tag="951" ind1=" " ind2=" ">
    <subfield code="a">BO</subfield>
  </datafield>
</record></zs:recordData><zs:recordPosition>2</zs:recordPosition></zs:record><zs:record><zs:recordSchema>marcxml</zs:recordSchema><zs:recordXMLEscaping>xml</zs:recordXMLEscaping><zs:recordData><record xmlns="http://www.loc.gov/MARC21/slim">
  <leader>     cam a22        4500</leader>
  <controlfield tag="001">000832863</controlfield>
  <controlfield tag="003">DE-627-4</controlfield>
  <controlfield tag="005">20210325192657.0</controlfield>
  <controlfield tag="007">tu</controlfield>
  <controlfield tag="008">020901s1678    xx |||||      00| ||ger c</controlfield>
  <datafield tag="024" ind1="7" ind2=" ">
    <subfield code="a">23:328721P</subfield>
    <subfield code="2">vd17</subfield>
  </datafield>
  <datafield tag="026" ind1=" " ind2=" ">
    <subfield code="e">i-rd enr- 2.f- UnGe 3 1678A</subfield>
    <subfield code="2">fei</subfield>
  </datafield>
  <datafield tag="035" ind1=" " ind2=" ">
    <subfield code="a">(DE-627-4)000832863</subfield>
  </datafield>
  <datafield tag="035" ind1=" " ind2=" ">
    <subfield code="a">(DE-599)KXP000832863</subfield>
  </datafield>
  <datafield tag="040" ind1=" " ind2=" ">
    <subfield code="a">DE-627</subfield>
    <subfield code="b">ger</subfield>
    <subfield code="c">DE-627</subfield>
    <subfield code="e">rakwb</subfield>
  </datafield>
  <datafield tag="041" ind1=" " ind2=" ">
    <subfield code="a">ger</subfield>
    <subfield code="h">fre</subfield>
  </datafield>
  <datafield tag="100" ind1="1" ind2=" ">
    <subfield code="a">Du Moulin, Pierre</subfield>
    <subfield code="d">1601-1684</subfield>
    <subfield code="0">(DE-588)104082003</subfield>
    <subfield code="0">(DE-627)004127412</subfield>
    <subfield code="4">aut</subfield>
  </datafield>
  <datafield tag="240" ind1="1" ind2="0">
    <subfield code="a">Traitté De la paix de l'ame et du contentement de l'esprit &lt;dt.&gt;</subfield>
  </datafield>
  <datafield tag="245" ind1="1" ind2="0">
    <subfield code="a">Von dem Seelen-Friede Und von der Gemüths-Vergnügung/</subfield>
    <subfield code="c">Aus dem Frantzöischen Herrn Petri Molinaei des Jüngern. übergesetzet von dem Beschirmeten. [Christian von Ryssel]</subfield>
  </datafield>
  <datafield tag="246" ind1="3" ind2="0">
    <subfield code="a">Gemüts Gemütsvergnügung</subfield>
  </datafield>
  <datafield tag="250" ind1=" " ind2=" ">
    <subfield code="a">Mit Kupffer-stücken vermehret Und ... zum andern mahle Verlegt ...</subfield>
  </datafield>
  <datafield tag="264" ind1=" " ind2="1">
    <subfield code="a">Leipzig</subfield>
    <subfield code="b">Ritzsch</subfield>
    <subfield code="c">1678</subfield>
  </datafield>
  <datafield tag="300" ind1=" " ind2=" ">
    <subfield code="a">[12] Bl., 731 S., [5] Bl</subfield>
    <subfield code="b">Kupfert., 5 Ill. (Kupferst.)</subfield>
    <subfield code="c">12°</subfield>
  </datafield>
  <datafield tag="336" ind1=" " ind2=" ">
    <subfield code="a">nicht spezifiziert</subfield>
    <subfield code="b">zzz</subfield>
    <subfield code="2">rdacontent</subfield>
  </datafield>
  <datafield tag="337" ind1=" " ind2=" ">
    <subfield code="a">nicht spezifiziert</subfield>
    <subfield code="b">z</subfield>
    <subfield code="2">rdamedia</subfield>
  </datafield>
  <datafield tag="338" ind1=" " ind2=" ">
    <subfield code="a">nicht spezifiziert</subfield>
    <subfield code="b">zu</subfield>
    <subfield code="2">rdacarrier</subfield>
  </datafield>
  <datafield tag="500" ind1=" " ind2=" ">
    <subfield code="a">Der Beschirmete ist Christian von Ryssel, ermittelt in: Goedeke: Grundriß zur Geschichte der deutschen Dichtung, 2. Aufl., Bd 3</subfield>
  </datafield>
  <datafield tag="583" ind1="1" ind2=" ">
    <subfield code="a">Digitalisierung nicht möglich</subfield>
    <subfield code="c">2021</subfield>
    <subfield code="2">pdager</subfield>
    <subfield code="5">DE-23</subfield>
  </datafield>
  <datafield tag="700" ind1="1" ind2=" ">
    <subfield code="a">Ryssel, Christian von</subfield>
    <subfield code="0">(DE-588)124290744</subfield>
    <subfield code="0">(DE-627)004733673</subfield>
    <subfield code="0">(DE-576)29410478X</subfield>
    <subfield code="4">oth</subfield>
  </datafield>
  <datafield tag="700" ind1="0" ind2=" ">
    <subfield code="a">Christian Ernst</subfield>
    <subfield code="c">Brandenburg-Bayreuth, Markgraf</subfield>
    <subfield code="e">WidmungsempfängerIn</subfield>
    <subfield code="4">dte</subfield>
  </datafield>
  <datafield tag="700" ind1="1" ind2="2">
    <subfield code="a">Du Moulin, Pierre</subfield>
    <subfield code="d">1601-1684</subfield>
    <subfield code="t">Traitté De la paix de l'ame et du contentement de l'esprit &lt;dt.&gt;</subfield>
  </datafield>
  <datafield tag="700" ind1="1" ind2=" ">
    <subfield code="a">Ritzsch, Timotheus</subfield>
    <subfield code="d">1614-1678</subfield>
    <subfield code="0">(DE-588)100844332</subfield>
    <subfield code="0">(DE-627)004060539</subfield>
    <subfield code="4">prt</subfield>
  </datafield>
  <datafield tag="751" ind1=" " ind2=" ">
    <subfield code="a">Leipzig</subfield>
    <subfield code="4">pup</subfield>
  </datafield>
  <datafield tag="924" ind1="0" ind2=" ">
    <subfield code="a">001533746</subfield>
    <subfield code="b">DE-23</subfield>
    <subfield code="9">23</subfield>
    <subfield code="c">GBV</subfield>
    <subfield code="g">Lm 1264</subfield>
  </datafield>
  <datafield tag="951" ind1=" " ind2=" ">
    <subfield code="a">BO</subfield>
  </datafield>
</record></zs:recordData><zs:recordPosition>3</zs:recordPosition></zs:record><zs:record><zs:recordSchema>marcxml</zs:recordSchema><zs:recordXMLEscaping>xml</zs:recordXMLEscaping><zs:recordData><record xmlns="http://www.loc.gov/MARC21/slim">
  <leader>     cam a22        4500</leader>
  <controlfield tag="001">000457701</controlfield>
  <controlfield tag="003">DE-627-4</controlfield>
  <controlfield tag="005">20210610120544.0</controlfield>
  <controlfield tag="007">tu</controlfield>
  <controlfield tag="008">020901s1678    xx |||||      00| ||ger c</controlfield>
  <datafield tag="024" ind1="7" ind2=" ">
    <subfield code="a">3:311003U</subfield>
    <subfield code="2">vd17</subfield>
  </datafield>
  <datafield tag="026" ind1=" " ind2=" ">
    <subfield code="e">ern. n,e- ind, Meqv 3 1678A</subfield>
    <subfield code="2">fei</subfield>
  </datafield>
  <datafield tag="035" ind1=" " ind2=" ">
    <subfield code="a">(DE-627-4)000457701</subfield>
  </datafield>
  <datafield tag="035" ind1=" " ind2=" ">
    <subfield code="a">(DE-599)KXP000457701</subfield>
  </datafield>
  <datafield tag="040" ind1=" " ind2=" ">
    <subfield code="a">DE-627</subfield>
    <subfield code="b">ger</subfield>
    <subfield code="c">DE-627</subfield>
    <subfield code="e">rakwb</subfield>
  </datafield>
  <datafield tag="041" ind1=" " ind2=" ">
    <subfield code="a">ger</subfield>
    <subfield code="h">fre</subfield>
  </datafield>
  <datafield tag="100" ind1="1" ind2=" ">
    <subfield code="a">Naudé, Gabriel</subfield>
    <subfield code="d">1600-1653</subfield>
    <subfield code="0">(DE-588)118738151</subfield>
    <subfield code="0">(DE-627)004298128</subfield>
    <subfield code="0">(DE-576)162348851</subfield>
    <subfield code="4">aut</subfield>
  </datafield>
  <datafield tag="245" ind1="1" ind2="8">
    <subfield code="a">Gabriel Naudaeens Politisches Bedencken über die Staats-streiche</subfield>
    <subfield code="c">Aus dem Frantzöischen übergesetzt durch den Beschirmeten</subfield>
  </datafield>
  <datafield tag="246" ind1="3" ind2="0">
    <subfield code="a">Bedenken Französischen französischen</subfield>
  </datafield>
  <datafield tag="264" ind1=" " ind2="1">
    <subfield code="a">Leipzig</subfield>
    <subfield code="b">Fritzsch</subfield>
    <subfield code="c">1678</subfield>
  </datafield>
  <datafield tag="264" ind1=" " ind2="1">
    <subfield code="a">Merseburg</subfield>
    <subfield code="b">Forberger</subfield>
    <subfield code="c">1678</subfield>
  </datafield>
  <datafield tag="300" ind1=" " ind2=" ">
    <subfield code="a">[6] Bl., 296 S., [1] Bl</subfield>
    <subfield code="b">Tbl. r&amp;s</subfield>
    <subfield code="c">12°</subfield>
  </datafield>
  <datafield tag="336" ind1=" " ind2=" ">
    <subfield code="a">nicht spezifiziert</subfield>
    <subfield code="b">zzz</subfield>
    <subfield code="2">rdacontent</subfield>
  </datafield>
  <datafield tag="337" ind1=" " ind2=" ">
    <subfield code="a">nicht spezifiziert</subfield>
    <subfield code="b">z</subfield>
    <subfield code="2">rdamedia</subfield>
  </datafield>
  <datafield tag="338" ind1=" " ind2=" ">
    <subfield code="a">nicht spezifiziert</subfield>
    <subfield code="b">zu</subfield>
    <subfield code="2">rdacarrier</subfield>
  </datafield>
  <datafield tag="500" ind1=" " ind2=" ">
    <subfield code="a">Schlüsselseiten aus dem Exemplar der ULB Halle: AB 44 21/k, 10 (2)</subfield>
  </datafield>
  <datafield tag="500" ind1=" " ind2=" ">
    <subfield code="a">Der Beschirmete ist Pseud. von Christian von Ryssel</subfield>
  </datafield>
  <datafield tag="655" ind1=" " ind2="7">
    <subfield code="a">Streitschrift:polit.</subfield>
    <subfield code="0">(DE-627)00657193X</subfield>
    <subfield code="2">local</subfield>
  </datafield>
  <datafield tag="700" ind1="1" ind2=" ">
    <subfield code="a">Ryssel, Christian von</subfield>
    <subfield code="0">(DE-588)124290744</subfield>
    <subfield code="0">(DE-627)004733673</subfield>
    <subfield code="0">(DE-576)29410478X</subfield>
    <subfield code="4">oth</subfield>
  </datafield>
  <datafield tag="700" ind1="1" ind2=" ">
    <subfield code="a">Guidi di Bagno, Giovanni Francesco</subfield>
    <subfield code="e">WidmungsempfängerIn</subfield>
    <subfield code="4">dte</subfield>
  </datafield>
  <datafield tag="700" ind1="1" ind2=" ">
    <subfield code="a">Gabel, Christoph von</subfield>
    <subfield code="e">WidmungsempfängerIn</subfield>
    <subfield code="4">dte</subfield>
  </datafield>
  <datafield tag="700" ind1="1" ind2=" ">
    <subfield code="a">Rappe, N. F.</subfield>
    <subfield code="e">BeiträgerIn</subfield>
    <subfield code="4">ctb</subfield>
  </datafield>
  <datafield tag="700" ind1="1" ind2=" ">
    <subfield code="a">Sauter, J. L.</subfield>
    <subfield code="e">BeiträgerIn</subfield>
    <subfield code="4">ctb</subfield>
  </datafield>
  <datafield tag="700" ind1="1" ind2=" ">
    <subfield code="a">Fritsch, Johann</subfield>
    <subfield code="d">1635-1680</subfield>
    <subfield code="0">(DE-588)1037511212</subfield>
    <subfield code="0">(DE-627)007480903</subfield>
    <subfield code="4">prt</subfield>
  </datafield>
  <datafield tag="700" ind1="1" ind2=" ">
    <subfield code="a">Forberger, Kaspar</subfield>
    <subfield code="0">(DE-588)1037515455</subfield>
    <subfield code="0">(DE-627)007475918</subfield>
    <subfield code="4">prt</subfield>
  </datafield>
  <datafield tag="751" ind1=" " ind2=" ">
    <subfield code="a">Leipzig</subfield>
    <subfield code="4">pup</subfield>
  </datafield>
  <datafield tag="751" ind1=" " ind2=" ">
    <subfield code="a">Merseburg</subfield>
    <subfield code="4">pup</subfield>
  </datafield>
  <datafield tag="856" ind1="4" ind2="1">
    <subfield code="u">http://mdz-nbn-resolving.de/urn:nbn:de:bvb:12-bsb10770121-8</subfield>
    <subfield code="t">// 2011 digitalisiert von: Bayerische Staatsbibliothek. Exemplar mit der Signatur: München, Bayerische Staatsbibliothek -- Pol.g. 690</subfield>
    <subfield code="x">Digitalisierung</subfield>
    <subfield code="z">VD17-Nummer 2019 maschinell ergänzt</subfield>
    <subfield code="z">kostenfrei</subfield>
    <subfield code="3">Volltext</subfield>
  </datafield>
  <datafield tag="924" ind1="0" ind2=" ">
    <subfield code="a">00482573X</subfield>
    <subfield code="b">DE-23</subfield>
    <subfield code="9">23</subfield>
    <subfield code="c">GBV</subfield>
    <subfield code="g">QuN 949 (1)</subfield>
  </datafield>
  <datafield tag="924" ind1="0" ind2=" ">
    <subfield code="a">001257056</subfield>
    <subfield code="b">DE-3</subfield>
    <subfield code="9">3</subfield>
    <subfield code="c">GBV</subfield>
    <subfield code="d">c</subfield>
    <subfield code="g">AB 44 21/k, 10 (2)</subfield>
  </datafield>
  <datafield tag="924" ind1="0" ind2=" ">
    <subfield code="a">005330017</subfield>
    <subfield code="b">DE-3</subfield>
    <subfield code="9">3</subfield>
    <subfield code="c">GBV</subfield>
    <subfield code="d">c</subfield>
    <subfield code="g">Haa 7553 w/5 (2)</subfield>
    <subfield code="g">Haa 7553 w/5 (2)</subfield>
    <subfield code="h">Ha 179</subfield>
  </datafield>
  <datafield tag="951" ind1=" " ind2=" ">
    <subfield code="a">BO</subfield>
  </datafield>
</record></zs:recordData><zs:recordPosition>4</zs:recordPosition></zs:record><zs:record><zs:recordSchema>marcxml</zs:recordSchema><zs:recordXMLEscaping>xml</zs:recordXMLEscaping><zs:recordData><record xmlns="http://www.loc.gov/MARC21/slim">
  <leader>     cam a22        4500</leader>
  <controlfield tag="001">005573335</controlfield>
  <controlfield tag="003">DE-627-4</controlfield>
  <controlfield tag="005">20210531081057.0</controlfield>
  <controlfield tag="007">tu</controlfield>
  <controlfield tag="008">050614s1670    xx |||||      00| ||ger c</controlfield>
  <datafield tag="024" ind1="7" ind2=" ">
    <subfield code="a">1:669799U</subfield>
    <subfield code="2">vd17</subfield>
  </datafield>
  <datafield tag="026" ind1=" " ind2=" ">
    <subfield code="e">t,it n.ie n-bt ofal 3</subfield>
    <subfield code="2">fei</subfield>
  </datafield>
  <datafield tag="035" ind1=" " ind2=" ">
    <subfield code="a">(DE-627-4)005573335</subfield>
  </datafield>
  <datafield tag="035" ind1=" " ind2=" ">
    <subfield code="a">(DE-599)KXP005573335</subfield>
  </datafield>
  <datafield tag="040" ind1=" " ind2=" ">
    <subfield code="a">DE-627</subfield>
    <subfield code="b">ger</subfield>
    <subfield code="c">DE-627</subfield>
    <subfield code="e">rakwb</subfield>
  </datafield>
  <datafield tag="041" ind1=" " ind2=" ">
    <subfield code="a">ger</subfield>
  </datafield>
  <datafield tag="245" ind1="1" ind2="0">
    <subfield code="a">Uhrwerk Der Liebe</subfield>
    <subfield code="c">übergesetzt Durch Den Beschirmeten</subfield>
  </datafield>
  <datafield tag="264" ind1=" " ind2="1">
    <subfield code="a">[Leipzig]</subfield>
    <subfield code="b">Schürer</subfield>
    <subfield code="c">[ca. 1670]</subfield>
  </datafield>
  <datafield tag="300" ind1=" " ind2=" ">
    <subfield code="a">69 S</subfield>
  </datafield>
  <datafield tag="336" ind1=" " ind2=" ">
    <subfield code="a">nicht spezifiziert</subfield>
    <subfield code="b">zzz</subfield>
    <subfield code="2">rdacontent</subfield>
  </datafield>
  <datafield tag="337" ind1=" " ind2=" ">
    <subfield code="a">nicht spezifiziert</subfield>
    <subfield code="b">z</subfield>
    <subfield code="2">rdamedia</subfield>
  </datafield>
  <datafield tag="338" ind1=" " ind2=" ">
    <subfield code="a">nicht spezifiziert</subfield>
    <subfield code="b">zu</subfield>
    <subfield code="2">rdacarrier</subfield>
  </datafield>
  <datafield tag="500" ind1=" " ind2=" ">
    <subfield code="a">Schlüsselseiten aus dem Exemplar der SBB-PK Berlin: Yz 1461 = R</subfield>
  </datafield>
  <datafield tag="500" ind1=" " ind2=" ">
    <subfield code="a">Vorlageform des Erscheinungsvermerks: In Verlegung der Schür- und Götzischen Erben und Johann Fritschen. - Erscheinungsjahr nach Druckerzeitraum geschätzt</subfield>
  </datafield>
  <datafield tag="510" ind1="3" ind2=" ">
    <subfield code="a">Hayn &amp; Gotendorf. Erotica et curiosa (1912-1929 ed.), Bd. 8, S. 19</subfield>
  </datafield>
  <datafield tag="583" ind1="1" ind2=" ">
    <subfield code="a">Digitalisiert</subfield>
    <subfield code="z">Digitalisierung Unika durch SBB-PK Berlin</subfield>
    <subfield code="2">pdager</subfield>
  </datafield>
  <datafield tag="700" ind1="1" ind2=" ">
    <subfield code="a">Ryssel, Christian von</subfield>
    <subfield code="0">(DE-588)124290744</subfield>
    <subfield code="0">(DE-627)004733673</subfield>
    <subfield code="0">(DE-576)29410478X</subfield>
    <subfield code="4">oth</subfield>
  </datafield>
  <datafield tag="700" ind1="1" ind2=" ">
    <subfield code="a">Fritsch, Johann</subfield>
    <subfield code="d">1635-1680</subfield>
    <subfield code="0">(DE-588)1037511212</subfield>
    <subfield code="0">(DE-627)007480903</subfield>
    <subfield code="4">prt</subfield>
  </datafield>
  <datafield tag="710" ind1="2" ind2=" ">
    <subfield code="a">Zacharias Schürer Erben</subfield>
    <subfield code="g">Leipzig</subfield>
    <subfield code="0">(DE-588)6146354-1</subfield>
    <subfield code="0">(DE-627)007398875</subfield>
    <subfield code="4">prt</subfield>
  </datafield>
  <datafield tag="710" ind1="2" ind2=" ">
    <subfield code="a">Matthias Götze Erben</subfield>
    <subfield code="g">Leipzig</subfield>
    <subfield code="0">(DE-588)6146185-4</subfield>
    <subfield code="0">(DE-627)007396767</subfield>
    <subfield code="0">(DE-576)326073949</subfield>
    <subfield code="4">prt</subfield>
  </datafield>
  <datafield tag="751" ind1=" " ind2=" ">
    <subfield code="a">Leipzig</subfield>
    <subfield code="4">pup</subfield>
  </datafield>
  <datafield tag="856" ind1="4" ind2="1">
    <subfield code="u">http://resolver.staatsbibliothek-berlin.de/SBB0001CC8F00000000</subfield>
    <subfield code="t">2016 digitalisiert von: Staatsbibliothek zu Berlin - Preußischer Kulturbesitz. Exemplar mit der Signatur: Yz 1461</subfield>
    <subfield code="x">Digitalisierung</subfield>
    <subfield code="z">kostenfrei</subfield>
    <subfield code="3">Volltext</subfield>
  </datafield>
  <datafield tag="924" ind1="0" ind2=" ">
    <subfield code="a">004970438</subfield>
    <subfield code="b">DE-1a</subfield>
    <subfield code="9">1a</subfield>
    <subfield code="c">GBV</subfield>
    <subfield code="d">b</subfield>
    <subfield code="g">Yz 1461</subfield>
    <subfield code="h">1:R</subfield>
  </datafield>
  <datafield tag="935" ind1=" " ind2=" ">
    <subfield code="e">Hayn &amp; Gotendorf. Erotica et curiosa (1912-1929 ed.), Bd. 8, S. 19</subfield>
  </datafield>
  <datafield tag="951" ind1=" " ind2=" ">
    <subfield code="a">BO</subfield>
  </datafield>
</record></zs:recordData><zs:recordPosition>5</zs:recordPosition></zs:record><zs:record><zs:recordSchema>marcxml</zs:recordSchema><zs:recordXMLEscaping>xml</zs:recordXMLEscaping><zs:recordData><record xmlns="http://www.loc.gov/MARC21/slim">
  <leader>     cam a22        4500</leader>
  <controlfield tag="001">004056841</controlfield>
  <controlfield tag="003">DE-627-4</controlfield>
  <controlfield tag="005">20210604135403.0</controlfield>
  <controlfield tag="007">tu</controlfield>
  <controlfield tag="008">021105s1669    xx |||||      00| ||ger c</controlfield>
  <datafield tag="024" ind1="7" ind2=" ">
    <subfield code="a">23:620631M</subfield>
    <subfield code="2">vd17</subfield>
  </datafield>
  <datafield tag="026" ind1=" " ind2=" ">
    <subfield code="e">m-ch enen r-he zuBe 3 1669R</subfield>
    <subfield code="2">fei</subfield>
  </datafield>
  <datafield tag="035" ind1=" " ind2=" ">
    <subfield code="a">(DE-627-4)004056841</subfield>
  </datafield>
  <datafield tag="035" ind1=" " ind2=" ">
    <subfield code="a">(DE-599)KXP004056841</subfield>
  </datafield>
  <datafield tag="040" ind1=" " ind2=" ">
    <subfield code="a">DE-627</subfield>
    <subfield code="b">ger</subfield>
    <subfield code="c">DE-627</subfield>
    <subfield code="e">rakwb</subfield>
  </datafield>
  <datafield tag="041" ind1=" " ind2=" ">
    <subfield code="a">ger</subfield>
    <subfield code="h">fre</subfield>
  </datafield>
  <datafield tag="100" ind1="1" ind2=" ">
    <subfield code="a">Péréfixe de Beaumont, Hardouin de</subfield>
    <subfield code="d">1605-1671</subfield>
    <subfield code="0">(DE-588)124290736</subfield>
    <subfield code="0">(DE-627)004733665</subfield>
    <subfield code="0">(DE-576)165147962</subfield>
    <subfield code="4">aut</subfield>
  </datafield>
  <datafield tag="240" ind1="1" ind2="0">
    <subfield code="a">Histoire du roy Henry le Grand &lt;dt.&gt;</subfield>
  </datafield>
  <datafield tag="245" ind1="1" ind2="0">
    <subfield code="a">Lebens-Geschichte Heinrichs des Grossen Königes In Franckreich</subfield>
    <subfield code="c">Durch Hartwich von Pere-fixe Bischoffen von Rodez. Übergesetzt Von Dem Beschirmeten</subfield>
  </datafield>
  <datafield tag="246" ind1="1" ind2=" ">
    <subfield code="i">Kupfert.</subfield>
    <subfield code="a">Lebens-Geschichte Heinrichs des Grossen Königs in Franckreich</subfield>
  </datafield>
  <datafield tag="246" ind1="3" ind2="0">
    <subfield code="a">Königs Frankreich</subfield>
  </datafield>
  <datafield tag="246" ind1="3" ind2="3">
    <subfield code="a">Lebens-Geschichte Heinrichs des Grossen Königs in Franckreich</subfield>
  </datafield>
  <datafield tag="264" ind1=" " ind2="1">
    <subfield code="a">Leipzig</subfield>
    <subfield code="b">Schür- und Götzische Erben</subfield>
    <subfield code="c">1669</subfield>
  </datafield>
  <datafield tag="264" ind1=" " ind2="1">
    <subfield code="a">Leipzig</subfield>
    <subfield code="b">Köler</subfield>
    <subfield code="c">1669</subfield>
  </datafield>
  <datafield tag="300" ind1=" " ind2=" ">
    <subfield code="a">[12] Bl., 671 S</subfield>
    <subfield code="b">Kupfert</subfield>
    <subfield code="c">8°</subfield>
  </datafield>
  <datafield tag="336" ind1=" " ind2=" ">
    <subfield code="a">nicht spezifiziert</subfield>
    <subfield code="b">zzz</subfield>
    <subfield code="2">rdacontent</subfield>
  </datafield>
  <datafield tag="337" ind1=" " ind2=" ">
    <subfield code="a">nicht spezifiziert</subfield>
    <subfield code="b">z</subfield>
    <subfield code="2">rdamedia</subfield>
  </datafield>
  <datafield tag="338" ind1=" " ind2=" ">
    <subfield code="a">nicht spezifiziert</subfield>
    <subfield code="b">zu</subfield>
    <subfield code="2">rdacarrier</subfield>
  </datafield>
  <datafield tag="500" ind1=" " ind2=" ">
    <subfield code="a">Kupfert. vermutl. gestochen von Johann Philipp Thelott oder von Johann Andreas Thelott</subfield>
  </datafield>
  <datafield tag="500" ind1=" " ind2=" ">
    <subfield code="a">Schlüsselseiten aus dem Exemplar der FB Gotha: H 8° 05580</subfield>
  </datafield>
  <datafield tag="500" ind1=" " ind2=" ">
    <subfield code="a">Signaturformel: ):(12, A - Z12, Aa - Ee12</subfield>
  </datafield>
  <datafield tag="500" ind1=" " ind2=" ">
    <subfield code="a">Vorlageform des Erscheinungsvermerks: Leipzig In Verlegung der Schür- und Götzischen Erben und Johann Fritzschen. Gedruckt bey Johann Kölern. Im Jahr M.DC.LXIX.</subfield>
  </datafield>
  <datafield tag="655" ind1=" " ind2="7">
    <subfield code="a">Biographie</subfield>
    <subfield code="0">(DE-627)00657341X</subfield>
    <subfield code="2">local</subfield>
  </datafield>
  <datafield tag="700" ind1="1" ind2=" ">
    <subfield code="a">Ryssel, Christian von</subfield>
    <subfield code="0">(DE-588)124290744</subfield>
    <subfield code="0">(DE-627)004733673</subfield>
    <subfield code="0">(DE-576)29410478X</subfield>
    <subfield code="4">oth</subfield>
  </datafield>
  <datafield tag="700" ind1="1" ind2="2">
    <subfield code="a">Péréfixe de Beaumont, Hardouin de</subfield>
    <subfield code="d">1605-1671</subfield>
    <subfield code="t">Histoire du roy Henry le Grand &lt;dt.&gt;</subfield>
  </datafield>
  <datafield tag="700" ind1="0" ind2=" ">
    <subfield code="a">Heinrich</subfield>
    <subfield code="b">IV.</subfield>
    <subfield code="c">Frankreich, König</subfield>
    <subfield code="d">1553-1610</subfield>
    <subfield code="0">(DE-588)118548174</subfield>
    <subfield code="0">(DE-627)00405685X</subfield>
    <subfield code="4">oth</subfield>
  </datafield>
  <datafield tag="700" ind1="1" ind2=" ">
    <subfield code="a">Thelott,  .̤</subfield>
    <subfield code="e">BeiträgerIn k.</subfield>
    <subfield code="4">ctb</subfield>
  </datafield>
  <datafield tag="700" ind1="1" ind2=" ">
    <subfield code="a">Köhler, Johann</subfield>
    <subfield code="d">1645-1698</subfield>
    <subfield code="0">(DE-588)133969185</subfield>
    <subfield code="0">(DE-627)006380379</subfield>
    <subfield code="4">prt</subfield>
  </datafield>
  <datafield tag="710" ind1="2" ind2=" ">
    <subfield code="a">Zacharias Schürer Erben</subfield>
    <subfield code="g">Leipzig</subfield>
    <subfield code="0">(DE-588)6146354-1</subfield>
    <subfield code="0">(DE-627)007398875</subfield>
    <subfield code="4">prt</subfield>
  </datafield>
  <datafield tag="710" ind1="2" ind2=" ">
    <subfield code="a">Matthias Götze Erben</subfield>
    <subfield code="g">Leipzig</subfield>
    <subfield code="0">(DE-588)6146185-4</subfield>
    <subfield code="0">(DE-627)007396767</subfield>
    <subfield code="0">(DE-576)326073949</subfield>
    <subfield code="4">prt</subfield>
  </datafield>
  <datafield tag="751" ind1=" " ind2=" ">
    <subfield code="a">Leipzig</subfield>
    <subfield code="4">pup</subfield>
  </datafield>
  <datafield tag="856" ind1="4" ind2="1">
    <subfield code="u">http://diglib.hab.de/drucke/xb-7184/start.htm</subfield>
    <subfield code="q">image/jpeg</subfield>
    <subfield code="t">digitalisiert von: Herzog August Bibliothek Wolfenbüttel, Exemplar mit der Signatur: Xb 7184 @ i</subfield>
    <subfield code="x">Digitalisierung</subfield>
    <subfield code="z">kostenfrei</subfield>
    <subfield code="3">Volltext</subfield>
  </datafield>
  <datafield tag="924" ind1="0" ind2=" ">
    <subfield code="a">005450497</subfield>
    <subfield code="b">DE-547</subfield>
    <subfield code="9">547</subfield>
    <subfield code="c">GBV</subfield>
    <subfield code="d">b</subfield>
    <subfield code="g">H 8° 05580</subfield>
    <subfield code="g">Forschungsbibliothek Gotha</subfield>
    <subfield code="h">FBG MAG</subfield>
  </datafield>
  <datafield tag="924" ind1="0" ind2=" ">
    <subfield code="a">003254380</subfield>
    <subfield code="b">DE-23</subfield>
    <subfield code="9">23</subfield>
    <subfield code="c">GBV</subfield>
    <subfield code="d">d</subfield>
    <subfield code="g">Xb 7184</subfield>
  </datafield>
  <datafield tag="924" ind1="0" ind2=" ">
    <subfield code="a">006136672</subfield>
    <subfield code="b">DE-14</subfield>
    <subfield code="9">14</subfield>
    <subfield code="c">BSZ</subfield>
    <subfield code="d">c</subfield>
    <subfield code="g">Hist.Gall.C.1025</subfield>
  </datafield>
  <datafield tag="924" ind1="0" ind2=" ">
    <subfield code="a">00785840X</subfield>
    <subfield code="b">DE-15</subfield>
    <subfield code="9">15</subfield>
    <subfield code="c">BSZ</subfield>
    <subfield code="d">c</subfield>
    <subfield code="g">Hist.Gall.222-i</subfield>
  </datafield>
  <datafield tag="951" ind1=" " ind2=" ">
    <subfield code="a">BO</subfield>
  </datafield>
</record></zs:recordData><zs:recordPosition>6</zs:recordPosition></zs:record><zs:record><zs:recordSchema>marcxml</zs:recordSchema><zs:recordXMLEscaping>xml</zs:recordXMLEscaping><zs:recordData><record xmlns="http://www.loc.gov/MARC21/slim">
  <leader>     cam a22        4500</leader>
  <controlfield tag="001">000282952</controlfield>
  <controlfield tag="003">DE-627-4</controlfield>
  <controlfield tag="005">20210707103233.0</controlfield>
  <controlfield tag="007">tu</controlfield>
  <controlfield tag="008">020901s1669    xx |||||      00| ||ger c</controlfield>
  <datafield tag="024" ind1="7" ind2=" ">
    <subfield code="a">39:120794T</subfield>
    <subfield code="2">vd17</subfield>
  </datafield>
  <datafield tag="026" ind1=" " ind2=" ">
    <subfield code="e">errn a-8. s-be woau 3</subfield>
    <subfield code="2">fei</subfield>
  </datafield>
  <datafield tag="035" ind1=" " ind2=" ">
    <subfield code="a">(DE-627-4)000282952</subfield>
  </datafield>
  <datafield tag="035" ind1=" " ind2=" ">
    <subfield code="a">(DE-599)KXP000282952</subfield>
  </datafield>
  <datafield tag="040" ind1=" " ind2=" ">
    <subfield code="a">DE-627</subfield>
    <subfield code="b">ger</subfield>
    <subfield code="c">DE-627</subfield>
    <subfield code="e">rakwb</subfield>
  </datafield>
  <datafield tag="041" ind1=" " ind2=" ">
    <subfield code="a">ger</subfield>
    <subfield code="h">fre</subfield>
  </datafield>
  <datafield tag="100" ind1="1" ind2=" ">
    <subfield code="a">Caillières, Jacques de</subfield>
    <subfield code="d">-1697</subfield>
    <subfield code="0">(DE-588)12859053X</subfield>
    <subfield code="0">(DE-627)005078946</subfield>
    <subfield code="0">(DE-576)297230611</subfield>
    <subfield code="4">aut</subfield>
  </datafield>
  <datafield tag="240" ind1="1" ind2="3">
    <subfield code="a">La Fortune des gens de qualité &lt;dt.&gt;</subfield>
  </datafield>
  <datafield tag="245" ind1="1" ind2="0">
    <subfield code="a">Von dem Glükke Fürnehmer Herren Und Edelleute</subfield>
    <subfield code="b">Worinnen die Kunst/ bey Hofe zu leben/ nach den Grund-Sätzen der Staats- und Sitten-Lehre/ wie auch im Kriege sich zu versuchen/ gewiesen wird</subfield>
    <subfield code="c">Aus dem Frantzösischen Des Herrn De Caillière, Marschalls der Schlacht-Ordnungen bey den Königl. Kriegs-Herren/ übergesetzt durch den Beschirmeten</subfield>
  </datafield>
  <datafield tag="246" ind1="1" ind2=" ">
    <subfield code="i">Kupfert.</subfield>
    <subfield code="a">Glükke Tugendhaffter Leüte</subfield>
  </datafield>
  <datafield tag="246" ind1="3" ind2="3">
    <subfield code="a">Glükke Tugendhaffter Leüte</subfield>
  </datafield>
  <datafield tag="264" ind1=" " ind2="1">
    <subfield code="a">[Leipzig]</subfield>
    <subfield code="b">Schür- und Götzische Erben</subfield>
    <subfield code="c">[ca. 1669]</subfield>
  </datafield>
  <datafield tag="300" ind1=" " ind2=" ">
    <subfield code="a">[10] Bl., 292 S</subfield>
    <subfield code="b">Kupfert</subfield>
    <subfield code="c">12°</subfield>
  </datafield>
  <datafield tag="336" ind1=" " ind2=" ">
    <subfield code="a">nicht spezifiziert</subfield>
    <subfield code="b">zzz</subfield>
    <subfield code="2">rdacontent</subfield>
  </datafield>
  <datafield tag="337" ind1=" " ind2=" ">
    <subfield code="a">nicht spezifiziert</subfield>
    <subfield code="b">z</subfield>
    <subfield code="2">rdamedia</subfield>
  </datafield>
  <datafield tag="338" ind1=" " ind2=" ">
    <subfield code="a">nicht spezifiziert</subfield>
    <subfield code="b">zu</subfield>
    <subfield code="2">rdacarrier</subfield>
  </datafield>
  <datafield tag="500" ind1=" " ind2=" ">
    <subfield code="a">Schlüsselseiten aus dem Exemplar der FB Gotha: Poes 8° 2709/3 (2)</subfield>
  </datafield>
  <datafield tag="500" ind1=" " ind2=" ">
    <subfield code="a">Der Beschirmete ist Pseud. von Christian von Ryssell</subfield>
  </datafield>
  <datafield tag="500" ind1=" " ind2=" ">
    <subfield code="a">Vorlageform des Erscheinungsvermerks: In Verlegung der Schür- und Götzischen Erben und Johann Fritschen. - Erscheinungsjahr nach Datierung des hs. Besitzvermerk im Ex. QuN 801 (1) der HAB Wolfenbüttel ("Christian von Ryssel Hamburg 1669")</subfield>
  </datafield>
  <datafield tag="700" ind1="1" ind2=" ">
    <subfield code="a">Ryssel, Christian von</subfield>
    <subfield code="0">(DE-588)124290744</subfield>
    <subfield code="0">(DE-627)004733673</subfield>
    <subfield code="0">(DE-576)29410478X</subfield>
    <subfield code="4">oth</subfield>
  </datafield>
  <datafield tag="700" ind1="1" ind2="2">
    <subfield code="a">Caillières, Jacques de</subfield>
    <subfield code="d">-1697</subfield>
    <subfield code="t">La Fortune des gens de qualité &lt;dt.&gt;</subfield>
  </datafield>
  <datafield tag="700" ind1="1" ind2=" ">
    <subfield code="a">Romstet, Christian</subfield>
    <subfield code="e">BeiträgerIn k.</subfield>
    <subfield code="4">ctb</subfield>
  </datafield>
  <datafield tag="700" ind1="1" ind2=" ">
    <subfield code="a">Fritsch, Johann</subfield>
    <subfield code="d">1635-1680</subfield>
    <subfield code="0">(DE-588)1037511212</subfield>
    <subfield code="0">(DE-627)007480903</subfield>
    <subfield code="4">prt</subfield>
  </datafield>
  <datafield tag="710" ind1="2" ind2=" ">
    <subfield code="a">Matthias Götze Erben</subfield>
    <subfield code="g">Leipzig</subfield>
    <subfield code="0">(DE-588)6146185-4</subfield>
    <subfield code="0">(DE-627)007396767</subfield>
    <subfield code="0">(DE-576)326073949</subfield>
    <subfield code="4">prt</subfield>
  </datafield>
  <datafield tag="710" ind1="2" ind2=" ">
    <subfield code="a">Thomas Schürer Erben</subfield>
    <subfield code="g">Leipzig</subfield>
    <subfield code="0">(DE-588)6146113-1</subfield>
    <subfield code="0">(DE-627)007398190</subfield>
    <subfield code="4">prt</subfield>
  </datafield>
  <datafield tag="751" ind1=" " ind2=" ">
    <subfield code="a">Leipzig</subfield>
    <subfield code="4">pup</subfield>
  </datafield>
  <datafield tag="856" ind1="4" ind2="1">
    <subfield code="u">http://diglib.hab.de/drucke/144-11-1-pol/start.htm</subfield>
    <subfield code="q">image/jpeg</subfield>
    <subfield code="t">//digitalisiert von: Herzog August Bibliothek Wolfenbüttel, Exemplar mit der Signatur: 144.11.1 Pol.</subfield>
    <subfield code="x">Digitalisierung</subfield>
    <subfield code="z">kostenfrei</subfield>
    <subfield code="3">Volltext</subfield>
  </datafield>
  <datafield tag="924" ind1="0" ind2=" ">
    <subfield code="a">002315254</subfield>
    <subfield code="b">DE-547</subfield>
    <subfield code="9">547</subfield>
    <subfield code="c">GBV</subfield>
    <subfield code="d">b</subfield>
    <subfield code="g">Poes 8° 02709/03 (02)</subfield>
    <subfield code="g">Forschungsbibliothek Gotha</subfield>
    <subfield code="h">FBG MAG</subfield>
  </datafield>
  <datafield tag="924" ind1="0" ind2=" ">
    <subfield code="a">002315270</subfield>
    <subfield code="b">DE-547</subfield>
    <subfield code="9">547</subfield>
    <subfield code="c">GBV</subfield>
    <subfield code="d">b</subfield>
    <subfield code="g">Phil 8° 00290b/15</subfield>
    <subfield code="g">Forschungsbibliothek Gotha</subfield>
    <subfield code="h">FBG MAG</subfield>
  </datafield>
  <datafield tag="924" ind1="0" ind2=" ">
    <subfield code="a">001208225</subfield>
    <subfield code="b">DE-23</subfield>
    <subfield code="9">23</subfield>
    <subfield code="c">GBV</subfield>
    <subfield code="g">144.11.1 Pol.</subfield>
  </datafield>
  <datafield tag="924" ind1="0" ind2=" ">
    <subfield code="a">001208209</subfield>
    <subfield code="b">DE-23</subfield>
    <subfield code="9">23</subfield>
    <subfield code="c">GBV</subfield>
    <subfield code="g">151.5 Eth.</subfield>
  </datafield>
  <datafield tag="924" ind1="0" ind2=" ">
    <subfield code="a">004889355</subfield>
    <subfield code="b">DE-23</subfield>
    <subfield code="9">23</subfield>
    <subfield code="c">GBV</subfield>
    <subfield code="g">QuN 801 (1)</subfield>
  </datafield>
  <datafield tag="924" ind1="0" ind2=" ">
    <subfield code="a">001093614</subfield>
    <subfield code="b">DE-3</subfield>
    <subfield code="9">3</subfield>
    <subfield code="c">GBV</subfield>
    <subfield code="g">AB 154228 (5)</subfield>
  </datafield>
  <datafield tag="924" ind1="0" ind2=" ">
    <subfield code="a">001093622</subfield>
    <subfield code="b">DE-3</subfield>
    <subfield code="9">3</subfield>
    <subfield code="c">GBV</subfield>
    <subfield code="g">AB 40 19/h, 3 (2)</subfield>
  </datafield>
  <datafield tag="924" ind1="0" ind2=" ">
    <subfield code="a">001093649</subfield>
    <subfield code="b">DE-3</subfield>
    <subfield code="9">3</subfield>
    <subfield code="c">GBV</subfield>
    <subfield code="g">AB 50231</subfield>
  </datafield>
  <datafield tag="951" ind1=" " ind2=" ">
    <subfield code="a">BO</subfield>
  </datafield>
</record></zs:recordData><zs:recordPosition>7</zs:recordPosition></zs:record><zs:record><zs:recordSchema>marcxml</zs:recordSchema><zs:recordXMLEscaping>xml</zs:recordXMLEscaping><zs:recordData><record xmlns="http://www.loc.gov/MARC21/slim">
  <leader>     cam a22        4500</leader>
  <controlfield tag="001">000429317</controlfield>
  <controlfield tag="003">DE-627-4</controlfield>
  <controlfield tag="005">20200310210523.0</controlfield>
  <controlfield tag="007">tu</controlfield>
  <controlfield tag="008">020901s1668    xx |||||      00| ||ger c</controlfield>
  <datafield tag="024" ind1="7" ind2=" ">
    <subfield code="a">3:300775L</subfield>
    <subfield code="2">vd17</subfield>
  </datafield>
  <datafield tag="026" ind1=" " ind2=" ">
    <subfield code="e">ern. n,e- ind, Meqv 3 1668A</subfield>
    <subfield code="2">fei</subfield>
  </datafield>
  <datafield tag="035" ind1=" " ind2=" ">
    <subfield code="a">(DE-627-4)000429317</subfield>
  </datafield>
  <datafield tag="035" ind1=" " ind2=" ">
    <subfield code="a">(DE-599)KXP000429317</subfield>
  </datafield>
  <datafield tag="040" ind1=" " ind2=" ">
    <subfield code="a">DE-627</subfield>
    <subfield code="b">ger</subfield>
    <subfield code="c">DE-627</subfield>
    <subfield code="e">rakwb</subfield>
  </datafield>
  <datafield tag="041" ind1=" " ind2=" ">
    <subfield code="a">ger</subfield>
    <subfield code="h">fre</subfield>
  </datafield>
  <datafield tag="100" ind1="1" ind2=" ">
    <subfield code="a">Naudé, Gabriel</subfield>
    <subfield code="d">1600-1653</subfield>
    <subfield code="0">(DE-588)118738151</subfield>
    <subfield code="0">(DE-627)004298128</subfield>
    <subfield code="0">(DE-576)162348851</subfield>
    <subfield code="4">aut</subfield>
  </datafield>
  <datafield tag="245" ind1="1" ind2="8">
    <subfield code="a">Gabriel Naudaeens Politisches Bedencken über die Staats-streiche</subfield>
    <subfield code="c">Aus dem Frantzösischen übergesetzt durch den Beschirmeten</subfield>
  </datafield>
  <datafield tag="246" ind1="3" ind2="0">
    <subfield code="a">Bedenken</subfield>
  </datafield>
  <datafield tag="264" ind1=" " ind2="1">
    <subfield code="a">Leipzig</subfield>
    <subfield code="b">Schür- und Götzischen Erben</subfield>
    <subfield code="c">1668</subfield>
  </datafield>
  <datafield tag="264" ind1=" " ind2="1">
    <subfield code="a">Leipzig</subfield>
    <subfield code="b">Köler</subfield>
    <subfield code="c">1668</subfield>
  </datafield>
  <datafield tag="300" ind1=" " ind2=" ">
    <subfield code="a">[7] Bl., 296 S</subfield>
    <subfield code="b">Tbl. r&amp;s</subfield>
    <subfield code="c">12°</subfield>
  </datafield>
  <datafield tag="336" ind1=" " ind2=" ">
    <subfield code="a">nicht spezifiziert</subfield>
    <subfield code="b">zzz</subfield>
    <subfield code="2">rdacontent</subfield>
  </datafield>
  <datafield tag="337" ind1=" " ind2=" ">
    <subfield code="a">nicht spezifiziert</subfield>
    <subfield code="b">z</subfield>
    <subfield code="2">rdamedia</subfield>
  </datafield>
  <datafield tag="338" ind1=" " ind2=" ">
    <subfield code="a">nicht spezifiziert</subfield>
    <subfield code="b">zu</subfield>
    <subfield code="2">rdacarrier</subfield>
  </datafield>
  <datafield tag="500" ind1=" " ind2=" ">
    <subfield code="a">Schlüsselseiten aus dem Exemplar der ULB Halle: AB 36 7/k, 51</subfield>
  </datafield>
  <datafield tag="500" ind1=" " ind2=" ">
    <subfield code="a">Der Beschirmete ist Pseud. von Christian von Ryssel. -  Übers. ermittelt in: Der Neu-Sprossende Teutsche Plambaum. Oder Ausführlicher Bericht/ Von der Hochlöblichen Fruchtbringenden Gesellschaft ... samt einem vollkommenen Verzeichnüß ... aller ... Mitglieder ..., Nürnberg, 1668</subfield>
  </datafield>
  <datafield tag="500" ind1=" " ind2=" ">
    <subfield code="a">Vorlageform des Erscheinungsvermerks: Leipzig/ In Verlegung der Schür- un[d] Götzischen Erben. und Johann Fritzschen. Druckts Johann Köler/ 1668</subfield>
  </datafield>
  <datafield tag="655" ind1=" " ind2="7">
    <subfield code="a">Streitschrift:polit.</subfield>
    <subfield code="0">(DE-627)00657193X</subfield>
    <subfield code="2">local</subfield>
  </datafield>
  <datafield tag="700" ind1="1" ind2=" ">
    <subfield code="a">Ryssel, Christian von</subfield>
    <subfield code="0">(DE-588)124290744</subfield>
    <subfield code="0">(DE-627)004733673</subfield>
    <subfield code="0">(DE-576)29410478X</subfield>
    <subfield code="4">oth</subfield>
  </datafield>
  <datafield tag="700" ind1="1" ind2=" ">
    <subfield code="a">Gabel, Christoph von</subfield>
    <subfield code="e">WidmungsempfängerIn</subfield>
    <subfield code="4">dte</subfield>
  </datafield>
  <datafield tag="700" ind1="0" ind2=" ">
    <subfield code="a">Bagni</subfield>
    <subfield code="c">Cardinal</subfield>
    <subfield code="e">WidmungsempfängerIn</subfield>
    <subfield code="4">dte</subfield>
  </datafield>
  <datafield tag="700" ind1="1" ind2=" ">
    <subfield code="a">Sauter, J. L.</subfield>
    <subfield code="e">BeiträgerIn</subfield>
    <subfield code="4">ctb</subfield>
  </datafield>
  <datafield tag="700" ind1="1" ind2=" ">
    <subfield code="a">Rappe, N. F.</subfield>
    <subfield code="e">BeiträgerIn</subfield>
    <subfield code="4">ctb</subfield>
  </datafield>
  <datafield tag="700" ind1="1" ind2=" ">
    <subfield code="a">Fritsch, Johann</subfield>
    <subfield code="d">1635-1680</subfield>
    <subfield code="0">(DE-588)1037511212</subfield>
    <subfield code="0">(DE-627)007480903</subfield>
    <subfield code="4">prt</subfield>
  </datafield>
  <datafield tag="700" ind1="1" ind2=" ">
    <subfield code="a">Köhler, Johann</subfield>
    <subfield code="d">1645-1698</subfield>
    <subfield code="0">(DE-588)133969185</subfield>
    <subfield code="0">(DE-627)006380379</subfield>
    <subfield code="4">prt</subfield>
  </datafield>
  <datafield tag="710" ind1="2" ind2=" ">
    <subfield code="a">Matthias Götze Erben</subfield>
    <subfield code="g">Leipzig</subfield>
    <subfield code="0">(DE-588)6146185-4</subfield>
    <subfield code="0">(DE-627)007396767</subfield>
    <subfield code="0">(DE-576)326073949</subfield>
    <subfield code="4">prt</subfield>
  </datafield>
  <datafield tag="751" ind1=" " ind2=" ">
    <subfield code="a">Leipzig</subfield>
    <subfield code="4">pup</subfield>
  </datafield>
  <datafield tag="856" ind1="4" ind2="1">
    <subfield code="u">http://diglib.hab.de/drucke/xb-7578/start.htm</subfield>
    <subfield code="q">image/jpeg</subfield>
    <subfield code="t">// digitalisiert von Herzog August Bibliothek Wolfenbüttel. Exemplar mit der Signatur: Xb 7578</subfield>
    <subfield code="x">Digitalisierung</subfield>
    <subfield code="z">kostenfrei</subfield>
    <subfield code="3">Volltext</subfield>
  </datafield>
  <datafield tag="924" ind1="0" ind2=" ">
    <subfield code="a">003968588</subfield>
    <subfield code="b">DE-23</subfield>
    <subfield code="9">23</subfield>
    <subfield code="c">GBV</subfield>
    <subfield code="g">Xb 7578</subfield>
  </datafield>
  <datafield tag="924" ind1="0" ind2=" ">
    <subfield code="a">005067049</subfield>
    <subfield code="b">DE-32</subfield>
    <subfield code="9">32</subfield>
    <subfield code="c">GBV</subfield>
    <subfield code="d">b</subfield>
    <subfield code="g">12° XXV : 2</subfield>
  </datafield>
  <datafield tag="924" ind1="0" ind2=" ">
    <subfield code="a">001210793</subfield>
    <subfield code="b">DE-3</subfield>
    <subfield code="9">3</subfield>
    <subfield code="c">GBV</subfield>
    <subfield code="g">AB 36 7/k, 51</subfield>
  </datafield>
  <datafield tag="951" ind1=" " ind2=" ">
    <subfield code="a">BO</subfield>
  </datafield>
</record></zs:recordData><zs:recordPosition>8</zs:recordPosition></zs:record><zs:record><zs:recordSchema>marcxml</zs:recordSchema><zs:recordXMLEscaping>xml</zs:recordXMLEscaping><zs:recordData><record xmlns="http://www.loc.gov/MARC21/slim">
  <leader>     cam a22        4500</leader>
  <controlfield tag="001">000832804</controlfield>
  <controlfield tag="003">DE-627-4</controlfield>
  <controlfield tag="005">20200224143254.0</controlfield>
  <controlfield tag="007">tu</controlfield>
  <controlfield tag="008">020901s1666    xx |||||      00| ||ger c</controlfield>
  <datafield tag="024" ind1="7" ind2=" ">
    <subfield code="a">23:328716V</subfield>
    <subfield code="2">vd17</subfield>
  </datafield>
  <datafield tag="026" ind1=" " ind2=" ">
    <subfield code="e">u-el enr- 2.f- UnGe 3 1666A</subfield>
    <subfield code="2">fei</subfield>
  </datafield>
  <datafield tag="035" ind1=" " ind2=" ">
    <subfield code="a">(DE-627-4)000832804</subfield>
  </datafield>
  <datafield tag="035" ind1=" " ind2=" ">
    <subfield code="a">(DE-599)KXP000832804</subfield>
  </datafield>
  <datafield tag="040" ind1=" " ind2=" ">
    <subfield code="a">DE-627</subfield>
    <subfield code="b">ger</subfield>
    <subfield code="c">DE-627</subfield>
    <subfield code="e">rakwb</subfield>
  </datafield>
  <datafield tag="041" ind1=" " ind2=" ">
    <subfield code="a">ger</subfield>
    <subfield code="h">fre</subfield>
  </datafield>
  <datafield tag="100" ind1="1" ind2=" ">
    <subfield code="a">Du Moulin, Pierre</subfield>
    <subfield code="d">1601-1684</subfield>
    <subfield code="0">(DE-588)104082003</subfield>
    <subfield code="0">(DE-627)004127412</subfield>
    <subfield code="4">aut</subfield>
  </datafield>
  <datafield tag="240" ind1="1" ind2="0">
    <subfield code="a">Traitté De la paix de l'ame et du contentement de l'esprit &lt;dt.&gt;</subfield>
  </datafield>
  <datafield tag="245" ind1="1" ind2="0">
    <subfield code="a">Von dem Seelen-Friede und von der Gemüths-Vergnügung</subfield>
    <subfield code="c">aus dem Frantzösischen Herrn Petri Molinaei des Jüngern. übergesetzet von dem Beschirmeten. [Christian von Ryssel]</subfield>
  </datafield>
  <datafield tag="246" ind1="3" ind2="0">
    <subfield code="a">Gemüts Gemütsvergnügung</subfield>
  </datafield>
  <datafield tag="264" ind1=" " ind2="1">
    <subfield code="a">Leipzig</subfield>
    <subfield code="b">Ritzschens Buchladen</subfield>
    <subfield code="c">1666</subfield>
  </datafield>
  <datafield tag="300" ind1=" " ind2=" ">
    <subfield code="a">[12] Bl., 731 S., [6] BL</subfield>
    <subfield code="b">Kupfert</subfield>
    <subfield code="c">12°</subfield>
  </datafield>
  <datafield tag="336" ind1=" " ind2=" ">
    <subfield code="a">nicht spezifiziert</subfield>
    <subfield code="b">zzz</subfield>
    <subfield code="2">rdacontent</subfield>
  </datafield>
  <datafield tag="337" ind1=" " ind2=" ">
    <subfield code="a">nicht spezifiziert</subfield>
    <subfield code="b">z</subfield>
    <subfield code="2">rdamedia</subfield>
  </datafield>
  <datafield tag="338" ind1=" " ind2=" ">
    <subfield code="a">nicht spezifiziert</subfield>
    <subfield code="b">zu</subfield>
    <subfield code="2">rdacarrier</subfield>
  </datafield>
  <datafield tag="500" ind1=" " ind2=" ">
    <subfield code="a">Der Beschirmete ist Christian von Ryssel, ermittelt in: Goedeke: Grundriß zur Geschichte der deutschen Dichtung, 2. Aufl., Bd 3</subfield>
  </datafield>
  <datafield tag="700" ind1="1" ind2=" ">
    <subfield code="a">Ryssel, Christian von</subfield>
    <subfield code="0">(DE-588)124290744</subfield>
    <subfield code="0">(DE-627)004733673</subfield>
    <subfield code="0">(DE-576)29410478X</subfield>
    <subfield code="4">oth</subfield>
  </datafield>
  <datafield tag="700" ind1="0" ind2=" ">
    <subfield code="a">Christian Ernst</subfield>
    <subfield code="c">Brandenburg-Bayreuth, Markgraf</subfield>
    <subfield code="e">WidmungsempfängerIn</subfield>
    <subfield code="4">dte</subfield>
  </datafield>
  <datafield tag="700" ind1="1" ind2="2">
    <subfield code="a">Du Moulin, Pierre</subfield>
    <subfield code="d">1601-1684</subfield>
    <subfield code="t">Traitté De la paix de l'ame et du contentement de l'esprit &lt;dt.&gt;</subfield>
  </datafield>
  <datafield tag="700" ind1="1" ind2=" ">
    <subfield code="a">Ritzsch, Timotheus</subfield>
    <subfield code="d">1614-1678</subfield>
    <subfield code="0">(DE-588)100844332</subfield>
    <subfield code="0">(DE-627)004060539</subfield>
    <subfield code="4">prt</subfield>
  </datafield>
  <datafield tag="751" ind1=" " ind2=" ">
    <subfield code="a">Leipzig</subfield>
    <subfield code="4">pup</subfield>
  </datafield>
  <datafield tag="924" ind1="0" ind2=" ">
    <subfield code="a">001533495</subfield>
    <subfield code="b">DE-23</subfield>
    <subfield code="9">23</subfield>
    <subfield code="c">GBV</subfield>
    <subfield code="g">Lm 1263</subfield>
  </datafield>
  <datafield tag="951" ind1=" " ind2=" ">
    <subfield code="a">BO</subfield>
  </datafield>
</record></zs:recordData><zs:recordPosition>9</zs:recordPosition></zs:record><zs:record><zs:recordSchema>marcxml</zs:recordSchema><zs:recordXMLEscaping>xml</zs:recordXMLEscaping><zs:recordData><record xmlns="http://www.loc.gov/MARC21/slim">
  <leader>     cam a22        4500</leader>
  <controlfield tag="001">001023063</controlfield>
  <controlfield tag="003">DE-627-4</controlfield>
  <controlfield tag="005">20200310213657.0</controlfield>
  <controlfield tag="007">tu</controlfield>
  <controlfield tag="008">020901s1641    xx |||||      00| ||lat c</controlfield>
  <datafield tag="024" ind1="7" ind2=" ">
    <subfield code="a">125:000124F</subfield>
    <subfield code="2">vd17</subfield>
  </datafield>
  <datafield tag="026" ind1=" " ind2=" ">
    <subfield code="e">r,em e.us S.s. t,t! C 1641R</subfield>
    <subfield code="2">fei</subfield>
  </datafield>
  <datafield tag="035" ind1=" " ind2=" ">
    <subfield code="a">(DE-627-4)001023063</subfield>
  </datafield>
  <datafield tag="035" ind1=" " ind2=" ">
    <subfield code="a">(DE-599)KXP001023063</subfield>
  </datafield>
  <datafield tag="040" ind1=" " ind2=" ">
    <subfield code="a">DE-627</subfield>
    <subfield code="b">ger</subfield>
    <subfield code="c">DE-627</subfield>
    <subfield code="e">rakwb</subfield>
  </datafield>
  <datafield tag="041" ind1=" " ind2=" ">
    <subfield code="a">lat</subfield>
  </datafield>
  <datafield tag="100" ind1="1" ind2=" ">
    <subfield code="a">Rappolt, Friedrich</subfield>
    <subfield code="d">1615-1676</subfield>
    <subfield code="0">(DE-588)116335238</subfield>
    <subfield code="0">(DE-627)004056256</subfield>
    <subfield code="4">aut</subfield>
  </datafield>
  <datafield tag="245" ind1="1" ind2="0">
    <subfield code="a">Veneranda Heptas Magistrorum, Septiformi Dei Spiritu Et Serenissimo Saxoniae Electore S.R.I. Septem-Viro annuente, Rectore Magnifico Dn. Johanne Michaelis, Phil. &amp; Med. D. Physiol. Prof. P. Magno &amp; Collegii Principp. minoris Praeposito: Procancellario Eximio Dn. M. Friderico Leibnütz/ Ethic. Profess. Publ. Decano Spectabili Dn. Andrea Rivino, Med. Licent. C.P. Caes. Poet.q[ue] P.P. Promotore Dignissimo Dn. Andrea Corvino, I.U. Licent. &amp; Orat. P.P. nuper-Decano</subfield>
    <subfield code="c">Publica &amp; Solenni voce producta Lipsiae Prid. Non. Maii Ao: Epoch. Christ. MDCXLI. a M. Friderico Rappolto, S.S. Th. Baccal.</subfield>
  </datafield>
  <datafield tag="246" ind1="3" ind2="0">
    <subfield code="a">Leibnitz, Friedrich Michaelis, Johann Rivinus, Andreas Corvinus, Andreas</subfield>
  </datafield>
  <datafield tag="264" ind1=" " ind2="1">
    <subfield code="a">[Leipzig]</subfield>
    <subfield code="b">Ritzschius</subfield>
    <subfield code="c">1641</subfield>
  </datafield>
  <datafield tag="300" ind1=" " ind2=" ">
    <subfield code="a">[10] Bl</subfield>
    <subfield code="c">4°</subfield>
  </datafield>
  <datafield tag="336" ind1=" " ind2=" ">
    <subfield code="a">nicht spezifiziert</subfield>
    <subfield code="b">zzz</subfield>
    <subfield code="2">rdacontent</subfield>
  </datafield>
  <datafield tag="337" ind1=" " ind2=" ">
    <subfield code="a">nicht spezifiziert</subfield>
    <subfield code="b">z</subfield>
    <subfield code="2">rdamedia</subfield>
  </datafield>
  <datafield tag="338" ind1=" " ind2=" ">
    <subfield code="a">nicht spezifiziert</subfield>
    <subfield code="b">zu</subfield>
    <subfield code="2">rdacarrier</subfield>
  </datafield>
  <datafield tag="500" ind1=" " ind2=" ">
    <subfield code="a">Schlüsselseiten aus Exemplar Bibl. Diez 4° 2423 (SBB-PK)</subfield>
  </datafield>
  <datafield tag="500" ind1=" " ind2=" ">
    <subfield code="a">Vorlageform des Erscheinungsvermerks: Typis Timothei Ritzschi[i]. - Erscheinungsjahr angegeben nach der Datierung im Titel</subfield>
  </datafield>
  <datafield tag="655" ind1=" " ind2="7">
    <subfield code="a">Gelegenheitsschrift:Promotion</subfield>
    <subfield code="0">(DE-627)00657291X</subfield>
    <subfield code="2">local</subfield>
  </datafield>
  <datafield tag="655" ind1=" " ind2="7">
    <subfield code="a">Lyrik</subfield>
    <subfield code="0">(DE-627)006572545</subfield>
    <subfield code="2">local</subfield>
  </datafield>
  <datafield tag="700" ind1="1" ind2=" ">
    <subfield code="a">Hanmann, Enoch</subfield>
    <subfield code="d">1621-1680</subfield>
    <subfield code="0">(DE-588)124970338</subfield>
    <subfield code="0">(DE-627)004954319</subfield>
    <subfield code="4">oth</subfield>
  </datafield>
  <datafield tag="700" ind1="1" ind2=" ">
    <subfield code="a">Kretschmar, Simon</subfield>
    <subfield code="0">(DE-588)129190403</subfield>
    <subfield code="0">(DE-627)005296382</subfield>
    <subfield code="0">(DE-576)297532065</subfield>
    <subfield code="4">oth</subfield>
  </datafield>
  <datafield tag="700" ind1="1" ind2=" ">
    <subfield code="a">Naumann, Johann</subfield>
    <subfield code="d">1619-1676</subfield>
    <subfield code="0">(DE-588)124857922</subfield>
    <subfield code="0">(DE-627)004917456</subfield>
    <subfield code="0">(DE-576)294538216</subfield>
    <subfield code="4">oth</subfield>
  </datafield>
  <datafield tag="700" ind1="1" ind2=" ">
    <subfield code="a">Lautenschläger, Georg</subfield>
    <subfield code="d">-1662</subfield>
    <subfield code="0">(DE-588)115881581</subfield>
    <subfield code="0">(DE-627)004226577</subfield>
    <subfield code="0">(DE-576)29012994X</subfield>
    <subfield code="4">oth</subfield>
  </datafield>
  <datafield tag="700" ind1="1" ind2=" ">
    <subfield code="a">Frommelt, Christian</subfield>
    <subfield code="0">(DE-588)1052487521</subfield>
    <subfield code="0">(DE-627)007722370</subfield>
    <subfield code="0">(DE-576)408237821</subfield>
    <subfield code="4">oth</subfield>
  </datafield>
  <datafield tag="700" ind1="1" ind2=" ">
    <subfield code="a">Gutbier, Justus</subfield>
    <subfield code="d">1617-1664</subfield>
    <subfield code="0">(DE-588)123646758</subfield>
    <subfield code="0">(DE-627)00467166X</subfield>
    <subfield code="0">(DE-576)29380592X</subfield>
    <subfield code="4">oth</subfield>
  </datafield>
  <datafield tag="700" ind1="1" ind2=" ">
    <subfield code="a">Ryssel, Christian von</subfield>
    <subfield code="0">(DE-588)124290744</subfield>
    <subfield code="0">(DE-627)004733673</subfield>
    <subfield code="0">(DE-576)29410478X</subfield>
    <subfield code="4">oth</subfield>
  </datafield>
  <datafield tag="700" ind1="1" ind2=" ">
    <subfield code="a">Ritzsch, Timotheus</subfield>
    <subfield code="d">1614-1678</subfield>
    <subfield code="0">(DE-588)100844332</subfield>
    <subfield code="0">(DE-627)004060539</subfield>
    <subfield code="4">prt</subfield>
  </datafield>
  <datafield tag="710" ind1="2" ind2=" ">
    <subfield code="a">Universität, Leipzig</subfield>
    <subfield code="4">oth</subfield>
  </datafield>
  <datafield tag="751" ind1=" " ind2=" ">
    <subfield code="a">Leipzig</subfield>
    <subfield code="4">pup</subfield>
  </datafield>
  <datafield tag="856" ind1="4" ind2="1">
    <subfield code="u">http://resolver.staatsbibliothek-berlin.de/SBB0001DC9600000000</subfield>
    <subfield code="t">2016 digitalisiert von: Staatsbibliothek zu Berlin - Preußischer Kulturbesitz. Exemplar mit der Signatur: 21 in: Bibl. Diez qu. 2423</subfield>
    <subfield code="x">Digitalisierung</subfield>
    <subfield code="z">kostenfrei</subfield>
    <subfield code="3">Volltext</subfield>
  </datafield>
  <datafield tag="924" ind1="0" ind2=" ">
    <subfield code="a">000417793</subfield>
    <subfield code="b">DE-1a</subfield>
    <subfield code="9">1a</subfield>
    <subfield code="c">GBV</subfield>
    <subfield code="d">b</subfield>
    <subfield code="g">21 in:@Bibl. Diez qu. 2423</subfield>
    <subfield code="h">1</subfield>
  </datafield>
  <datafield tag="924" ind1="0" ind2=" ">
    <subfield code="a">007741073</subfield>
    <subfield code="b">DE-15</subfield>
    <subfield code="9">15</subfield>
    <subfield code="c">BSZ</subfield>
    <subfield code="d">c</subfield>
    <subfield code="g">Univ.380-a/3</subfield>
  </datafield>
  <datafield tag="924" ind1="0" ind2=" ">
    <subfield code="a">002682362</subfield>
    <subfield code="b">DE-125</subfield>
    <subfield code="9">125</subfield>
    <subfield code="c">BSZ</subfield>
    <subfield code="d">c</subfield>
    <subfield code="g">6.2.13.(13)</subfield>
  </datafield>
  <datafield tag="951" ind1=" " ind2=" ">
    <subfield code="a">BO</subfield>
  </datafield>
</record></zs:recordData><zs:recordPosition>10</zs:recordPosition></zs:record><zs:record><zs:recordSchema>marcxml</zs:recordSchema><zs:recordXMLEscaping>xml</zs:recordXMLEscaping><zs:recordData><record xmlns="http://www.loc.gov/MARC21/slim">
  <leader>     cam a22        4500</leader>
  <controlfield tag="001">001377000</controlfield>
  <controlfield tag="003">DE-627-4</controlfield>
  <controlfield tag="005">20210608190557.0</controlfield>
  <controlfield tag="007">tu</controlfield>
  <controlfield tag="008">020901s1639    xx |||||      00| ||lat c</controlfield>
  <datafield tag="024" ind1="7" ind2=" ">
    <subfield code="a">12:175163W</subfield>
    <subfield code="2">vd17</subfield>
  </datafield>
  <datafield tag="026" ind1=" " ind2=" ">
    <subfield code="e">n-s, S.r. r,,at i.t: C 1639R</subfield>
    <subfield code="2">fei</subfield>
  </datafield>
  <datafield tag="035" ind1=" " ind2=" ">
    <subfield code="a">(DE-627-4)001377000</subfield>
  </datafield>
  <datafield tag="035" ind1=" " ind2=" ">
    <subfield code="a">(DE-599)KXP001377000</subfield>
  </datafield>
  <datafield tag="040" ind1=" " ind2=" ">
    <subfield code="a">DE-627</subfield>
    <subfield code="b">ger</subfield>
    <subfield code="c">DE-627</subfield>
    <subfield code="e">rakwb</subfield>
  </datafield>
  <datafield tag="041" ind1=" " ind2=" ">
    <subfield code="a">lat</subfield>
  </datafield>
  <datafield tag="100" ind1="1" ind2=" ">
    <subfield code="a">Ihle, Wolfgang</subfield>
    <subfield code="d">1618-1679</subfield>
    <subfield code="0">(DE-588)123790999</subfield>
    <subfield code="0">(DE-627)004681622</subfield>
    <subfield code="4">aut</subfield>
  </datafield>
  <datafield tag="245" ind1="1" ind2="0">
    <subfield code="a">Disputatio Ethica De Modestia</subfield>
    <subfield code="c">Quam ... publice ventilandam proponit M. Wolffgangus Ihle ... Respondente Christiano a Ryssel Lipsiensi ... Ad diem X. Mensis Augusti ...</subfield>
  </datafield>
  <datafield tag="264" ind1=" " ind2="1">
    <subfield code="a">Lipsiae</subfield>
    <subfield code="b">Lanckisch</subfield>
    <subfield code="c">1639</subfield>
  </datafield>
  <datafield tag="300" ind1=" " ind2=" ">
    <subfield code="a">[6] Bl</subfield>
    <subfield code="c">4°</subfield>
  </datafield>
  <datafield tag="336" ind1=" " ind2=" ">
    <subfield code="a">nicht spezifiziert</subfield>
    <subfield code="b">zzz</subfield>
    <subfield code="2">rdacontent</subfield>
  </datafield>
  <datafield tag="337" ind1=" " ind2=" ">
    <subfield code="a">nicht spezifiziert</subfield>
    <subfield code="b">z</subfield>
    <subfield code="2">rdamedia</subfield>
  </datafield>
  <datafield tag="338" ind1=" " ind2=" ">
    <subfield code="a">nicht spezifiziert</subfield>
    <subfield code="b">zu</subfield>
    <subfield code="2">rdacarrier</subfield>
  </datafield>
  <datafield tag="655" ind1=" " ind2="7">
    <subfield code="a">Dissertation:phil.</subfield>
    <subfield code="0">(DE-627)006573282</subfield>
    <subfield code="2">local</subfield>
  </datafield>
  <datafield tag="700" ind1="1" ind2=" ">
    <subfield code="a">Ryssel, Christian von</subfield>
    <subfield code="0">(DE-588)124290744</subfield>
    <subfield code="0">(DE-627)004733673</subfield>
    <subfield code="0">(DE-576)29410478X</subfield>
    <subfield code="4">aut</subfield>
  </datafield>
  <datafield tag="700" ind1="1" ind2=" ">
    <subfield code="a">Kromeyer, Hieronymus</subfield>
    <subfield code="e">BeiträgerIn</subfield>
    <subfield code="4">ctb</subfield>
  </datafield>
  <datafield tag="710" ind1="2" ind2=" ">
    <subfield code="a">Friedrich Lanckischen Erben</subfield>
    <subfield code="g">1630-1652</subfield>
    <subfield code="0">(DE-588)6146129-5</subfield>
    <subfield code="0">(DE-627)007397720</subfield>
    <subfield code="0">(DE-576)326073337</subfield>
    <subfield code="4">prt</subfield>
  </datafield>
  <datafield tag="710" ind1="2" ind2=" ">
    <subfield code="a">Universität Leipzig</subfield>
    <subfield code="4">oth</subfield>
  </datafield>
  <datafield tag="751" ind1=" " ind2=" ">
    <subfield code="a">Leipzig</subfield>
    <subfield code="4">pup</subfield>
  </datafield>
  <datafield tag="856" ind1="4" ind2="1">
    <subfield code="u">http://mdz-nbn-resolving.de/urn:nbn:de:bvb:12-bsb10960951-6</subfield>
    <subfield code="t">// 2012 digitalisiert von: Bayerische Staatsbibliothek. Exemplar mit der Signatur: München, Bayerische Staatsbibliothek -- 4 Diss. 3312,5</subfield>
    <subfield code="x">Digitalisierung</subfield>
    <subfield code="z">VD17-Nummer 2019 maschinell ergänzt</subfield>
    <subfield code="z">kostenfrei</subfield>
    <subfield code="3">Volltext</subfield>
  </datafield>
  <datafield tag="951" ind1=" " ind2=" ">
    <subfield code="a">BO</subfield>
  </datafield>
</record></zs:recordData><zs:recordPosition>11</zs:recordPosition></zs:record></zs:records><zs:echoedSearchRetrieveRequest><zs:version>2.0</zs:version><zs:query>pica.nid=124290744</zs:query><zs:startRecord>1</zs:startRecord><zs:maximumRecords>500</zs:maximumRecords><zs:recordXMLEscaping>xml</zs:recordXMLEscaping><zs:recordSchema>marcxml</zs:recordSchema></zs:echoedSearchRetrieveRequest><zs:resultCountPrecision>exact</zs:resultCountPrecision></zs:searchRetrieveResponse>
