<?xml version="1.0" encoding="UTF-8"?>
<zs:searchRetrieveResponse xmlns:zs="http://docs.oasis-open.org/ns/search-ws/sruResponse"><zs:numberOfRecords>2</zs:numberOfRecords><zs:records><zs:record><zs:recordSchema>marcxml</zs:recordSchema><zs:recordXMLEscaping>xml</zs:recordXMLEscaping><zs:recordData><record xmlns="http://www.loc.gov/MARC21/slim">
  <leader>     cam a22        4500</leader>
  <controlfield tag="001">000238090</controlfield>
  <controlfield tag="003">DE-627-4</controlfield>
  <controlfield tag="005">20200814172550.0</controlfield>
  <controlfield tag="007">tu</controlfield>
  <controlfield tag="008">020901s1629    xx |||||      00| ||ger c</controlfield>
  <datafield tag="024" ind1="7" ind2=" ">
    <subfield code="a">39:109057K</subfield>
    <subfield code="2">vd17</subfield>
  </datafield>
  <datafield tag="026" ind1=" " ind2=" ">
    <subfield code="e">ese, ente o,n- vnge C 1629A</subfield>
    <subfield code="2">fei</subfield>
  </datafield>
  <datafield tag="035" ind1=" " ind2=" ">
    <subfield code="a">(DE-627-4)000238090</subfield>
  </datafield>
  <datafield tag="035" ind1=" " ind2=" ">
    <subfield code="a">(DE-599)KXP000238090</subfield>
  </datafield>
  <datafield tag="040" ind1=" " ind2=" ">
    <subfield code="a">DE-627</subfield>
    <subfield code="b">ger</subfield>
    <subfield code="c">DE-627</subfield>
    <subfield code="e">rakwb</subfield>
  </datafield>
  <datafield tag="041" ind1=" " ind2=" ">
    <subfield code="a">ger</subfield>
  </datafield>
  <datafield tag="100" ind1="1" ind2=" ">
    <subfield code="a">Kromayer, Johann</subfield>
    <subfield code="d">1576-1643</subfield>
    <subfield code="0">(DE-588)119040441</subfield>
    <subfield code="0">(DE-627)00431199X</subfield>
    <subfield code="4">aut</subfield>
  </datafield>
  <datafield tag="245" ind1="1" ind2="0">
    <subfield code="a">Christliche Leichpredigt/ Bey der Adelichen Leichbestattung Deß ... Hans Friedrichen von Draxdorff/ F. S. HoffMarschalchs/ und Hauptmans/ [et]c.</subfield>
    <subfield code="b">Welcher am Sontag Invocavit/ war der 22. Februarii dieses 1629. Jahrs ... zu Weymar ... verschieden/ und folgends den 5. Martii in S Jacobs Kirchen daselbst in sein Ruhebettlein eingesencket worden</subfield>
    <subfield code="c">Gehalten in der Stadtkirchen zu S. Petri und Pauli in Volckreicher Versamlung/ Durch M. Johannem Kromayer Pfarrern und general Superintendenten daselbst</subfield>
  </datafield>
  <datafield tag="246" ind1="3" ind2="0">
    <subfield code="a">Hofmarschalls Hauptmanns Weimar</subfield>
  </datafield>
  <datafield tag="264" ind1=" " ind2="1">
    <subfield code="a">Weymar</subfield>
    <subfield code="b">F. S. Druckerey</subfield>
    <subfield code="c">1629</subfield>
  </datafield>
  <datafield tag="300" ind1=" " ind2=" ">
    <subfield code="a">[26] Bl.</subfield>
    <subfield code="c">4°</subfield>
  </datafield>
  <datafield tag="336" ind1=" " ind2=" ">
    <subfield code="a">nicht spezifiziert</subfield>
    <subfield code="b">zzz</subfield>
    <subfield code="2">rdacontent</subfield>
  </datafield>
  <datafield tag="337" ind1=" " ind2=" ">
    <subfield code="a">nicht spezifiziert</subfield>
    <subfield code="b">z</subfield>
    <subfield code="2">rdamedia</subfield>
  </datafield>
  <datafield tag="338" ind1=" " ind2=" ">
    <subfield code="a">nicht spezifiziert</subfield>
    <subfield code="b">zu</subfield>
    <subfield code="2">rdacarrier</subfield>
  </datafield>
  <datafield tag="500" ind1=" " ind2=" ">
    <subfield code="a">Leichentext: Hiob 29</subfield>
  </datafield>
  <datafield tag="500" ind1=" " ind2=" ">
    <subfield code="a">Schlüsselseiten aus dem Exemplar der FB Gotha: LP N 8° V, 00003 (28)</subfield>
  </datafield>
  <datafield tag="655" ind1=" " ind2="7">
    <subfield code="a">Leichenpredigt</subfield>
    <subfield code="0">(DE-627)00657260X</subfield>
    <subfield code="2">local</subfield>
  </datafield>
  <datafield tag="700" ind1="1" ind2=" ">
    <subfield code="a">Draxdorff, Hans Friedrich von</subfield>
    <subfield code="d">1564-1629</subfield>
    <subfield code="0">(DE-588)120156342</subfield>
    <subfield code="0">(DE-627)00434149X</subfield>
    <subfield code="4">oth</subfield>
  </datafield>
  <datafield tag="700" ind1="1" ind2=" ">
    <subfield code="a">Weischner, Johann</subfield>
    <subfield code="0">(DE-588)1037529952</subfield>
    <subfield code="0">(DE-627)007462654</subfield>
    <subfield code="4">prt</subfield>
  </datafield>
  <datafield tag="710" ind1="2" ind2=" ">
    <subfield code="a">Fürstliche Hofbuchdruckerei</subfield>
    <subfield code="g">Weimar</subfield>
    <subfield code="0">(DE-588)6146612-8</subfield>
    <subfield code="0">(DE-627)007398301</subfield>
    <subfield code="0">(DE-576)326073051</subfield>
    <subfield code="4">prt</subfield>
  </datafield>
  <datafield tag="751" ind1=" " ind2=" ">
    <subfield code="a">Weimar</subfield>
    <subfield code="4">pup</subfield>
  </datafield>
  <datafield tag="856" ind1="4" ind2="1">
    <subfield code="u">https://nbn-resolving.org/urn:nbn:de:urmel-5c2e053b-6e85-424c-8fdb-c29b81975f183</subfield>
    <subfield code="t">// 2020 digitalisiert von: FB Gotha. Exemplar mit der Signatur: LP N 8° V, 00003 (28)</subfield>
    <subfield code="x">Langzeitarchivierung</subfield>
    <subfield code="3">Volltext</subfield>
  </datafield>
  <datafield tag="924" ind1="0" ind2=" ">
    <subfield code="a">002225859</subfield>
    <subfield code="b">DE-547</subfield>
    <subfield code="9">547</subfield>
    <subfield code="c">GBV</subfield>
    <subfield code="d">b</subfield>
    <subfield code="g">LP N 8° V, 00003 (28)</subfield>
    <subfield code="g">Forschungsbibliothek Gotha</subfield>
    <subfield code="h">FBG MAG</subfield>
  </datafield>
  <datafield tag="924" ind1="0" ind2=" ">
    <subfield code="a">002225875</subfield>
    <subfield code="b">DE-547</subfield>
    <subfield code="9">547</subfield>
    <subfield code="c">GBV</subfield>
    <subfield code="d">b</subfield>
    <subfield code="g">LP R 8° III, 00005 (04)</subfield>
    <subfield code="g">Forschungsbibliothek Gotha</subfield>
    <subfield code="h">FBG MAG</subfield>
  </datafield>
  <datafield tag="951" ind1=" " ind2=" ">
    <subfield code="a">BO</subfield>
  </datafield>
</record></zs:recordData><zs:recordPosition>1</zs:recordPosition></zs:record><zs:record><zs:recordSchema>marcxml</zs:recordSchema><zs:recordXMLEscaping>xml</zs:recordXMLEscaping><zs:recordData><record xmlns="http://www.loc.gov/MARC21/slim">
  <leader>     cam a22        4500</leader>
  <controlfield tag="001">000238074</controlfield>
  <controlfield tag="003">DE-627-4</controlfield>
  <controlfield tag="005">20210531101927.0</controlfield>
  <controlfield tag="007">tu</controlfield>
  <controlfield tag="008">020901s1618    xx |||||      00| ||ger c</controlfield>
  <datafield tag="024" ind1="7" ind2=" ">
    <subfield code="a">39:109053D</subfield>
    <subfield code="2">vd17</subfield>
  </datafield>
  <datafield tag="026" ind1=" " ind2=" ">
    <subfield code="e">n.n: e-n, n,ig lema C 1618A</subfield>
    <subfield code="2">fei</subfield>
  </datafield>
  <datafield tag="035" ind1=" " ind2=" ">
    <subfield code="a">(DE-627-4)000238074</subfield>
  </datafield>
  <datafield tag="035" ind1=" " ind2=" ">
    <subfield code="a">(DE-599)KXP000238074</subfield>
  </datafield>
  <datafield tag="040" ind1=" " ind2=" ">
    <subfield code="a">DE-627</subfield>
    <subfield code="b">ger</subfield>
    <subfield code="c">DE-627</subfield>
    <subfield code="e">rakwb</subfield>
  </datafield>
  <datafield tag="041" ind1=" " ind2=" ">
    <subfield code="a">ger</subfield>
  </datafield>
  <datafield tag="100" ind1="1" ind2=" ">
    <subfield code="a">Schönfeldt, Elias</subfield>
    <subfield code="d">-1625</subfield>
    <subfield code="0">(DE-588)124671489</subfield>
    <subfield code="0">(DE-627)004853032</subfield>
    <subfield code="0">(DE-576)294439897</subfield>
    <subfield code="4">aut</subfield>
  </datafield>
  <datafield tag="245" ind1="1" ind2="0">
    <subfield code="a">Panacea contra vim mortis, Das ist: Bewärt Kräutlein/ daß den Todt kan vertreiben/ Aus der grünen Awen des H. Evangelisten Johannis ... Bey der ... Leichbegängnus Der ... Margaretae, Gebornen von Dießkaw/ auff dem Hause Finsterwalde/ Des ... Hansen Friederichs von Draxdorff/ ... Haußfrawen/ Welche den 2. Maii/ ... ihren Abschied von dieser Welt genommen/ und hernach den 8. Maii ... zur Erden bestattet/</subfield>
    <subfield code="c">Erkläret und außgeleget zu Weinmar Durch M. Eliam Schönfeld Diaconum daselbst.</subfield>
  </datafield>
  <datafield tag="246" ind1="3" ind2="0">
    <subfield code="a">Bewährt Tod kann Auen Wahrlich</subfield>
  </datafield>
  <datafield tag="264" ind1=" " ind2="1">
    <subfield code="a">Jehna</subfield>
    <subfield code="b">Weidner</subfield>
    <subfield code="c">1618</subfield>
  </datafield>
  <datafield tag="300" ind1=" " ind2=" ">
    <subfield code="a">[30] Bl</subfield>
    <subfield code="c">4°</subfield>
  </datafield>
  <datafield tag="336" ind1=" " ind2=" ">
    <subfield code="a">nicht spezifiziert</subfield>
    <subfield code="b">zzz</subfield>
    <subfield code="2">rdacontent</subfield>
  </datafield>
  <datafield tag="337" ind1=" " ind2=" ">
    <subfield code="a">nicht spezifiziert</subfield>
    <subfield code="b">z</subfield>
    <subfield code="2">rdamedia</subfield>
  </datafield>
  <datafield tag="338" ind1=" " ind2=" ">
    <subfield code="a">nicht spezifiziert</subfield>
    <subfield code="b">zu</subfield>
    <subfield code="2">rdacarrier</subfield>
  </datafield>
  <datafield tag="655" ind1=" " ind2="7">
    <subfield code="a">Leichenpredigt</subfield>
    <subfield code="0">(DE-627)00657260X</subfield>
    <subfield code="2">local</subfield>
  </datafield>
  <datafield tag="700" ind1="1" ind2=" ">
    <subfield code="a">Draxdorff, Margarete von</subfield>
    <subfield code="d">1583-1618</subfield>
    <subfield code="0">(DE-588)1013631528</subfield>
    <subfield code="0">(DE-627)00678965X</subfield>
    <subfield code="4">oth</subfield>
  </datafield>
  <datafield tag="700" ind1="1" ind2=" ">
    <subfield code="a">Draxdorff, Hans Friedrich von</subfield>
    <subfield code="d">1564-1629</subfield>
    <subfield code="0">(DE-588)120156342</subfield>
    <subfield code="0">(DE-627)00434149X</subfield>
    <subfield code="4">oth</subfield>
  </datafield>
  <datafield tag="700" ind1="1" ind2=" ">
    <subfield code="a">Weidner, Johann</subfield>
    <subfield code="d">1572-1625</subfield>
    <subfield code="0">(DE-588)141335130</subfield>
    <subfield code="0">(DE-627)00666718X</subfield>
    <subfield code="4">prt</subfield>
  </datafield>
  <datafield tag="751" ind1=" " ind2=" ">
    <subfield code="a">Jena</subfield>
    <subfield code="4">pup</subfield>
  </datafield>
  <datafield tag="856" ind1="4" ind2="1">
    <subfield code="u">https://nbn-resolving.org/urn:nbn:de:urmel-dfg-f6b96acf-cb2a-46fa-9cb2-72ca309b112598</subfield>
    <subfield code="t">// 2014 digitalisiert von: Thüringer Universitäts- und Landesbibliothek Jena. Exemplar mit der Signatur: 4 Theol.XXXV,30(20)</subfield>
    <subfield code="x">Digitalisierung</subfield>
    <subfield code="z">kostenfrei</subfield>
    <subfield code="3">Volltext</subfield>
  </datafield>
  <datafield tag="924" ind1="0" ind2=" ">
    <subfield code="a">007538871</subfield>
    <subfield code="b">DE-27</subfield>
    <subfield code="9">27</subfield>
    <subfield code="c">GBV</subfield>
    <subfield code="d">d</subfield>
    <subfield code="g">4 Theol.XXXV,30(20)</subfield>
    <subfield code="h">Mag</subfield>
  </datafield>
  <datafield tag="924" ind1="0" ind2=" ">
    <subfield code="a">002225786</subfield>
    <subfield code="b">DE-547</subfield>
    <subfield code="9">547</subfield>
    <subfield code="c">GBV</subfield>
    <subfield code="d">b</subfield>
    <subfield code="g">LP N 8° V, 00003 (27)</subfield>
    <subfield code="g">Forschungsbibliothek Gotha</subfield>
    <subfield code="h">FBG MAG</subfield>
  </datafield>
  <datafield tag="924" ind1="0" ind2=" ">
    <subfield code="a">001198041</subfield>
    <subfield code="b">DE-23</subfield>
    <subfield code="9">23</subfield>
    <subfield code="c">GBV</subfield>
    <subfield code="g">Xa 1:8 (6)</subfield>
  </datafield>
  <datafield tag="951" ind1=" " ind2=" ">
    <subfield code="a">BO</subfield>
  </datafield>
</record></zs:recordData><zs:recordPosition>2</zs:recordPosition></zs:record></zs:records><zs:echoedSearchRetrieveRequest><zs:version>2.0</zs:version><zs:query>pica.nid=120156342</zs:query><zs:startRecord>1</zs:startRecord><zs:maximumRecords>500</zs:maximumRecords><zs:recordXMLEscaping>xml</zs:recordXMLEscaping><zs:recordSchema>marcxml</zs:recordSchema></zs:echoedSearchRetrieveRequest><zs:resultCountPrecision>exact</zs:resultCountPrecision></zs:searchRetrieveResponse>
