<?xml version="1.0" encoding="UTF-8"?>
<zs:searchRetrieveResponse xmlns:zs="http://docs.oasis-open.org/ns/search-ws/sruResponse"><zs:numberOfRecords>8</zs:numberOfRecords><zs:records><zs:record><zs:recordSchema>marcxml</zs:recordSchema><zs:recordXMLEscaping>xml</zs:recordXMLEscaping><zs:recordData><record xmlns="http://www.loc.gov/MARC21/slim">
  <leader>     cam a22        4500</leader>
  <controlfield tag="001">001696238</controlfield>
  <controlfield tag="003">DE-627-4</controlfield>
  <controlfield tag="005">20210608183723.0</controlfield>
  <controlfield tag="007">tu</controlfield>
  <controlfield tag="008">020901s1664    xx |||||      00| ||ger c</controlfield>
  <datafield tag="024" ind1="7" ind2=" ">
    <subfield code="a">1:040892N</subfield>
    <subfield code="2">vd17</subfield>
  </datafield>
  <datafield tag="026" ind1=" " ind2=" ">
    <subfield code="e">n,u- u.e, zund degn C 1664A</subfield>
    <subfield code="2">fei</subfield>
  </datafield>
  <datafield tag="035" ind1=" " ind2=" ">
    <subfield code="a">(DE-627-4)001696238</subfield>
  </datafield>
  <datafield tag="035" ind1=" " ind2=" ">
    <subfield code="a">(DE-599)KXP001696238</subfield>
  </datafield>
  <datafield tag="040" ind1=" " ind2=" ">
    <subfield code="a">DE-627</subfield>
    <subfield code="b">ger</subfield>
    <subfield code="c">DE-627</subfield>
    <subfield code="e">rakwb</subfield>
  </datafield>
  <datafield tag="041" ind1=" " ind2=" ">
    <subfield code="a">ger</subfield>
  </datafield>
  <datafield tag="245" ind1="1" ind2="0">
    <subfield code="a">Fürstlicher Lignitzscher Leich-Conduct Welcher gestalt Weyland Deß Durchlauchten Hochgebohrnen Fürsten und Herren Hrn. Ludwiges Hertzogen in Schlesien zur Lignitz/ Brig und Goldberg ... Fürstliche Leiche Zur Lignitz den zwölfften Martii ... dieses 1664ten Jahres Aus dero Fürstlichem Schlosse in die Stiffts-Kirchen zu S. Johannis ... geführet und in der Fürstl. Grufft beygesetzt worden</subfield>
  </datafield>
  <datafield tag="246" ind1="3" ind2="0">
    <subfield code="a">Liegnitzscher Brieg Stiftskirche Gruft</subfield>
  </datafield>
  <datafield tag="264" ind1=" " ind2="1">
    <subfield code="a">Lignitz</subfield>
    <subfield code="b">Schneider</subfield>
    <subfield code="c">1664</subfield>
  </datafield>
  <datafield tag="300" ind1=" " ind2=" ">
    <subfield code="a">[18], [24], [54], [34] Bl</subfield>
    <subfield code="c">4°</subfield>
  </datafield>
  <datafield tag="336" ind1=" " ind2=" ">
    <subfield code="a">nicht spezifiziert</subfield>
    <subfield code="b">zzz</subfield>
    <subfield code="2">rdacontent</subfield>
  </datafield>
  <datafield tag="337" ind1=" " ind2=" ">
    <subfield code="a">nicht spezifiziert</subfield>
    <subfield code="b">z</subfield>
    <subfield code="2">rdamedia</subfield>
  </datafield>
  <datafield tag="338" ind1=" " ind2=" ">
    <subfield code="a">nicht spezifiziert</subfield>
    <subfield code="b">zu</subfield>
    <subfield code="2">rdacarrier</subfield>
  </datafield>
  <datafield tag="500" ind1=" " ind2=" ">
    <subfield code="a">Zugehörigkeit der beigef. Werke zu diesem Werk und deren Reihenfolge nach einem Hinweis auf Bl. D4 verso festgelegt</subfield>
  </datafield>
  <datafield tag="500" ind1=" " ind2=" ">
    <subfield code="a">Schlüsselseiten aus dem Exemplar der SBB-PK Berlin: Ee 700-3112</subfield>
  </datafield>
  <datafield tag="500" ind1=" " ind2=" ">
    <subfield code="a">Signaturformel: A - D4, E2, A - F4, A - N4, O2, A - H4, I2</subfield>
  </datafield>
  <datafield tag="500" ind1=" " ind2=" ">
    <subfield code="a">Erscheinungsjahr nach dem Bestattungsjahr angegeben</subfield>
  </datafield>
  <datafield tag="501" ind1=" " ind2=" ">
    <subfield code="a">Enth. außerdem: Urna Aurea Cinerum Optimi Ludovici ... / Gehalten ... durch David von Schweinitz ... - Christlicher Regenten-Balsam ... / von Heinrich Schmettawen ... - Asylum Ligniciense heu! Corruit ... / M. Christianus Primkius ...</subfield>
  </datafield>
  <datafield tag="655" ind1=" " ind2="7">
    <subfield code="a">Gelegenheitsschrift:Tod</subfield>
    <subfield code="0">(DE-627)00657288X</subfield>
    <subfield code="2">local</subfield>
  </datafield>
  <datafield tag="700" ind1="0" ind2=" ">
    <subfield code="a">Ludwig</subfield>
    <subfield code="b">IV.</subfield>
    <subfield code="c">Schlesien-Liegnitz-Brieg, Herzog</subfield>
    <subfield code="d">1616-1663</subfield>
    <subfield code="0">(DE-588)121280047</subfield>
    <subfield code="0">(DE-627)004432029</subfield>
    <subfield code="0">(DE-576)176783008</subfield>
    <subfield code="4">oth</subfield>
  </datafield>
  <datafield tag="700" ind1="1" ind2=" ">
    <subfield code="a">Schneider, Zacharias</subfield>
    <subfield code="d">-1669</subfield>
    <subfield code="0">(DE-588)1037533151</subfield>
    <subfield code="0">(DE-627)007462786</subfield>
    <subfield code="4">prt</subfield>
  </datafield>
  <datafield tag="751" ind1=" " ind2=" ">
    <subfield code="a">Liegnitz</subfield>
    <subfield code="4">pup</subfield>
  </datafield>
  <datafield tag="856" ind1="4" ind2="1">
    <subfield code="u">http://resolver.staatsbibliothek-berlin.de/SBB0001673900000000</subfield>
    <subfield code="t">2014 digitalisiert von: Staatsbibliothek zu Berlin - Preußischer Kulturbesitz. Exemplar mit der Signatur: Ee 700-3112</subfield>
    <subfield code="x">Digitalisierung</subfield>
    <subfield code="z">kostenfrei</subfield>
    <subfield code="3">Volltext</subfield>
  </datafield>
  <datafield tag="856" ind1="4" ind2="1">
    <subfield code="u">http://mdz-nbn-resolving.de/urn:nbn:de:bvb:12-bsb10015094-4</subfield>
    <subfield code="t">// 2009 digitalisiert von: Bayerische Staatsbibliothek. Exemplar mit der Signatur: München, Bayerische Staatsbibliothek -- Bor. 340 l</subfield>
    <subfield code="x">Digitalisierung</subfield>
    <subfield code="z">kostenfrei</subfield>
    <subfield code="3">Volltext</subfield>
  </datafield>
  <datafield tag="924" ind1="0" ind2=" ">
    <subfield code="a">000887900</subfield>
    <subfield code="b">DE-1a</subfield>
    <subfield code="9">1a</subfield>
    <subfield code="c">GBV</subfield>
    <subfield code="d">b</subfield>
    <subfield code="g">Ee 700-3112</subfield>
    <subfield code="h">1:R</subfield>
  </datafield>
  <datafield tag="924" ind1="0" ind2=" ">
    <subfield code="a">006891640</subfield>
    <subfield code="b">DE-547</subfield>
    <subfield code="9">547</subfield>
    <subfield code="c">GBV</subfield>
    <subfield code="d">b</subfield>
    <subfield code="g">13 - Hg. 8° 08420c</subfield>
    <subfield code="g">xke 13 - Hg. 8° 08420c</subfield>
    <subfield code="h">SMAG</subfield>
  </datafield>
  <datafield tag="924" ind1="0" ind2=" ">
    <subfield code="a">001993593</subfield>
    <subfield code="b">DE-23</subfield>
    <subfield code="9">23</subfield>
    <subfield code="c">GBV</subfield>
    <subfield code="g">Da 586 (3b)</subfield>
  </datafield>
  <datafield tag="924" ind1="0" ind2=" ">
    <subfield code="a">005153794</subfield>
    <subfield code="b">DE-23</subfield>
    <subfield code="9">23</subfield>
    <subfield code="c">GBV</subfield>
    <subfield code="g">Da 586 (4)</subfield>
  </datafield>
  <datafield tag="924" ind1="0" ind2=" ">
    <subfield code="a">005153808</subfield>
    <subfield code="b">DE-23</subfield>
    <subfield code="9">23</subfield>
    <subfield code="c">GBV</subfield>
    <subfield code="g">Da 586 (5)</subfield>
  </datafield>
  <datafield tag="924" ind1="0" ind2=" ">
    <subfield code="a">005153816</subfield>
    <subfield code="b">DE-23</subfield>
    <subfield code="9">23</subfield>
    <subfield code="c">GBV</subfield>
    <subfield code="g">Da 586 (6)</subfield>
  </datafield>
  <datafield tag="951" ind1=" " ind2=" ">
    <subfield code="a">BO</subfield>
  </datafield>
</record></zs:recordData><zs:recordPosition>1</zs:recordPosition></zs:record><zs:record><zs:recordSchema>marcxml</zs:recordSchema><zs:recordXMLEscaping>xml</zs:recordXMLEscaping><zs:recordData><record xmlns="http://www.loc.gov/MARC21/slim">
  <leader>     cam a22        4500</leader>
  <controlfield tag="001">001469886</controlfield>
  <controlfield tag="003">DE-627-4</controlfield>
  <controlfield tag="005">20200310214951.0</controlfield>
  <controlfield tag="007">tu</controlfield>
  <controlfield tag="008">020901s1664    xx |||||      00| ||lat c</controlfield>
  <datafield tag="024" ind1="7" ind2=" ">
    <subfield code="a">14:016293D</subfield>
    <subfield code="2">vd17</subfield>
  </datafield>
  <datafield tag="026" ind1=" " ind2=" ">
    <subfield code="e">m-mq r.æ- i.ve fuhæ C 1664R</subfield>
    <subfield code="2">fei</subfield>
  </datafield>
  <datafield tag="035" ind1=" " ind2=" ">
    <subfield code="a">(DE-627-4)001469886</subfield>
  </datafield>
  <datafield tag="035" ind1=" " ind2=" ">
    <subfield code="a">(DE-599)KXP001469886</subfield>
  </datafield>
  <datafield tag="040" ind1=" " ind2=" ">
    <subfield code="a">DE-627</subfield>
    <subfield code="b">ger</subfield>
    <subfield code="c">DE-627</subfield>
    <subfield code="e">rakwb</subfield>
  </datafield>
  <datafield tag="041" ind1=" " ind2=" ">
    <subfield code="a">lat</subfield>
  </datafield>
  <datafield tag="100" ind1="1" ind2=" ">
    <subfield code="a">Primke, Christian</subfield>
    <subfield code="0">(DE-588)12125139X</subfield>
    <subfield code="0">(DE-627)004428684</subfield>
    <subfield code="0">(DE-576)292609477</subfield>
    <subfield code="4">aut</subfield>
  </datafield>
  <datafield tag="245" ind1="1" ind2="0">
    <subfield code="a">Asylum Ligniciense heu! Corruit. Hoc est: Serenissimus ... Dn. Ludovicus, Dux Silesiae Ligniciensis, Bregens. &amp; Goldbergensis, A. C. MDCLXIII. D. XXIV. Novemb. Eheu! Luctuosissimam Suis Omnibus mortem Obiit. Quem Desideratissimum Principem, Asylo iure comparatum, In Ephebeo Ligniciensi, XIV. Marti[i], tertio, a coeptis Illustribus Exsequiis, Die, A. C. MDCLXIV, Coram Splendidissima frequentissimaq[ue] Panegyri ...</subfield>
    <subfield code="c">M. Christianus Primkius P. L. C. Eiusd. Ludi Rector.</subfield>
  </datafield>
  <datafield tag="264" ind1=" " ind2="1">
    <subfield code="a">[Liegnitz]</subfield>
    <subfield code="b">Sartorius</subfield>
    <subfield code="c">1664</subfield>
  </datafield>
  <datafield tag="300" ind1=" " ind2=" ">
    <subfield code="a">[34] Bl</subfield>
    <subfield code="c">4°</subfield>
  </datafield>
  <datafield tag="336" ind1=" " ind2=" ">
    <subfield code="a">nicht spezifiziert</subfield>
    <subfield code="b">zzz</subfield>
    <subfield code="2">rdacontent</subfield>
  </datafield>
  <datafield tag="337" ind1=" " ind2=" ">
    <subfield code="a">nicht spezifiziert</subfield>
    <subfield code="b">z</subfield>
    <subfield code="2">rdamedia</subfield>
  </datafield>
  <datafield tag="338" ind1=" " ind2=" ">
    <subfield code="a">nicht spezifiziert</subfield>
    <subfield code="b">zu</subfield>
    <subfield code="2">rdacarrier</subfield>
  </datafield>
  <datafield tag="500" ind1=" " ind2=" ">
    <subfield code="a">Auch in: Fürstlicher Lignitzscher Leich-Conduct Welcher gestalt Weyland Deß Durchlauchten Hochgebohrnen Fürsten und Herren Hrn. Ludwiges Hertzogen in Schlesien zur Lignitz/ Brig und Goldberg ... Fürstliche Leiche Zur Lignitz den zwölfften Martii ... dieses 1664ten Jahres Aus dero Fürstlichem Schlosse in die Stiffts-Kirchen zu S. Johannis ... geführet und in der Fürstl. Grufft beygesetzt worden</subfield>
  </datafield>
  <datafield tag="500" ind1=" " ind2=" ">
    <subfield code="a">Schlüsselseiten aus dem Exemplar der SLUB Dresden: Hist.Siles.121,misc.8</subfield>
  </datafield>
  <datafield tag="655" ind1=" " ind2="7">
    <subfield code="a">Gelegenheitsschrift:Tod</subfield>
    <subfield code="0">(DE-627)00657288X</subfield>
    <subfield code="2">local</subfield>
  </datafield>
  <datafield tag="700" ind1="0" ind2=" ">
    <subfield code="a">Ludwig</subfield>
    <subfield code="b">IV.</subfield>
    <subfield code="c">Schlesien-Liegnitz-Brieg, Herzog</subfield>
    <subfield code="d">1616-1663</subfield>
    <subfield code="0">(DE-588)121280047</subfield>
    <subfield code="0">(DE-627)004432029</subfield>
    <subfield code="0">(DE-576)176783008</subfield>
    <subfield code="4">oth</subfield>
  </datafield>
  <datafield tag="700" ind1="1" ind2=" ">
    <subfield code="a">Schneider, Zacharias</subfield>
    <subfield code="d">-1669</subfield>
    <subfield code="0">(DE-588)1037533151</subfield>
    <subfield code="0">(DE-627)007462786</subfield>
    <subfield code="4">prt</subfield>
  </datafield>
  <datafield tag="751" ind1=" " ind2=" ">
    <subfield code="a">Liegnitz</subfield>
    <subfield code="4">pup</subfield>
  </datafield>
  <datafield tag="856" ind1="4" ind2="1">
    <subfield code="u">http://resolver.staatsbibliothek-berlin.de/SBB0000551900000000</subfield>
    <subfield code="t">// 2011 digitalisiert von: Staatsbibliothek zu Berlin - Preußischer Kulturbesitz. Exemplar mit der Signatur: 3 in: Ee 700-3112</subfield>
    <subfield code="x">Digitalisierung</subfield>
    <subfield code="z">kostenfrei</subfield>
    <subfield code="3">Volltext</subfield>
  </datafield>
  <datafield tag="924" ind1="0" ind2=" ">
    <subfield code="a">000619175</subfield>
    <subfield code="b">DE-1a</subfield>
    <subfield code="9">1a</subfield>
    <subfield code="c">GBV</subfield>
    <subfield code="d">b</subfield>
    <subfield code="g">3 in:@Ee 700-3112</subfield>
    <subfield code="h">1:R</subfield>
  </datafield>
  <datafield tag="924" ind1="0" ind2=" ">
    <subfield code="a">006891683</subfield>
    <subfield code="b">DE-547</subfield>
    <subfield code="9">547</subfield>
    <subfield code="c">GBV</subfield>
    <subfield code="d">b</subfield>
    <subfield code="g">13 - Hg. 8° 08420d (02)</subfield>
    <subfield code="g">xke 13 - Hg. 8° 08420d</subfield>
    <subfield code="h">SMAG</subfield>
  </datafield>
  <datafield tag="924" ind1="0" ind2=" ">
    <subfield code="a">001958399</subfield>
    <subfield code="b">DE-23</subfield>
    <subfield code="9">23</subfield>
    <subfield code="c">GBV</subfield>
    <subfield code="g">Da 586 (6)</subfield>
  </datafield>
  <datafield tag="924" ind1="0" ind2=" ">
    <subfield code="a">000608645</subfield>
    <subfield code="b">DE-14</subfield>
    <subfield code="9">14</subfield>
    <subfield code="c">BSZ</subfield>
    <subfield code="d">c</subfield>
    <subfield code="g">Hist.Siles.121,misc.8</subfield>
  </datafield>
  <datafield tag="951" ind1=" " ind2=" ">
    <subfield code="a">BO</subfield>
  </datafield>
</record></zs:recordData><zs:recordPosition>2</zs:recordPosition></zs:record><zs:record><zs:recordSchema>marcxml</zs:recordSchema><zs:recordXMLEscaping>xml</zs:recordXMLEscaping><zs:recordData><record xmlns="http://www.loc.gov/MARC21/slim">
  <leader>     cam a22        4500</leader>
  <controlfield tag="001">000260800</controlfield>
  <controlfield tag="003">DE-627-4</controlfield>
  <controlfield tag="005">20200310210128.0</controlfield>
  <controlfield tag="007">tu</controlfield>
  <controlfield tag="008">020901s1664    xx |||||      00| ||ger c</controlfield>
  <datafield tag="024" ind1="7" ind2=" ">
    <subfield code="a">39:114822B</subfield>
    <subfield code="2">vd17</subfield>
  </datafield>
  <datafield tag="026" ind1=" " ind2=" ">
    <subfield code="e">ant? ema- t?en ditz C 1664Q</subfield>
    <subfield code="2">fei</subfield>
  </datafield>
  <datafield tag="035" ind1=" " ind2=" ">
    <subfield code="a">(DE-627-4)000260800</subfield>
  </datafield>
  <datafield tag="035" ind1=" " ind2=" ">
    <subfield code="a">(DE-599)KXP000260800</subfield>
  </datafield>
  <datafield tag="040" ind1=" " ind2=" ">
    <subfield code="a">DE-627</subfield>
    <subfield code="b">ger</subfield>
    <subfield code="c">DE-627</subfield>
    <subfield code="e">rakwb</subfield>
  </datafield>
  <datafield tag="041" ind1=" " ind2=" ">
    <subfield code="a">ger</subfield>
  </datafield>
  <datafield tag="100" ind1="1" ind2=" ">
    <subfield code="a">Schmettau, Heinrich</subfield>
    <subfield code="d">1629-1704</subfield>
    <subfield code="0">(DE-588)129850462</subfield>
    <subfield code="0">(DE-627)004686675</subfield>
    <subfield code="0">(DE-576)29786873X</subfield>
    <subfield code="4">aut</subfield>
  </datafield>
  <datafield tag="245" ind1="1" ind2="0">
    <subfield code="a">Christlicher Regenten-Balsam/ Auß den Worten 2. Chron. XXXV. 24. 25. Zugerichtet</subfield>
    <subfield code="b">Damit Der ... Herr Ludewig/ Hertzog in Schlesien/ zur Lignitz/ Brieg und Goldberg/ Glorwürdigsten Andenckens/ Nach dehm des Abends zuvor I. F. Gn. entseeleter Fürstl. Leichnam ... beygesetzt worden/ Den 13. Monaths Martii daselbst in einer Christlichen Leichpredigt zu unsterblichem Ehren-Gedächtnüß ... Balsamiret und eingesalbet worden</subfield>
    <subfield code="c">von Heinrich Schmettawen Fürstl. Lign. Hofe-Prediger und deß Fürstenthumbs Liegnitz Superintendentz  Administratore</subfield>
  </datafield>
  <datafield tag="246" ind1="3" ind2="0">
    <subfield code="a">Herzog Liegnitz</subfield>
  </datafield>
  <datafield tag="264" ind1=" " ind2="1">
    <subfield code="a">Liegnitz</subfield>
    <subfield code="b">Schneider</subfield>
    <subfield code="c">[1664]</subfield>
  </datafield>
  <datafield tag="300" ind1=" " ind2=" ">
    <subfield code="a">[54] Bl</subfield>
    <subfield code="c">4°</subfield>
  </datafield>
  <datafield tag="336" ind1=" " ind2=" ">
    <subfield code="a">nicht spezifiziert</subfield>
    <subfield code="b">zzz</subfield>
    <subfield code="2">rdacontent</subfield>
  </datafield>
  <datafield tag="337" ind1=" " ind2=" ">
    <subfield code="a">nicht spezifiziert</subfield>
    <subfield code="b">z</subfield>
    <subfield code="2">rdamedia</subfield>
  </datafield>
  <datafield tag="338" ind1=" " ind2=" ">
    <subfield code="a">nicht spezifiziert</subfield>
    <subfield code="b">zu</subfield>
    <subfield code="2">rdacarrier</subfield>
  </datafield>
  <datafield tag="500" ind1=" " ind2=" ">
    <subfield code="a">Auch in: Fürstlicher Lignitzscher Leich-Conduct Welcher gestalt Weyland Deß Durchlauchten Hochgebohrnen Fürsten und Herren Hrn. Ludwiges Hertzogen in Schlesien zur Lignitz/ Brig und Goldberg ... Fürstliche Leiche Zur Lignitz den zwölfften Martii ... dieses 1664ten Jahres Aus dero Fürstlichem Schlosse in die Stiffts-Kirchen zu S. Johannis ... geführet und in der Fürstl. Grufft beygesetzt worden</subfield>
  </datafield>
  <datafield tag="500" ind1=" " ind2=" ">
    <subfield code="a">Schlüsselseiten aus dem Exemplar der FB Gotha: LP Z 8° 44 (4)</subfield>
  </datafield>
  <datafield tag="500" ind1=" " ind2=" ">
    <subfield code="a">Erscheinungsjahr abgeleitet vom aus dem Lebenslauf zu errechnenden Todesjahr 1663. Die Predigt wurde bei der Beisetzung im März des folgenden Jahres gehalten.</subfield>
  </datafield>
  <datafield tag="655" ind1=" " ind2="7">
    <subfield code="a">Leichenpredigt</subfield>
    <subfield code="0">(DE-627)00657260X</subfield>
    <subfield code="2">local</subfield>
  </datafield>
  <datafield tag="700" ind1="0" ind2=" ">
    <subfield code="a">Ludwig</subfield>
    <subfield code="b">IV.</subfield>
    <subfield code="c">Schlesien-Liegnitz-Brieg, Herzog</subfield>
    <subfield code="d">1616-1663</subfield>
    <subfield code="0">(DE-588)121280047</subfield>
    <subfield code="0">(DE-627)004432029</subfield>
    <subfield code="0">(DE-576)176783008</subfield>
    <subfield code="4">oth</subfield>
  </datafield>
  <datafield tag="700" ind1="1" ind2=" ">
    <subfield code="a">Schneider, Zacharias</subfield>
    <subfield code="d">-1669</subfield>
    <subfield code="0">(DE-588)1037533151</subfield>
    <subfield code="0">(DE-627)007462786</subfield>
    <subfield code="4">prt</subfield>
  </datafield>
  <datafield tag="751" ind1=" " ind2=" ">
    <subfield code="a">Liegnitz</subfield>
    <subfield code="4">pup</subfield>
  </datafield>
  <datafield tag="856" ind1="4" ind2="1">
    <subfield code="u">http://resolver.staatsbibliothek-berlin.de/SBB0000551800000000</subfield>
    <subfield code="t">// 2011 digitalisiert von: Staatsbibliothek zu Berlin - Preußischer Kulturbesitz. Exemplar mit der Signatur: Ee 700-3112</subfield>
    <subfield code="x">Digitalisierung</subfield>
    <subfield code="z">kostenfrei</subfield>
    <subfield code="3">Volltext</subfield>
  </datafield>
  <datafield tag="924" ind1="0" ind2=" ">
    <subfield code="a">000034657</subfield>
    <subfield code="b">DE-1a</subfield>
    <subfield code="9">1a</subfield>
    <subfield code="c">GBV</subfield>
    <subfield code="d">b</subfield>
    <subfield code="g">Ee 700-3112</subfield>
    <subfield code="h">1:R</subfield>
  </datafield>
  <datafield tag="924" ind1="0" ind2=" ">
    <subfield code="a">002273535</subfield>
    <subfield code="b">DE-547</subfield>
    <subfield code="9">547</subfield>
    <subfield code="c">GBV</subfield>
    <subfield code="d">b</subfield>
    <subfield code="g">LP Z 8° 00044 (04)</subfield>
    <subfield code="g">Forschungsbibliothek Gotha</subfield>
    <subfield code="h">FBG MAG</subfield>
  </datafield>
  <datafield tag="924" ind1="0" ind2=" ">
    <subfield code="a">006891675</subfield>
    <subfield code="b">DE-547</subfield>
    <subfield code="9">547</subfield>
    <subfield code="c">GBV</subfield>
    <subfield code="d">b</subfield>
    <subfield code="g">13 - Hg. 8° 08420d (01)</subfield>
    <subfield code="g">xke 13 - Hg. 8° 08420d</subfield>
    <subfield code="h">SMAG</subfield>
  </datafield>
  <datafield tag="924" ind1="0" ind2=" ">
    <subfield code="a">001202596</subfield>
    <subfield code="b">DE-23</subfield>
    <subfield code="9">23</subfield>
    <subfield code="c">GBV</subfield>
    <subfield code="g">Da 586 (3b)</subfield>
  </datafield>
  <datafield tag="924" ind1="0" ind2=" ">
    <subfield code="a">004297733</subfield>
    <subfield code="b">DE-32</subfield>
    <subfield code="9">32</subfield>
    <subfield code="c">GBV</subfield>
    <subfield code="d">b</subfield>
    <subfield code="g">40, 4 : 180 [11a-20]</subfield>
  </datafield>
  <datafield tag="951" ind1=" " ind2=" ">
    <subfield code="a">BO</subfield>
  </datafield>
</record></zs:recordData><zs:recordPosition>3</zs:recordPosition></zs:record><zs:record><zs:recordSchema>marcxml</zs:recordSchema><zs:recordXMLEscaping>xml</zs:recordXMLEscaping><zs:recordData><record xmlns="http://www.loc.gov/MARC21/slim">
  <leader>     cam a22        4500</leader>
  <controlfield tag="001">000260797</controlfield>
  <controlfield tag="003">DE-627-4</controlfield>
  <controlfield tag="005">20200310210128.0</controlfield>
  <controlfield tag="007">tu</controlfield>
  <controlfield tag="008">020901s1664    xx |||||      00| ||ger c</controlfield>
  <datafield tag="024" ind1="7" ind2=" ">
    <subfield code="a">39:114820M</subfield>
    <subfield code="2">vd17</subfield>
  </datafield>
  <datafield tag="026" ind1=" " ind2=" ">
    <subfield code="e">h-l- oman Erhe teDe C 1664A</subfield>
    <subfield code="2">fei</subfield>
  </datafield>
  <datafield tag="035" ind1=" " ind2=" ">
    <subfield code="a">(DE-627-4)000260797</subfield>
  </datafield>
  <datafield tag="035" ind1=" " ind2=" ">
    <subfield code="a">(DE-599)KXP000260797</subfield>
  </datafield>
  <datafield tag="040" ind1=" " ind2=" ">
    <subfield code="a">DE-627</subfield>
    <subfield code="b">ger</subfield>
    <subfield code="c">DE-627</subfield>
    <subfield code="e">rakwb</subfield>
  </datafield>
  <datafield tag="041" ind1=" " ind2=" ">
    <subfield code="a">ger</subfield>
  </datafield>
  <datafield tag="100" ind1="1" ind2=" ">
    <subfield code="a">Schweinitz, David von</subfield>
    <subfield code="d">1600-1667</subfield>
    <subfield code="0">(DE-588)12348796X</subfield>
    <subfield code="0">(DE-627)004663640</subfield>
    <subfield code="4">aut</subfield>
  </datafield>
  <datafield tag="245" ind1="1" ind2="0">
    <subfield code="a">Urna Aurea Cinerum Optimi Ludovici. oder Parentatio: Deß ... Herrn Ludwigs/ Hertzogen in Schlesien/ zur Lignitz/ Brig und Goldberg/ Christ-Seel. Andenckens</subfield>
    <subfield code="c">Gehalten In der Fürstl. Stiffts-Kirchen S. Johannis in Lignitz/ den 12. Martii, Anno 1664. ... durch David von Schweinitz ...</subfield>
  </datafield>
  <datafield tag="246" ind1="3" ind2="0">
    <subfield code="a">Liegnitz Brieg Herzogen Andenkens Stiftskirchen März</subfield>
  </datafield>
  <datafield tag="264" ind1=" " ind2="1">
    <subfield code="a">[S.l.]</subfield>
    <subfield code="c">1664</subfield>
  </datafield>
  <datafield tag="300" ind1=" " ind2=" ">
    <subfield code="a">[24] Bl</subfield>
    <subfield code="c">4°</subfield>
  </datafield>
  <datafield tag="336" ind1=" " ind2=" ">
    <subfield code="a">nicht spezifiziert</subfield>
    <subfield code="b">zzz</subfield>
    <subfield code="2">rdacontent</subfield>
  </datafield>
  <datafield tag="337" ind1=" " ind2=" ">
    <subfield code="a">nicht spezifiziert</subfield>
    <subfield code="b">z</subfield>
    <subfield code="2">rdamedia</subfield>
  </datafield>
  <datafield tag="338" ind1=" " ind2=" ">
    <subfield code="a">nicht spezifiziert</subfield>
    <subfield code="b">zu</subfield>
    <subfield code="2">rdacarrier</subfield>
  </datafield>
  <datafield tag="500" ind1=" " ind2=" ">
    <subfield code="a">Auch in: Fürstlicher Lignitzscher Leich-Conduct Welcher gestalt Weyland Deß Durchlauchten Hochgebohrnen Fürsten und Herren Hrn. Ludwiges Hertzogen in Schlesien zur Lignitz/ Brig und Goldberg ... Fürstliche Leiche Zur Lignitz den zwölfften Martii ... dieses 1664ten Jahres Aus dero Fürstlichem Schlosse in die Stiffts-Kirchen zu S. Johannis ... geführet und in der Fürstl. Grufft beygesetzt worden</subfield>
  </datafield>
  <datafield tag="500" ind1=" " ind2=" ">
    <subfield code="a">Schlüsselseiten aus dem Exemplar der FB Gotha: LP Z 8° 44 (3)</subfield>
  </datafield>
  <datafield tag="500" ind1=" " ind2=" ">
    <subfield code="a">Erscheinungsjahr angegeben nach der Datierung im Titel</subfield>
  </datafield>
  <datafield tag="655" ind1=" " ind2="7">
    <subfield code="a">Gelegenheitsschrift:Tod</subfield>
    <subfield code="0">(DE-627)00657288X</subfield>
    <subfield code="2">local</subfield>
  </datafield>
  <datafield tag="655" ind1=" " ind2="7">
    <subfield code="a">Rede</subfield>
    <subfield code="0">(DE-627)00657209X</subfield>
    <subfield code="2">local</subfield>
  </datafield>
  <datafield tag="700" ind1="0" ind2=" ">
    <subfield code="a">Ludwig</subfield>
    <subfield code="b">IV.</subfield>
    <subfield code="c">Schlesien-Liegnitz-Brieg, Herzog</subfield>
    <subfield code="d">1616-1663</subfield>
    <subfield code="0">(DE-588)121280047</subfield>
    <subfield code="0">(DE-627)004432029</subfield>
    <subfield code="0">(DE-576)176783008</subfield>
    <subfield code="4">oth</subfield>
  </datafield>
  <datafield tag="856" ind1="4" ind2="1">
    <subfield code="u">http://resolver.staatsbibliothek-berlin.de/SBB0001673800000000</subfield>
    <subfield code="t">2014 digitalisiert von: Staatsbibliothek zu Berlin - Preußischer Kulturbesitz. Exemplar mit der Signatur: 2 in: Ee 700-3112</subfield>
    <subfield code="x">Digitalisierung</subfield>
    <subfield code="z">kostenfrei</subfield>
    <subfield code="3">Volltext</subfield>
  </datafield>
  <datafield tag="924" ind1="0" ind2=" ">
    <subfield code="a">000034649</subfield>
    <subfield code="b">DE-1a</subfield>
    <subfield code="9">1a</subfield>
    <subfield code="c">GBV</subfield>
    <subfield code="d">b</subfield>
    <subfield code="g">2 in:@Ee 700-3112</subfield>
    <subfield code="h">1:R</subfield>
  </datafield>
  <datafield tag="924" ind1="0" ind2=" ">
    <subfield code="a">002273519</subfield>
    <subfield code="b">DE-547</subfield>
    <subfield code="9">547</subfield>
    <subfield code="c">GBV</subfield>
    <subfield code="d">b</subfield>
    <subfield code="g">LP Z 8° 00044 (03)</subfield>
    <subfield code="g">Forschungsbibliothek Gotha</subfield>
    <subfield code="h">FBG MAG</subfield>
  </datafield>
  <datafield tag="924" ind1="0" ind2=" ">
    <subfield code="a">006891659</subfield>
    <subfield code="b">DE-547</subfield>
    <subfield code="9">547</subfield>
    <subfield code="c">GBV</subfield>
    <subfield code="d">b</subfield>
    <subfield code="g">13 - Hg. 8° 08420c</subfield>
    <subfield code="g">xke 13 - Hg. 8° 08420c</subfield>
    <subfield code="h">SMAG</subfield>
  </datafield>
  <datafield tag="924" ind1="0" ind2=" ">
    <subfield code="a">00120257X</subfield>
    <subfield code="b">DE-23</subfield>
    <subfield code="9">23</subfield>
    <subfield code="c">GBV</subfield>
    <subfield code="g">Da 586 (5)</subfield>
  </datafield>
  <datafield tag="951" ind1=" " ind2=" ">
    <subfield code="a">BO</subfield>
  </datafield>
</record></zs:recordData><zs:recordPosition>4</zs:recordPosition></zs:record><zs:record><zs:recordSchema>marcxml</zs:recordSchema><zs:recordXMLEscaping>xml</zs:recordXMLEscaping><zs:recordData><record xmlns="http://www.loc.gov/MARC21/slim">
  <leader>     cam a22        4500</leader>
  <controlfield tag="001">006681174</controlfield>
  <controlfield tag="003">DE-627-4</controlfield>
  <controlfield tag="005">20200310222945.0</controlfield>
  <controlfield tag="007">tu</controlfield>
  <controlfield tag="008">100709s1654    xx |||||      00| ||lat c</controlfield>
  <datafield tag="024" ind1="7" ind2=" ">
    <subfield code="a">1:714449K</subfield>
    <subfield code="2">vd17</subfield>
  </datafield>
  <datafield tag="026" ind1=" " ind2=" ">
    <subfield code="e">t.c, dæb. n-s. s.r, C 1654R</subfield>
    <subfield code="2">fei</subfield>
  </datafield>
  <datafield tag="035" ind1=" " ind2=" ">
    <subfield code="a">(DE-627-4)006681174</subfield>
  </datafield>
  <datafield tag="035" ind1=" " ind2=" ">
    <subfield code="a">(DE-599)KXP006681174</subfield>
  </datafield>
  <datafield tag="040" ind1=" " ind2=" ">
    <subfield code="a">DE-627</subfield>
    <subfield code="b">ger</subfield>
    <subfield code="c">DE-627</subfield>
    <subfield code="e">rakwb</subfield>
  </datafield>
  <datafield tag="041" ind1=" " ind2=" ">
    <subfield code="a">lat</subfield>
  </datafield>
  <datafield tag="100" ind1="1" ind2=" ">
    <subfield code="a">Henel von Hennenfeld, Nicolaus</subfield>
    <subfield code="d">1582-1656</subfield>
    <subfield code="0">(DE-588)124256260</subfield>
    <subfield code="0">(DE-627)004062337</subfield>
    <subfield code="4">aut</subfield>
  </datafield>
  <datafield tag="245" ind1="1" ind2="0">
    <subfield code="a">Acclamatio Votiva Ad Illustrissimos Excelsissimosque Principes Ac Dominos, Dn. Georgium, Regiae Praefecturae PerSilesiam Utramque Administratorem, Dn. Ludovicum, Dn. Christianum, Fratres Germanos, Duces Silesiae Lignicenses Ac Brigenses, Super Ditionum Avitarum Sortitione, Brigae III. Non Iun. MDCLIV. Non Sine Publica Provinciarum Laetitia, Feliciter Peracta</subfield>
    <subfield code="c">[Nicolaus Henelius ab Hennenfeld, ICtus. Sacr. Caes. Mtis ac Vestrarum adeo ... Consiliarius ... qui post acceptum de familiae erciscundae actu per sortem sollemniter celebrato nuncium, ex debito isthaec, illo ipso die, submisse &amp; humiliter adcinebat]</subfield>
  </datafield>
  <datafield tag="246" ind1="3" ind2="0">
    <subfield code="a">per Silesiam</subfield>
  </datafield>
  <datafield tag="264" ind1=" " ind2="1">
    <subfield code="a">[S.l.]</subfield>
    <subfield code="c">1654</subfield>
  </datafield>
  <datafield tag="300" ind1=" " ind2=" ">
    <subfield code="a">[2] Bl</subfield>
    <subfield code="b">Ill. (Holzschn.)</subfield>
    <subfield code="c">2°</subfield>
  </datafield>
  <datafield tag="336" ind1=" " ind2=" ">
    <subfield code="a">nicht spezifiziert</subfield>
    <subfield code="b">zzz</subfield>
    <subfield code="2">rdacontent</subfield>
  </datafield>
  <datafield tag="337" ind1=" " ind2=" ">
    <subfield code="a">nicht spezifiziert</subfield>
    <subfield code="b">z</subfield>
    <subfield code="2">rdamedia</subfield>
  </datafield>
  <datafield tag="338" ind1=" " ind2=" ">
    <subfield code="a">nicht spezifiziert</subfield>
    <subfield code="b">zu</subfield>
    <subfield code="2">rdacarrier</subfield>
  </datafield>
  <datafield tag="500" ind1=" " ind2=" ">
    <subfield code="a">Verf. am Ende des Gedichtes "Bonum Factum!" genannt</subfield>
  </datafield>
  <datafield tag="500" ind1=" " ind2=" ">
    <subfield code="a">Mit Wappen-Holzschnitt auf der letzten Seite: Ligio-Brigensium Principum Arma</subfield>
  </datafield>
  <datafield tag="500" ind1=" " ind2=" ">
    <subfield code="a">Vermutlich in Brieg gedruckt. - Erscheinungsjahr nach Datierung im Titel</subfield>
  </datafield>
  <datafield tag="655" ind1=" " ind2="7">
    <subfield code="a">Gelegenheitsschrift</subfield>
    <subfield code="0">(DE-627)006573088</subfield>
    <subfield code="2">local</subfield>
  </datafield>
  <datafield tag="655" ind1=" " ind2="7">
    <subfield code="a">Lyrik</subfield>
    <subfield code="0">(DE-627)006572545</subfield>
    <subfield code="2">local</subfield>
  </datafield>
  <datafield tag="700" ind1="0" ind2=" ">
    <subfield code="a">Georg</subfield>
    <subfield code="b">III.</subfield>
    <subfield code="c">Schlesien-Liegnitz-Brieg, Herzog</subfield>
    <subfield code="d">1611-1664</subfield>
    <subfield code="0">(DE-588)118017985</subfield>
    <subfield code="0">(DE-627)004281225</subfield>
    <subfield code="0">(DE-576)171471318</subfield>
    <subfield code="4">oth</subfield>
  </datafield>
  <datafield tag="700" ind1="0" ind2=" ">
    <subfield code="a">Ludwig</subfield>
    <subfield code="b">IV.</subfield>
    <subfield code="c">Schlesien-Liegnitz-Brieg, Herzog</subfield>
    <subfield code="d">1616-1663</subfield>
    <subfield code="0">(DE-588)121280047</subfield>
    <subfield code="0">(DE-627)004432029</subfield>
    <subfield code="0">(DE-576)176783008</subfield>
    <subfield code="4">oth</subfield>
  </datafield>
  <datafield tag="700" ind1="0" ind2=" ">
    <subfield code="a">Christian</subfield>
    <subfield code="c">Schlesien-Liegnitz-Brieg, Herzog, 1618-1672</subfield>
    <subfield code="d">1618-1672</subfield>
    <subfield code="0">(DE-588)120812959</subfield>
    <subfield code="0">(DE-627)004401239</subfield>
    <subfield code="4">oth</subfield>
  </datafield>
  <datafield tag="751" ind1=" " ind2=" ">
    <subfield code="a">Brieg</subfield>
    <subfield code="4">pup</subfield>
  </datafield>
  <datafield tag="856" ind1="4" ind2="1">
    <subfield code="u">http://resolver.staatsbibliothek-berlin.de/SBB00002AA500000000</subfield>
    <subfield code="t">// 2010 digitalisiert von: Staatsbibliothek zu Berlin - Preußischer Kulturbesitz. Exemplar mit der Signatur: 50 MB 6741</subfield>
    <subfield code="x">Digitalisierung</subfield>
    <subfield code="z">kostenfrei</subfield>
    <subfield code="3">Volltext</subfield>
  </datafield>
  <datafield tag="924" ind1="0" ind2=" ">
    <subfield code="a">006781632</subfield>
    <subfield code="b">DE-1a</subfield>
    <subfield code="9">1a</subfield>
    <subfield code="c">GBV</subfield>
    <subfield code="d">b</subfield>
    <subfield code="g">50 MB 6741</subfield>
    <subfield code="h">1:R</subfield>
  </datafield>
  <datafield tag="951" ind1=" " ind2=" ">
    <subfield code="a">BO</subfield>
  </datafield>
</record></zs:recordData><zs:recordPosition>5</zs:recordPosition></zs:record><zs:record><zs:recordSchema>marcxml</zs:recordSchema><zs:recordXMLEscaping>xml</zs:recordXMLEscaping><zs:recordData><record xmlns="http://www.loc.gov/MARC21/slim">
  <leader>     cam a22        4500</leader>
  <controlfield tag="001">008087784</controlfield>
  <controlfield tag="003">DE-627-4</controlfield>
  <controlfield tag="005">20190513104524.0</controlfield>
  <controlfield tag="007">tu</controlfield>
  <controlfield tag="008">151203s1649    xx |||||      00| ||ger c</controlfield>
  <datafield tag="024" ind1="7" ind2=" ">
    <subfield code="a">56:738409G</subfield>
    <subfield code="2">vd17</subfield>
  </datafield>
  <datafield tag="026" ind1=" " ind2=" ">
    <subfield code="e">s-it enu- e.ro leun C</subfield>
    <subfield code="2">fei</subfield>
  </datafield>
  <datafield tag="035" ind1=" " ind2=" ">
    <subfield code="a">(DE-627-4)008087784</subfield>
  </datafield>
  <datafield tag="035" ind1=" " ind2=" ">
    <subfield code="a">(DE-599)KXP008087784</subfield>
  </datafield>
  <datafield tag="040" ind1=" " ind2=" ">
    <subfield code="a">DE-627</subfield>
    <subfield code="b">ger</subfield>
    <subfield code="c">DE-627</subfield>
    <subfield code="e">rakwb</subfield>
  </datafield>
  <datafield tag="041" ind1=" " ind2=" ">
    <subfield code="a">ger</subfield>
  </datafield>
  <datafield tag="100" ind1="1" ind2=" ">
    <subfield code="a">Mencel, Joachim</subfield>
    <subfield code="d">1616-1673</subfield>
    <subfield code="0">(DE-588)120176343</subfield>
    <subfield code="0">(DE-627)004086589</subfield>
    <subfield code="0">(DE-576)292079974</subfield>
    <subfield code="4">aut</subfield>
  </datafield>
  <datafield tag="245" ind1="1" ind2="0">
    <subfield code="a">Christliche Valet und Glückwüntschungs-Predigt/ Alß die Durchlauchtige Hochgebohrne/ Fürstinn und Fräulein/ Fräulein Anna Sophia/ Hertzoginn zu Mecklenburg/ Fürstinn zu Wenden ...</subfield>
    <subfield code="c">Dehro Fürstl. Herren Bräutigamb/ Dem auch Durchlauchtigen Hochgebohrnen Fürsten und Herren/ Herren Ludwigen/ Hertzogen in Schlesien/ zur Liegnitz und Brieg/ Solte Zugeführet werden : ... den Tag fürm Aufbruch/ (welcher war der 20-30. April. deß 1649. Jahres/) in der Schloß-Capellen/ auff dem Fürstlichen Mecklenburgischen Leibgedinge Strelitz Gehalten / von M. Joachimo Mencelio, Fürstlichen Mecklenburgischen Fr. Wittiben Hoff-Prediger.</subfield>
  </datafield>
  <datafield tag="246" ind1="3" ind2="0">
    <subfield code="a">Glückwünschungs-Predigt als Hochgeborne Hochgeborene Fürstin Herzogin Dero Bräutigam Hochgebornen Hochgeborenen Herzogen sollte</subfield>
  </datafield>
  <datafield tag="264" ind1=" " ind2="1">
    <subfield code="a">Lignitz</subfield>
    <subfield code="b">Schneider</subfield>
    <subfield code="c">[1649]</subfield>
  </datafield>
  <datafield tag="300" ind1=" " ind2=" ">
    <subfield code="a">[34] Bl</subfield>
    <subfield code="c">4°</subfield>
  </datafield>
  <datafield tag="336" ind1=" " ind2=" ">
    <subfield code="a">nicht spezifiziert</subfield>
    <subfield code="b">zzz</subfield>
    <subfield code="2">rdacontent</subfield>
  </datafield>
  <datafield tag="337" ind1=" " ind2=" ">
    <subfield code="a">nicht spezifiziert</subfield>
    <subfield code="b">z</subfield>
    <subfield code="2">rdamedia</subfield>
  </datafield>
  <datafield tag="338" ind1=" " ind2=" ">
    <subfield code="a">nicht spezifiziert</subfield>
    <subfield code="b">zu</subfield>
    <subfield code="2">rdacarrier</subfield>
  </datafield>
  <datafield tag="500" ind1=" " ind2=" ">
    <subfield code="a">Schlüsselseiten liegen noch nicht vor</subfield>
  </datafield>
  <datafield tag="500" ind1=" " ind2=" ">
    <subfield code="a">Vorlageform des Erscheinungsvermerks: Gedrukt in der Fürstl. Stadt Lignitz/ durch Zach. Schneider.</subfield>
  </datafield>
  <datafield tag="655" ind1=" " ind2="7">
    <subfield code="a">Predigt</subfield>
    <subfield code="0">(DE-627)00657212X</subfield>
    <subfield code="2">local</subfield>
  </datafield>
  <datafield tag="655" ind1=" " ind2="7">
    <subfield code="a">Gelegenheitsschrift:Hochzeit</subfield>
    <subfield code="0">(DE-627)006572979</subfield>
    <subfield code="2">local</subfield>
  </datafield>
  <datafield tag="700" ind1="0" ind2=" ">
    <subfield code="a">Anna Sophia</subfield>
    <subfield code="c">Schlesien, Herzogin</subfield>
    <subfield code="e">WidmungsempfängerIn</subfield>
    <subfield code="4">dte</subfield>
  </datafield>
  <datafield tag="700" ind1="0" ind2=" ">
    <subfield code="a">Anna Sophia</subfield>
    <subfield code="c">Liegnitz, Herzogin</subfield>
    <subfield code="d">1628-1669</subfield>
    <subfield code="0">(DE-588)104201568</subfield>
    <subfield code="0">(DE-627)004146395</subfield>
    <subfield code="0">(DE-576)288977041</subfield>
    <subfield code="4">oth</subfield>
  </datafield>
  <datafield tag="700" ind1="0" ind2=" ">
    <subfield code="a">Ludwig</subfield>
    <subfield code="b">IV.</subfield>
    <subfield code="c">Schlesien-Liegnitz-Brieg, Herzog</subfield>
    <subfield code="d">1616-1663</subfield>
    <subfield code="0">(DE-588)121280047</subfield>
    <subfield code="0">(DE-627)004432029</subfield>
    <subfield code="0">(DE-576)176783008</subfield>
    <subfield code="4">oth</subfield>
  </datafield>
  <datafield tag="700" ind1="1" ind2=" ">
    <subfield code="a">Schneider, Zacharias</subfield>
    <subfield code="d">-1669</subfield>
    <subfield code="0">(DE-588)1037533151</subfield>
    <subfield code="0">(DE-627)007462786</subfield>
    <subfield code="4">prt</subfield>
  </datafield>
  <datafield tag="751" ind1=" " ind2=" ">
    <subfield code="a">Liegnitz</subfield>
    <subfield code="4">pup</subfield>
  </datafield>
  <datafield tag="924" ind1="0" ind2=" ">
    <subfield code="a">007674716</subfield>
    <subfield code="b">DE-56</subfield>
    <subfield code="9">56</subfield>
    <subfield code="c">GBV</subfield>
    <subfield code="d">d</subfield>
    <subfield code="g">M 493/6 (4°)</subfield>
  </datafield>
  <datafield tag="951" ind1=" " ind2=" ">
    <subfield code="a">BO</subfield>
  </datafield>
</record></zs:recordData><zs:recordPosition>6</zs:recordPosition></zs:record><zs:record><zs:recordSchema>marcxml</zs:recordSchema><zs:recordXMLEscaping>xml</zs:recordXMLEscaping><zs:recordData><record xmlns="http://www.loc.gov/MARC21/slim">
  <leader>     cam a22        4500</leader>
  <controlfield tag="001">001471317</controlfield>
  <controlfield tag="003">DE-627-4</controlfield>
  <controlfield tag="005">20211215215819.0</controlfield>
  <controlfield tag="007">tu</controlfield>
  <controlfield tag="008">020901s1649    xx |||||      00| ||lat c</controlfield>
  <datafield tag="024" ind1="7" ind2=" ">
    <subfield code="a">14:016793F</subfield>
    <subfield code="2">vd17</subfield>
  </datafield>
  <datafield tag="026" ind1=" " ind2=" ">
    <subfield code="e">mii- neta næi- teab C 1649R</subfield>
    <subfield code="2">fei</subfield>
  </datafield>
  <datafield tag="035" ind1=" " ind2=" ">
    <subfield code="a">(DE-627-4)001471317</subfield>
  </datafield>
  <datafield tag="035" ind1=" " ind2=" ">
    <subfield code="a">(DE-599)KXP001471317</subfield>
  </datafield>
  <datafield tag="040" ind1=" " ind2=" ">
    <subfield code="a">DE-627</subfield>
    <subfield code="b">ger</subfield>
    <subfield code="c">DE-627</subfield>
    <subfield code="e">rakwb</subfield>
  </datafield>
  <datafield tag="041" ind1=" " ind2=" ">
    <subfield code="a">lat</subfield>
  </datafield>
  <datafield tag="100" ind1="1" ind2=" ">
    <subfield code="a">Colerus, Christophorus</subfield>
    <subfield code="d">1602-1658</subfield>
    <subfield code="0">(DE-588)119095807</subfield>
    <subfield code="0">(DE-627)004314336</subfield>
    <subfield code="4">aut</subfield>
  </datafield>
  <datafield tag="245" ind1="1" ind2="0">
    <subfield code="a">Panegyricus Illustrissimo ... Domino Ludovico, Duci Silesiae Lignicensi &amp; Bregensi, Ac Dominae Annae-Sophiae, Duci Megapolensi ... Bregae XV. Kal. Iuni[i] A. C. MDCXLIX. ... maritandis</subfield>
    <subfield code="c">Vratislaviâ missus &amp; dicatus ab ... Christophoro Colero</subfield>
  </datafield>
  <datafield tag="264" ind1=" " ind2="1">
    <subfield code="a">Vratislaviae</subfield>
    <subfield code="b">Baumannus</subfield>
    <subfield code="c">1649</subfield>
  </datafield>
  <datafield tag="300" ind1=" " ind2=" ">
    <subfield code="a">[36] Bl</subfield>
    <subfield code="c">4°</subfield>
  </datafield>
  <datafield tag="336" ind1=" " ind2=" ">
    <subfield code="a">nicht spezifiziert</subfield>
    <subfield code="b">zzz</subfield>
    <subfield code="2">rdacontent</subfield>
  </datafield>
  <datafield tag="337" ind1=" " ind2=" ">
    <subfield code="a">nicht spezifiziert</subfield>
    <subfield code="b">z</subfield>
    <subfield code="2">rdamedia</subfield>
  </datafield>
  <datafield tag="338" ind1=" " ind2=" ">
    <subfield code="a">nicht spezifiziert</subfield>
    <subfield code="b">zu</subfield>
    <subfield code="2">rdacarrier</subfield>
  </datafield>
  <datafield tag="500" ind1=" " ind2=" ">
    <subfield code="a">Schlüsselseiten aus dem Exemplar der SLUB Dresden: Hist.Siles.128,26</subfield>
  </datafield>
  <datafield tag="655" ind1=" " ind2="7">
    <subfield code="a">Gelegenheitsschrift:Hochzeit</subfield>
    <subfield code="0">(DE-627)006572979</subfield>
    <subfield code="2">local</subfield>
  </datafield>
  <datafield tag="700" ind1="0" ind2=" ">
    <subfield code="a">Ludwig</subfield>
    <subfield code="b">IV.</subfield>
    <subfield code="c">Schlesien-Liegnitz-Brieg, Herzog</subfield>
    <subfield code="d">1616-1663</subfield>
    <subfield code="0">(DE-588)121280047</subfield>
    <subfield code="0">(DE-627)004432029</subfield>
    <subfield code="0">(DE-576)176783008</subfield>
    <subfield code="4">oth</subfield>
  </datafield>
  <datafield tag="700" ind1="0" ind2=" ">
    <subfield code="a">Anna Sophia</subfield>
    <subfield code="c">Mecklenburg-Güstrow, Herzogin</subfield>
    <subfield code="4">oth</subfield>
  </datafield>
  <datafield tag="700" ind1="1" ind2=" ">
    <subfield code="a">Baumann, Georg</subfield>
    <subfield code="d">1592-1650</subfield>
    <subfield code="0">(DE-588)120383896</subfield>
    <subfield code="0">(DE-627)004372670</subfield>
    <subfield code="4">prt</subfield>
  </datafield>
  <datafield tag="751" ind1=" " ind2=" ">
    <subfield code="a">Breslau</subfield>
    <subfield code="4">pup</subfield>
  </datafield>
  <datafield tag="856" ind1="4" ind2="1">
    <subfield code="u">http://digital.slub-dresden.de/id335098770</subfield>
    <subfield code="t">// 2010£ʿł digitalisiert von: SLUB Dresden. Exemplar mit der Signatur: Hist.Siles.128,26 ̓</subfield>
    <subfield code="x">Digitalisierung</subfield>
    <subfield code="z">kostenfrei</subfield>
    <subfield code="3">Volltext</subfield>
  </datafield>
  <datafield tag="924" ind1="0" ind2=" ">
    <subfield code="a">000610860</subfield>
    <subfield code="b">DE-14</subfield>
    <subfield code="9">14</subfield>
    <subfield code="c">BSZ</subfield>
    <subfield code="d">c</subfield>
    <subfield code="g">Hist.Siles.128,26</subfield>
  </datafield>
  <datafield tag="951" ind1=" " ind2=" ">
    <subfield code="a">BO</subfield>
  </datafield>
</record></zs:recordData><zs:recordPosition>7</zs:recordPosition></zs:record><zs:record><zs:recordSchema>marcxml</zs:recordSchema><zs:recordXMLEscaping>xml</zs:recordXMLEscaping><zs:recordData><record xmlns="http://www.loc.gov/MARC21/slim">
  <leader>     cam a22        4500</leader>
  <controlfield tag="001">001469177</controlfield>
  <controlfield tag="003">DE-627-4</controlfield>
  <controlfield tag="005">20211215215809.0</controlfield>
  <controlfield tag="007">tu</controlfield>
  <controlfield tag="008">020901s1649    xx |||||      00| ||ger c</controlfield>
  <datafield tag="024" ind1="7" ind2=" ">
    <subfield code="a">14:016097Y</subfield>
    <subfield code="2">vd17</subfield>
  </datafield>
  <datafield tag="026" ind1=" " ind2=" ">
    <subfield code="e">r:hr n,n, e;e, inDi C 1649A</subfield>
    <subfield code="2">fei</subfield>
  </datafield>
  <datafield tag="035" ind1=" " ind2=" ">
    <subfield code="a">(DE-627-4)001469177</subfield>
  </datafield>
  <datafield tag="035" ind1=" " ind2=" ">
    <subfield code="a">(DE-599)KXP001469177</subfield>
  </datafield>
  <datafield tag="040" ind1=" " ind2=" ">
    <subfield code="a">DE-627</subfield>
    <subfield code="b">ger</subfield>
    <subfield code="c">DE-627</subfield>
    <subfield code="e">rakwb</subfield>
  </datafield>
  <datafield tag="041" ind1=" " ind2=" ">
    <subfield code="a">ger</subfield>
  </datafield>
  <datafield tag="100" ind1="1" ind2=" ">
    <subfield code="a">Scherffer, Wenzel</subfield>
    <subfield code="d">1603-1674</subfield>
    <subfield code="0">(DE-588)118607243</subfield>
    <subfield code="0">(DE-627)004292030</subfield>
    <subfield code="4">aut</subfield>
  </datafield>
  <datafield tag="245" ind1="1" ind2="0">
    <subfield code="a">Friedens beqwämigkeiten; Frülings Liebligkeiten; Freye- und Freuden-Fests Fröligkeiten; Aufs Fürstliche Beylager/ Des ... Ludwigs/ Hertzogens in Schlesien zur/ Liegnitz und Brieg/ und Der ... Anna Sophia Hertzogin zu Meklenburg/ Fürstin zu Wenden/ Gräfin zu Schwerin ...</subfield>
    <subfield code="b">Seines gnädigen Fürsten und Herren; wie auch gnädigen Fürstin und Freulen: auf dem Hertzoglichen Hause in Brieg den 8. (18.) Maii. dieses 1649sten Jahres angestellet und glükklich vollzogen</subfield>
    <subfield code="c">In unterschiedenen Reimarten gesungen von Wencel Scherffern</subfield>
  </datafield>
  <datafield tag="246" ind1="3" ind2="0">
    <subfield code="a">Beilager Herzogens Mecklenburg</subfield>
  </datafield>
  <datafield tag="264" ind1=" " ind2="1">
    <subfield code="a">Brieg</subfield>
    <subfield code="b">Tschorn</subfield>
    <subfield code="c">1649</subfield>
  </datafield>
  <datafield tag="300" ind1=" " ind2=" ">
    <subfield code="a">[16] Bl</subfield>
    <subfield code="c">4°</subfield>
  </datafield>
  <datafield tag="336" ind1=" " ind2=" ">
    <subfield code="a">nicht spezifiziert</subfield>
    <subfield code="b">zzz</subfield>
    <subfield code="2">rdacontent</subfield>
  </datafield>
  <datafield tag="337" ind1=" " ind2=" ">
    <subfield code="a">nicht spezifiziert</subfield>
    <subfield code="b">z</subfield>
    <subfield code="2">rdamedia</subfield>
  </datafield>
  <datafield tag="338" ind1=" " ind2=" ">
    <subfield code="a">nicht spezifiziert</subfield>
    <subfield code="b">zu</subfield>
    <subfield code="2">rdacarrier</subfield>
  </datafield>
  <datafield tag="500" ind1=" " ind2=" ">
    <subfield code="a">Schlüsselseiten aus dem Exemplar der SLUB Dresden: Hist.Siles.122.h</subfield>
  </datafield>
  <datafield tag="655" ind1=" " ind2="7">
    <subfield code="a">Gelegenheitsschrift:Hochzeit</subfield>
    <subfield code="0">(DE-627)006572979</subfield>
    <subfield code="2">local</subfield>
  </datafield>
  <datafield tag="655" ind1=" " ind2="7">
    <subfield code="a">Lyrik</subfield>
    <subfield code="0">(DE-627)006572545</subfield>
    <subfield code="2">local</subfield>
  </datafield>
  <datafield tag="700" ind1="0" ind2=" ">
    <subfield code="a">Ludwig</subfield>
    <subfield code="b">IV.</subfield>
    <subfield code="c">Schlesien-Liegnitz-Brieg, Herzog</subfield>
    <subfield code="d">1616-1663</subfield>
    <subfield code="0">(DE-588)121280047</subfield>
    <subfield code="0">(DE-627)004432029</subfield>
    <subfield code="0">(DE-576)176783008</subfield>
    <subfield code="4">oth</subfield>
  </datafield>
  <datafield tag="700" ind1="0" ind2=" ">
    <subfield code="a">Anna Sophia</subfield>
    <subfield code="c">Liegnitz, Herzogin</subfield>
    <subfield code="d">1628-1669</subfield>
    <subfield code="0">(DE-588)104201568</subfield>
    <subfield code="0">(DE-627)004146395</subfield>
    <subfield code="0">(DE-576)288977041</subfield>
    <subfield code="4">oth</subfield>
  </datafield>
  <datafield tag="700" ind1="1" ind2=" ">
    <subfield code="a">Tschorn, Christoph</subfield>
    <subfield code="d">-1673</subfield>
    <subfield code="0">(DE-588)1037512413</subfield>
    <subfield code="0">(DE-627)00746522X</subfield>
    <subfield code="4">prt</subfield>
  </datafield>
  <datafield tag="751" ind1=" " ind2=" ">
    <subfield code="a">Brieg</subfield>
    <subfield code="4">pup</subfield>
  </datafield>
  <datafield tag="856" ind1="4" ind2="1">
    <subfield code="u">http://digital.slub-dresden.de/id335098223</subfield>
    <subfield code="t">// 2010£ʿł digitalisiert von: SLUB Dresden. Exemplar mit der Signatur: Hist.Siles.122.h ̓</subfield>
    <subfield code="x">Digitalisierung</subfield>
    <subfield code="z">kostenfrei</subfield>
    <subfield code="3">Volltext</subfield>
  </datafield>
  <datafield tag="924" ind1="0" ind2=" ">
    <subfield code="a">00060738X</subfield>
    <subfield code="b">DE-14</subfield>
    <subfield code="9">14</subfield>
    <subfield code="c">BSZ</subfield>
    <subfield code="d">c</subfield>
    <subfield code="g">Hist.Siles.122.h</subfield>
  </datafield>
  <datafield tag="951" ind1=" " ind2=" ">
    <subfield code="a">BO</subfield>
  </datafield>
</record></zs:recordData><zs:recordPosition>8</zs:recordPosition></zs:record></zs:records><zs:echoedSearchRetrieveRequest><zs:version>2.0</zs:version><zs:query>pica.nid=121280047</zs:query><zs:startRecord>1</zs:startRecord><zs:maximumRecords>500</zs:maximumRecords><zs:recordXMLEscaping>xml</zs:recordXMLEscaping><zs:recordSchema>marcxml</zs:recordSchema></zs:echoedSearchRetrieveRequest><zs:resultCountPrecision>exact</zs:resultCountPrecision></zs:searchRetrieveResponse>
