<?xml version="1.0" encoding="UTF-8"?>
<zs:searchRetrieveResponse xmlns:zs="http://docs.oasis-open.org/ns/search-ws/sruResponse"><zs:numberOfRecords>1</zs:numberOfRecords><zs:records><zs:record><zs:recordSchema>marcxml</zs:recordSchema><zs:recordXMLEscaping>xml</zs:recordXMLEscaping><zs:recordData><record xmlns="http://www.loc.gov/MARC21/slim">
  <leader>     cam a22        4500</leader>
  <controlfield tag="001">000010057</controlfield>
  <controlfield tag="003">DE-627-4</controlfield>
  <controlfield tag="005">20200416150701.0</controlfield>
  <controlfield tag="007">tu</controlfield>
  <controlfield tag="008">020901s1623    xx |||||      00| ||ger c</controlfield>
  <datafield tag="024" ind1="7" ind2=" ">
    <subfield code="a">23:251993N</subfield>
    <subfield code="2">vd17</subfield>
  </datafield>
  <datafield tag="026" ind1=" " ind2=" ">
    <subfield code="e">f-ch e-a- n-be enpt C 1623R</subfield>
    <subfield code="2">fei</subfield>
  </datafield>
  <datafield tag="035" ind1=" " ind2=" ">
    <subfield code="a">(DE-627-4)000010057</subfield>
  </datafield>
  <datafield tag="035" ind1=" " ind2=" ">
    <subfield code="a">(DE-599)KXP000010057</subfield>
  </datafield>
  <datafield tag="040" ind1=" " ind2=" ">
    <subfield code="a">DE-627</subfield>
    <subfield code="b">ger</subfield>
    <subfield code="c">DE-627</subfield>
    <subfield code="e">rakwb</subfield>
  </datafield>
  <datafield tag="041" ind1=" " ind2=" ">
    <subfield code="a">ger</subfield>
  </datafield>
  <datafield tag="245" ind1="1" ind2="4">
    <subfield code="a">Der Fruchtbringenden Gesellschafft Abgegangenes Schreiben An den Leimenden Und dessen Antwort An die gantze Gesellschafft</subfield>
    <subfield code="b">auch Des Grünen darauff erfolgter Send-brieff</subfield>
  </datafield>
  <datafield tag="246" ind1="3" ind2="0">
    <subfield code="a">Gesellschaft Sendebrief</subfield>
  </datafield>
  <datafield tag="264" ind1=" " ind2="1">
    <subfield code="a">[Köthen]</subfield>
    <subfield code="b">[Fürstliche Druckerei]</subfield>
    <subfield code="c">1623</subfield>
  </datafield>
  <datafield tag="300" ind1=" " ind2=" ">
    <subfield code="a">[8] Bl</subfield>
    <subfield code="c">8°</subfield>
  </datafield>
  <datafield tag="336" ind1=" " ind2=" ">
    <subfield code="a">nicht spezifiziert</subfield>
    <subfield code="b">zzz</subfield>
    <subfield code="2">rdacontent</subfield>
  </datafield>
  <datafield tag="337" ind1=" " ind2=" ">
    <subfield code="a">nicht spezifiziert</subfield>
    <subfield code="b">z</subfield>
    <subfield code="2">rdamedia</subfield>
  </datafield>
  <datafield tag="338" ind1=" " ind2=" ">
    <subfield code="a">nicht spezifiziert</subfield>
    <subfield code="b">zu</subfield>
    <subfield code="2">rdacarrier</subfield>
  </datafield>
  <datafield tag="500" ind1=" " ind2=" ">
    <subfield code="a">Schlüsselseiten aus dem Exemplar der HAB Wolfenbüttel: Lo Kapsel 9 (2)</subfield>
  </datafield>
  <datafield tag="500" ind1=" " ind2=" ">
    <subfield code="a">Ermittelter Hrsg.: Fürst Ludwig von Anhalt-Köthen</subfield>
  </datafield>
  <datafield tag="510" ind1="3" ind2=" ">
    <subfield code="a">Dünnhaupt (2. Aufl.), S. 2612, 8</subfield>
  </datafield>
  <datafield tag="510" ind1="3" ind2=" ">
    <subfield code="a">Dünnhaupt, G. Köthen, 58</subfield>
  </datafield>
  <datafield tag="655" ind1=" " ind2="7">
    <subfield code="a">Briefsammlung</subfield>
    <subfield code="0">(DE-627)00657338X</subfield>
    <subfield code="2">local</subfield>
  </datafield>
  <datafield tag="700" ind1="1" ind2=" ">
    <subfield code="a">Randow, Jost Andreas von</subfield>
    <subfield code="d">1580-</subfield>
    <subfield code="0">(DE-588)133089118</subfield>
    <subfield code="0">(DE-627)006038123</subfield>
    <subfield code="0">(DE-576)299615367</subfield>
    <subfield code="4">oth</subfield>
  </datafield>
  <datafield tag="700" ind1="1" ind2=" ">
    <subfield code="a">Winckel, Curt Dietrich aus dem</subfield>
    <subfield code="0">(DE-588)133089126</subfield>
    <subfield code="0">(DE-627)006038115</subfield>
    <subfield code="0">(DE-576)299615375</subfield>
    <subfield code="4">oth</subfield>
  </datafield>
  <datafield tag="700" ind1="0" ind2=" ">
    <subfield code="a">Ludwig</subfield>
    <subfield code="c">Anhalt-Köthen, Fürst</subfield>
    <subfield code="d">1579-1650</subfield>
    <subfield code="0">(DE-588)118574868</subfield>
    <subfield code="0">(DE-627)004290674</subfield>
    <subfield code="0">(DE-576)209018518</subfield>
    <subfield code="4">oth</subfield>
  </datafield>
  <datafield tag="710" ind1="2" ind2=" ">
    <subfield code="a">Fürstliche Druckerei</subfield>
    <subfield code="g">Köthen (Anhalt)</subfield>
    <subfield code="0">(DE-588)6146457-0</subfield>
    <subfield code="0">(DE-627)007398123</subfield>
    <subfield code="4">prt</subfield>
  </datafield>
  <datafield tag="710" ind1="2" ind2=" ">
    <subfield code="a">Fruchtbringende Gesellschaft</subfield>
    <subfield code="4">oth</subfield>
  </datafield>
  <datafield tag="710" ind1="2" ind2=" ">
    <subfield code="a">Fruchtbringende Gesellschaft</subfield>
    <subfield code="4">oth</subfield>
  </datafield>
  <datafield tag="751" ind1=" " ind2=" ">
    <subfield code="a">Köthen</subfield>
    <subfield code="4">pup</subfield>
  </datafield>
  <datafield tag="856" ind1="4" ind2="1">
    <subfield code="u">http://diglib.hab.de/drucke/lo-kapsel-9-2/start.htm</subfield>
    <subfield code="q">image/jpeg</subfield>
    <subfield code="t">// digitalisiert von Herzog August Bibliothek Wolfenbüttel. Exemplar mit der Signatur: Lo Kapsel 9 (2)</subfield>
    <subfield code="x">Digitalisierung</subfield>
    <subfield code="z">kostenfrei</subfield>
    <subfield code="3">Volltext</subfield>
  </datafield>
  <datafield tag="924" ind1="0" ind2=" ">
    <subfield code="a">000836095</subfield>
    <subfield code="b">DE-23</subfield>
    <subfield code="9">23</subfield>
    <subfield code="c">GBV</subfield>
    <subfield code="g">Lo Kapsel 9 (2)</subfield>
  </datafield>
  <datafield tag="935" ind1=" " ind2=" ">
    <subfield code="e">Dünnhaupt (2. Aufl.), S. 2612, 8</subfield>
  </datafield>
  <datafield tag="935" ind1=" " ind2=" ">
    <subfield code="e">Dünnhaupt, G. Köthen, 58</subfield>
    <subfield code="f">b</subfield>
  </datafield>
  <datafield tag="951" ind1=" " ind2=" ">
    <subfield code="a">BO</subfield>
  </datafield>
</record></zs:recordData><zs:recordPosition>1</zs:recordPosition></zs:record></zs:records><zs:echoedSearchRetrieveRequest><zs:version>2.0</zs:version><zs:query>pica.nid=133089118</zs:query><zs:startRecord>1</zs:startRecord><zs:maximumRecords>500</zs:maximumRecords><zs:recordXMLEscaping>xml</zs:recordXMLEscaping><zs:recordSchema>marcxml</zs:recordSchema></zs:echoedSearchRetrieveRequest><zs:resultCountPrecision>exact</zs:resultCountPrecision></zs:searchRetrieveResponse>
