<?xml version="1.0" encoding="UTF-8"?>
<zs:searchRetrieveResponse xmlns:zs="http://docs.oasis-open.org/ns/search-ws/sruResponse"><zs:numberOfRecords>9</zs:numberOfRecords><zs:records><zs:record><zs:recordSchema>marcxml</zs:recordSchema><zs:recordXMLEscaping>xml</zs:recordXMLEscaping><zs:recordData><record xmlns="http://www.loc.gov/MARC21/slim">
  <leader>     cam a22        4500</leader>
  <controlfield tag="001">006557090</controlfield>
  <controlfield tag="003">DE-627-4</controlfield>
  <controlfield tag="005">20210604114814.0</controlfield>
  <controlfield tag="007">tu</controlfield>
  <controlfield tag="008">090812s1655    xx |||||      00| ||ger c</controlfield>
  <datafield tag="024" ind1="7" ind2=" ">
    <subfield code="a">23:710265P</subfield>
    <subfield code="2">vd17</subfield>
  </datafield>
  <datafield tag="026" ind1=" " ind2=" ">
    <subfield code="e">n.n, n.h, h,en t.t, C 1655A</subfield>
    <subfield code="2">fei</subfield>
  </datafield>
  <datafield tag="035" ind1=" " ind2=" ">
    <subfield code="a">(DE-627-4)006557090</subfield>
  </datafield>
  <datafield tag="035" ind1=" " ind2=" ">
    <subfield code="a">(DE-599)KXP006557090</subfield>
  </datafield>
  <datafield tag="040" ind1=" " ind2=" ">
    <subfield code="a">DE-627</subfield>
    <subfield code="b">ger</subfield>
    <subfield code="c">DE-627</subfield>
    <subfield code="e">rakwb</subfield>
  </datafield>
  <datafield tag="041" ind1=" " ind2=" ">
    <subfield code="a">ger</subfield>
  </datafield>
  <datafield tag="100" ind1="1" ind2=" ">
    <subfield code="a">Langemack, Johann</subfield>
    <subfield code="d">1633-1685</subfield>
    <subfield code="0">(DE-588)121461505</subfield>
    <subfield code="0">(DE-627)004468317</subfield>
    <subfield code="0">(DE-576)292723601</subfield>
    <subfield code="4">aut</subfield>
  </datafield>
  <datafield tag="245" ind1="1" ind2="0">
    <subfield code="a">Klag-Ode bey zwar unvermuthlichen hoch-zubetrawrenden/ jedoch höchst-seligen absterben Des weyland Hochwürdigen ... Herrn Hansen/ Bischoffen zu Lübeck/ Erben zu Norwegen ... Seines allergnädigsten Herrn/ Dem Durchläuchtigsten ... Herrn Friedrich/ Erben zu Norwegen ...  Und Allgemeinen regierenden Landes-Vater/ Ob sothanen unver-hofften tödtlichen Hintritt hochbetrübten ... Herrn Bruder ... zugeschrieben</subfield>
    <subfield code="c">Von Johan Langemaken/ Käyserlichen gekrönten Poeten</subfield>
  </datafield>
  <datafield tag="246" ind1="3" ind2="0">
    <subfield code="a">unvermutlichen hoch-zu-betrauernden</subfield>
  </datafield>
  <datafield tag="264" ind1=" " ind2="1">
    <subfield code="a">Schleßwig</subfield>
    <subfield code="b">[Holwein]</subfield>
    <subfield code="c">1655</subfield>
  </datafield>
  <datafield tag="300" ind1=" " ind2=" ">
    <subfield code="a">[4] Bl</subfield>
    <subfield code="b">Ill. (Holzschn.)</subfield>
    <subfield code="c">2°</subfield>
  </datafield>
  <datafield tag="336" ind1=" " ind2=" ">
    <subfield code="a">nicht spezifiziert</subfield>
    <subfield code="b">zzz</subfield>
    <subfield code="2">rdacontent</subfield>
  </datafield>
  <datafield tag="337" ind1=" " ind2=" ">
    <subfield code="a">nicht spezifiziert</subfield>
    <subfield code="b">z</subfield>
    <subfield code="2">rdamedia</subfield>
  </datafield>
  <datafield tag="338" ind1=" " ind2=" ">
    <subfield code="a">nicht spezifiziert</subfield>
    <subfield code="b">zu</subfield>
    <subfield code="2">rdacarrier</subfield>
  </datafield>
  <datafield tag="500" ind1=" " ind2=" ">
    <subfield code="a">Schlüsselseiten liegen noch nicht vor</subfield>
  </datafield>
  <datafield tag="500" ind1=" " ind2=" ">
    <subfield code="a">Vorlageform des Erscheinungsvermerks: Schleßwig Jm Jahr 1655. - Drucker ermittelt in Benzing</subfield>
  </datafield>
  <datafield tag="655" ind1=" " ind2="7">
    <subfield code="a">Gelegenheitsschrift:Tod</subfield>
    <subfield code="0">(DE-627)00657288X</subfield>
    <subfield code="2">local</subfield>
  </datafield>
  <datafield tag="655" ind1=" " ind2="7">
    <subfield code="a">Lyrik</subfield>
    <subfield code="0">(DE-627)006572545</subfield>
    <subfield code="2">local</subfield>
  </datafield>
  <datafield tag="700" ind1="0" ind2=" ">
    <subfield code="a">Johann</subfield>
    <subfield code="b">X.</subfield>
    <subfield code="c">Lübeck, Bischof</subfield>
    <subfield code="d">1606-1655</subfield>
    <subfield code="0">(DE-588)118712292</subfield>
    <subfield code="0">(DE-627)006346340</subfield>
    <subfield code="0">(DE-576)209326425</subfield>
    <subfield code="4">oth</subfield>
  </datafield>
  <datafield tag="700" ind1="0" ind2=" ">
    <subfield code="a">Friedrich</subfield>
    <subfield code="b">III.</subfield>
    <subfield code="c">Schleswig-Holstein-Gottorf, Herzog</subfield>
    <subfield code="d">1597-1659</subfield>
    <subfield code="0">(DE-588)11870320X</subfield>
    <subfield code="0">(DE-627)004064585</subfield>
    <subfield code="4">oth</subfield>
  </datafield>
  <datafield tag="700" ind1="1" ind2=" ">
    <subfield code="a">Holwein, Johann</subfield>
    <subfield code="d">1625-1681</subfield>
    <subfield code="0">(DE-588)139925805</subfield>
    <subfield code="0">(DE-627)006620663</subfield>
    <subfield code="4">prt</subfield>
  </datafield>
  <datafield tag="751" ind1=" " ind2=" ">
    <subfield code="a">Schleswig</subfield>
    <subfield code="4">pup</subfield>
  </datafield>
  <datafield tag="856" ind1="4" ind2="1">
    <subfield code="u">http://diglib.hab.de/drucke/lpr-stolb-20101-5s/start.htm</subfield>
    <subfield code="q">image/jpeg</subfield>
    <subfield code="t">//digitalisiert von: Herzog August Bibliothek Wolfenbüttel, Exemplar mit der Signatur: Lpr. Stolb. 20101 (5)</subfield>
    <subfield code="x">Digitalisierung</subfield>
    <subfield code="z">kostenfrei</subfield>
    <subfield code="3">Volltext</subfield>
  </datafield>
  <datafield tag="924" ind1="0" ind2=" ">
    <subfield code="a">006660630</subfield>
    <subfield code="b">DE-23</subfield>
    <subfield code="9">23</subfield>
    <subfield code="c">GBV</subfield>
    <subfield code="g">Lpr. Stolb. 20101 (5)</subfield>
    <subfield code="g">Stolberg 20101</subfield>
    <subfield code="g">Slg. Stolb. 20101</subfield>
  </datafield>
  <datafield tag="951" ind1=" " ind2=" ">
    <subfield code="a">BO</subfield>
  </datafield>
</record></zs:recordData><zs:recordPosition>1</zs:recordPosition></zs:record><zs:record><zs:recordSchema>marcxml</zs:recordSchema><zs:recordXMLEscaping>xml</zs:recordXMLEscaping><zs:recordData><record xmlns="http://www.loc.gov/MARC21/slim">
  <leader>     cam a22        4500</leader>
  <controlfield tag="001">006557074</controlfield>
  <controlfield tag="003">DE-627-4</controlfield>
  <controlfield tag="005">20210604114815.0</controlfield>
  <controlfield tag="007">tu</controlfield>
  <controlfield tag="008">090812s1655    xx |||||      00| ||lat c</controlfield>
  <datafield tag="024" ind1="7" ind2=" ">
    <subfield code="a">23:710263Y</subfield>
    <subfield code="2">vd17</subfield>
  </datafield>
  <datafield tag="026" ind1=" " ind2=" ">
    <subfield code="e">emm, isi. ames M.um C 1655R</subfield>
    <subfield code="2">fei</subfield>
  </datafield>
  <datafield tag="035" ind1=" " ind2=" ">
    <subfield code="a">(DE-627-4)006557074</subfield>
  </datafield>
  <datafield tag="035" ind1=" " ind2=" ">
    <subfield code="a">(DE-599)KXP006557074</subfield>
  </datafield>
  <datafield tag="040" ind1=" " ind2=" ">
    <subfield code="a">DE-627</subfield>
    <subfield code="b">ger</subfield>
    <subfield code="c">DE-627</subfield>
    <subfield code="e">rakwb</subfield>
  </datafield>
  <datafield tag="041" ind1=" " ind2=" ">
    <subfield code="a">lat</subfield>
  </datafield>
  <datafield tag="100" ind1="1" ind2=" ">
    <subfield code="a">Cassius, Andreas</subfield>
    <subfield code="0">(DE-588)1061140563</subfield>
    <subfield code="0">(DE-627)007914717</subfield>
    <subfield code="0">(DE-576)41725363X</subfield>
    <subfield code="4">aut</subfield>
  </datafield>
  <datafield tag="245" ind1="1" ind2="0">
    <subfield code="a">Tumulus Reverendissimi &amp; Celsissimi Prinipis ac Domini Dn. Johannis Episcopi Lubecensis, Haeredis Norwegiae Ducis Sleswici ... Domini Sui ...</subfield>
    <subfield code="c">Factus ab Andrea. Cassio. Joh. F.</subfield>
  </datafield>
  <datafield tag="264" ind1=" " ind2="1">
    <subfield code="a">Lubecae</subfield>
    <subfield code="b">Venator</subfield>
    <subfield code="c">1655</subfield>
  </datafield>
  <datafield tag="300" ind1=" " ind2=" ">
    <subfield code="a">[6] Bl.</subfield>
    <subfield code="c">2°</subfield>
  </datafield>
  <datafield tag="336" ind1=" " ind2=" ">
    <subfield code="a">nicht spezifiziert</subfield>
    <subfield code="b">zzz</subfield>
    <subfield code="2">rdacontent</subfield>
  </datafield>
  <datafield tag="337" ind1=" " ind2=" ">
    <subfield code="a">nicht spezifiziert</subfield>
    <subfield code="b">z</subfield>
    <subfield code="2">rdamedia</subfield>
  </datafield>
  <datafield tag="338" ind1=" " ind2=" ">
    <subfield code="a">nicht spezifiziert</subfield>
    <subfield code="b">zu</subfield>
    <subfield code="2">rdacarrier</subfield>
  </datafield>
  <datafield tag="500" ind1=" " ind2=" ">
    <subfield code="a">Schlüsselseiten liegen noch nicht vor</subfield>
  </datafield>
  <datafield tag="500" ind1=" " ind2=" ">
    <subfield code="a">Signaturformel nach Ex. der HAB Wolfenbüttel: A-C2</subfield>
  </datafield>
  <datafield tag="500" ind1=" " ind2=" ">
    <subfield code="a">Vorlageform des Erscheinungsvermerks: Lubecae, Typis Gothofredi Venatoris. Anno Aerae Christianae M. DC. LV.</subfield>
  </datafield>
  <datafield tag="655" ind1=" " ind2="7">
    <subfield code="a">Lyrik</subfield>
    <subfield code="0">(DE-627)006572545</subfield>
    <subfield code="2">local</subfield>
  </datafield>
  <datafield tag="655" ind1=" " ind2="7">
    <subfield code="a">Gelegenheitsschrift:Tod</subfield>
    <subfield code="0">(DE-627)00657288X</subfield>
    <subfield code="2">local</subfield>
  </datafield>
  <datafield tag="700" ind1="0" ind2=" ">
    <subfield code="a">Johann</subfield>
    <subfield code="b">X.</subfield>
    <subfield code="c">Lübeck, Bischof</subfield>
    <subfield code="d">1606-1655</subfield>
    <subfield code="0">(DE-588)118712292</subfield>
    <subfield code="0">(DE-627)006346340</subfield>
    <subfield code="0">(DE-576)209326425</subfield>
    <subfield code="4">oth</subfield>
  </datafield>
  <datafield tag="700" ind1="1" ind2=" ">
    <subfield code="a">Jäger, Gottfried</subfield>
    <subfield code="d">-1663</subfield>
    <subfield code="0">(DE-588)1037532139</subfield>
    <subfield code="0">(DE-627)00747833X</subfield>
    <subfield code="4">prt</subfield>
  </datafield>
  <datafield tag="751" ind1=" " ind2=" ">
    <subfield code="a">Lübeck</subfield>
    <subfield code="4">pup</subfield>
  </datafield>
  <datafield tag="856" ind1="4" ind2="1">
    <subfield code="u">http://diglib.hab.de/drucke/lpr-stolb-20101-4s/start.htm</subfield>
    <subfield code="q">image/jpeg</subfield>
    <subfield code="t">//digitalisiert von: Herzog August Bibliothek Wolfenbüttel, Exemplar mit der Signatur: Lpr. Stolb. 20101 (4)</subfield>
    <subfield code="x">Digitalisierung</subfield>
    <subfield code="z">kostenfrei</subfield>
    <subfield code="3">Volltext</subfield>
  </datafield>
  <datafield tag="924" ind1="0" ind2=" ">
    <subfield code="a">006660592</subfield>
    <subfield code="b">DE-23</subfield>
    <subfield code="9">23</subfield>
    <subfield code="c">GBV</subfield>
    <subfield code="g">Lpr. Stolb. 20101 (4)</subfield>
  </datafield>
  <datafield tag="951" ind1=" " ind2=" ">
    <subfield code="a">BO</subfield>
  </datafield>
</record></zs:recordData><zs:recordPosition>2</zs:recordPosition></zs:record><zs:record><zs:recordSchema>marcxml</zs:recordSchema><zs:recordXMLEscaping>xml</zs:recordXMLEscaping><zs:recordData><record xmlns="http://www.loc.gov/MARC21/slim">
  <leader>     cam a22        4500</leader>
  <controlfield tag="001">001789554</controlfield>
  <controlfield tag="003">DE-627-4</controlfield>
  <controlfield tag="005">20210616090208.0</controlfield>
  <controlfield tag="007">tu</controlfield>
  <controlfield tag="008">020901s1655    xx |||||      00| ||lat c</controlfield>
  <datafield tag="024" ind1="7" ind2=" ">
    <subfield code="a">23:231294A</subfield>
    <subfield code="2">vd17</subfield>
  </datafield>
  <datafield tag="024" ind1="7" ind2=" ">
    <subfield code="z">23:298593K</subfield>
    <subfield code="2">vd17</subfield>
  </datafield>
  <datafield tag="026" ind1=" " ind2=" ">
    <subfield code="e">s!n- s,ns I.T. L.I. C 1655R</subfield>
    <subfield code="2">fei</subfield>
  </datafield>
  <datafield tag="035" ind1=" " ind2=" ">
    <subfield code="a">(DE-627-4)001789554</subfield>
  </datafield>
  <datafield tag="035" ind1=" " ind2=" ">
    <subfield code="a">(DE-599)KXP001789554</subfield>
  </datafield>
  <datafield tag="040" ind1=" " ind2=" ">
    <subfield code="a">DE-627</subfield>
    <subfield code="b">ger</subfield>
    <subfield code="c">DE-627</subfield>
    <subfield code="e">rakwb</subfield>
  </datafield>
  <datafield tag="041" ind1=" " ind2=" ">
    <subfield code="a">lat</subfield>
  </datafield>
  <datafield tag="100" ind1="1" ind2=" ">
    <subfield code="a">Meibom, Johann Heinrich</subfield>
    <subfield code="d">1590-1655</subfield>
    <subfield code="0">(DE-588)104273704</subfield>
    <subfield code="0">(DE-627)004057260</subfield>
    <subfield code="4">aut</subfield>
  </datafield>
  <datafield tag="245" ind1="1" ind2="0">
    <subfield code="a">Carmen Panegyricum, In Exequiis Funebribus Reverendissimo Et Celsissimo Principi Ac Domino, Dn. Johanni, Lubecensium Nuper Antistiti, Norwegiae Haeredi, Sleswici Holsatiaeque Duci &amp;c. Adornatis</subfield>
    <subfield code="c">Conscriptum Ab Joanne Henrico Meibomio, Reip. Lubecensis Archiatro</subfield>
  </datafield>
  <datafield tag="264" ind1=" " ind2="1">
    <subfield code="a">Lubecae</subfield>
    <subfield code="b">Jaegerus</subfield>
    <subfield code="c">1655</subfield>
  </datafield>
  <datafield tag="300" ind1=" " ind2=" ">
    <subfield code="a">[10] Bl.</subfield>
    <subfield code="b">Ill. (Holzschn.)</subfield>
    <subfield code="c">2°</subfield>
  </datafield>
  <datafield tag="336" ind1=" " ind2=" ">
    <subfield code="a">nicht spezifiziert</subfield>
    <subfield code="b">zzz</subfield>
    <subfield code="2">rdacontent</subfield>
  </datafield>
  <datafield tag="337" ind1=" " ind2=" ">
    <subfield code="a">nicht spezifiziert</subfield>
    <subfield code="b">z</subfield>
    <subfield code="2">rdamedia</subfield>
  </datafield>
  <datafield tag="338" ind1=" " ind2=" ">
    <subfield code="a">nicht spezifiziert</subfield>
    <subfield code="b">zu</subfield>
    <subfield code="2">rdacarrier</subfield>
  </datafield>
  <datafield tag="500" ind1=" " ind2=" ">
    <subfield code="a">Ausg. früher unter VD17 23:298593K</subfield>
  </datafield>
  <datafield tag="500" ind1=" " ind2=" ">
    <subfield code="a">Signaturformel nach Ex. der HAB Wolfenbüttel: A-E2</subfield>
  </datafield>
  <datafield tag="583" ind1="1" ind2=" ">
    <subfield code="a">Digitalisiert</subfield>
    <subfield code="z">Digitalisierung Typ 4 durch UB Rostock</subfield>
    <subfield code="2">pdager</subfield>
  </datafield>
  <datafield tag="655" ind1=" " ind2="7">
    <subfield code="a">Lyrik</subfield>
    <subfield code="0">(DE-627)006572545</subfield>
    <subfield code="2">local</subfield>
  </datafield>
  <datafield tag="655" ind1=" " ind2="7">
    <subfield code="a">Gelegenheitsschrift:Tod</subfield>
    <subfield code="0">(DE-627)00657288X</subfield>
    <subfield code="2">local</subfield>
  </datafield>
  <datafield tag="700" ind1="0" ind2=" ">
    <subfield code="a">Johann</subfield>
    <subfield code="b">X.</subfield>
    <subfield code="c">Lübeck, Bischof</subfield>
    <subfield code="d">1606-1655</subfield>
    <subfield code="0">(DE-588)118712292</subfield>
    <subfield code="0">(DE-627)006346340</subfield>
    <subfield code="0">(DE-576)209326425</subfield>
    <subfield code="4">oth</subfield>
  </datafield>
  <datafield tag="700" ind1="1" ind2=" ">
    <subfield code="a">Jäger, Gottfried</subfield>
    <subfield code="d">-1663</subfield>
    <subfield code="0">(DE-588)1037532139</subfield>
    <subfield code="0">(DE-627)00747833X</subfield>
    <subfield code="4">prt</subfield>
  </datafield>
  <datafield tag="751" ind1=" " ind2=" ">
    <subfield code="a">Lübeck</subfield>
    <subfield code="4">pup</subfield>
  </datafield>
  <datafield tag="856" ind1="4" ind2="1">
    <subfield code="u">http://purl.uni-rostock.de/rosdok/ppn812766512</subfield>
    <subfield code="t">// 2014 digitalisiert von: Universitätsbibliothek Rostock. Exemplar mit der Signatur: Hc-12.33</subfield>
    <subfield code="x">Digitalisierung</subfield>
    <subfield code="z">kostenfrei</subfield>
    <subfield code="3">Volltext</subfield>
  </datafield>
  <datafield tag="924" ind1="0" ind2=" ">
    <subfield code="a">002011670</subfield>
    <subfield code="b">DE-23</subfield>
    <subfield code="9">23</subfield>
    <subfield code="c">GBV</subfield>
    <subfield code="g">153.6 Quod. 2° (12)</subfield>
  </datafield>
  <datafield tag="924" ind1="0" ind2=" ">
    <subfield code="a">006660541</subfield>
    <subfield code="b">DE-23</subfield>
    <subfield code="9">23</subfield>
    <subfield code="c">GBV</subfield>
    <subfield code="g">Lpr. Stolb. 20101 (1)</subfield>
    <subfield code="g">Stolberg 20101</subfield>
    <subfield code="g">Slg. Stolb. 20101</subfield>
  </datafield>
  <datafield tag="924" ind1="0" ind2=" ">
    <subfield code="a">001115774</subfield>
    <subfield code="b">DE-23</subfield>
    <subfield code="9">23</subfield>
    <subfield code="c">GBV</subfield>
    <subfield code="g">Gm 2° 152 (5)</subfield>
  </datafield>
  <datafield tag="924" ind1="0" ind2=" ">
    <subfield code="a">007253141</subfield>
    <subfield code="b">DE-28</subfield>
    <subfield code="9">28</subfield>
    <subfield code="c">GBV</subfield>
    <subfield code="g">Hc-12.33</subfield>
    <subfield code="h">28-RAR</subfield>
  </datafield>
  <datafield tag="951" ind1=" " ind2=" ">
    <subfield code="a">BO</subfield>
  </datafield>
</record></zs:recordData><zs:recordPosition>3</zs:recordPosition></zs:record><zs:record><zs:recordSchema>marcxml</zs:recordSchema><zs:recordXMLEscaping>xml</zs:recordXMLEscaping><zs:recordData><record xmlns="http://www.loc.gov/MARC21/slim">
  <leader>     cam a22        4500</leader>
  <controlfield tag="001">000244120</controlfield>
  <controlfield tag="003">DE-627-4</controlfield>
  <controlfield tag="005">20211215210923.0</controlfield>
  <controlfield tag="007">tu</controlfield>
  <controlfield tag="008">020901s1655    xx |||||      00| ||ger c</controlfield>
  <datafield tag="024" ind1="7" ind2=" ">
    <subfield code="a">39:110511D</subfield>
    <subfield code="2">vd17</subfield>
  </datafield>
  <datafield tag="026" ind1=" " ind2=" ">
    <subfield code="e">n!en esch n,en lema C 1655C</subfield>
    <subfield code="2">fei</subfield>
  </datafield>
  <datafield tag="035" ind1=" " ind2=" ">
    <subfield code="a">(DE-627-4)000244120</subfield>
  </datafield>
  <datafield tag="035" ind1=" " ind2=" ">
    <subfield code="a">(DE-599)KXP000244120</subfield>
  </datafield>
  <datafield tag="040" ind1=" " ind2=" ">
    <subfield code="a">DE-627</subfield>
    <subfield code="b">ger</subfield>
    <subfield code="c">DE-627</subfield>
    <subfield code="e">rakwb</subfield>
  </datafield>
  <datafield tag="041" ind1=" " ind2=" ">
    <subfield code="a">ger</subfield>
  </datafield>
  <datafield tag="100" ind1="1" ind2=" ">
    <subfield code="a">Janus, Daniel</subfield>
    <subfield code="d">1611-1669</subfield>
    <subfield code="0">(DE-588)121544036</subfield>
    <subfield code="0">(DE-627)004480961</subfield>
    <subfield code="0">(DE-576)292764413</subfield>
    <subfield code="4">aut</subfield>
  </datafield>
  <datafield tag="245" ind1="1" ind2="0">
    <subfield code="a">Lob- und Ehren-Gedächtniß mit zwo Christlichen Klag- Traur- und Leich-Predigten</subfield>
    <subfield code="b">Bey der Fürst-Bischofflichen Leich Abführ- und Bestätigung/ Des ... Fürsten und Herrn/ Herrn Hannsen/ Erwählten Bischoffs zu Lübeck/ Erben zu Norwegen/ Hertzogen zu Schleßwig/ Holstein/ Stormarn und der Ditmarschen ... So den 18. Februarii, dieses lauffenden 1655. Jahres ... entschlaffen; Den 17. Aprilis, von dannen/ nach dem HochFürstlichen Schleßwig-Holsteinischen Stamm-hause Gottorff/ abgeführet/ auch Folgends den 20. Eiusdem ... beygesetzet worden/ Auß demütig: schuldigster Danckbarheit untertähniglich gestifftet von Daniele Jano, des Stiffts Lübeck Superintendenten ...</subfield>
  </datafield>
  <datafield tag="246" ind1="3" ind2="0">
    <subfield code="a">Ehrengedächtnis Klage Trauer Leichenpredigten</subfield>
  </datafield>
  <datafield tag="264" ind1=" " ind2="1">
    <subfield code="a">[S.l.]</subfield>
    <subfield code="c">1655</subfield>
  </datafield>
  <datafield tag="300" ind1=" " ind2=" ">
    <subfield code="a">[4] Bl., 151 S., [1] Bl</subfield>
    <subfield code="c">4°</subfield>
  </datafield>
  <datafield tag="336" ind1=" " ind2=" ">
    <subfield code="a">nicht spezifiziert</subfield>
    <subfield code="b">zzz</subfield>
    <subfield code="2">rdacontent</subfield>
  </datafield>
  <datafield tag="337" ind1=" " ind2=" ">
    <subfield code="a">nicht spezifiziert</subfield>
    <subfield code="b">z</subfield>
    <subfield code="2">rdamedia</subfield>
  </datafield>
  <datafield tag="338" ind1=" " ind2=" ">
    <subfield code="a">nicht spezifiziert</subfield>
    <subfield code="b">zu</subfield>
    <subfield code="2">rdacarrier</subfield>
  </datafield>
  <datafield tag="500" ind1=" " ind2=" ">
    <subfield code="a">Erscheinungsjahr als Chronogramm.</subfield>
  </datafield>
  <datafield tag="583" ind1="1" ind2=" ">
    <subfield code="a">Digitalisiert</subfield>
    <subfield code="z">Digitalisierung Typ 4 durch UB Rostock</subfield>
    <subfield code="2">pdager</subfield>
  </datafield>
  <datafield tag="655" ind1=" " ind2="7">
    <subfield code="a">Leichenpredigt</subfield>
    <subfield code="0">(DE-627)00657260X</subfield>
    <subfield code="2">local</subfield>
  </datafield>
  <datafield tag="700" ind1="0" ind2=" ">
    <subfield code="a">Johann</subfield>
    <subfield code="b">X.</subfield>
    <subfield code="c">Lübeck, Bischof</subfield>
    <subfield code="d">1606-1655</subfield>
    <subfield code="0">(DE-588)118712292</subfield>
    <subfield code="0">(DE-627)006346340</subfield>
    <subfield code="0">(DE-576)209326425</subfield>
    <subfield code="4">oth</subfield>
  </datafield>
  <datafield tag="856" ind1="4" ind2="1">
    <subfield code="u">http://purl.uni-rostock.de/rosdok/ppn73531876X</subfield>
    <subfield code="t">// 2012 digitalisiert von: Universitätsbibliothek Rostock. Exemplar mit der Signatur: Rf-12166</subfield>
    <subfield code="x">Digitalisierung</subfield>
    <subfield code="z">kostenfrei</subfield>
    <subfield code="3">Volltext</subfield>
  </datafield>
  <datafield tag="924" ind1="0" ind2=" ">
    <subfield code="a">002239302</subfield>
    <subfield code="b">DE-547</subfield>
    <subfield code="9">547</subfield>
    <subfield code="c">GBV</subfield>
    <subfield code="d">b</subfield>
    <subfield code="g">LP O 8° V, 00010 (31)</subfield>
    <subfield code="g">Forschungsbibliothek Gotha</subfield>
    <subfield code="h">FBG MAG</subfield>
  </datafield>
  <datafield tag="924" ind1="0" ind2=" ">
    <subfield code="a">007476671</subfield>
    <subfield code="b">DE-28</subfield>
    <subfield code="9">28</subfield>
    <subfield code="c">GBV</subfield>
    <subfield code="g">Rf-12166</subfield>
    <subfield code="h">28-MAG</subfield>
  </datafield>
  <datafield tag="924" ind1="0" ind2=" ">
    <subfield code="a">00748075X</subfield>
    <subfield code="b">DE-3</subfield>
    <subfield code="9">3</subfield>
    <subfield code="c">GBV</subfield>
    <subfield code="g">14 WA 1687</subfield>
  </datafield>
  <datafield tag="924" ind1="0" ind2=" ">
    <subfield code="a">008327831</subfield>
    <subfield code="b">DE-15</subfield>
    <subfield code="9">15</subfield>
    <subfield code="c">BSZ</subfield>
    <subfield code="d">c</subfield>
    <subfield code="g">Hist.Sax.inf.434-c</subfield>
  </datafield>
  <datafield tag="951" ind1=" " ind2=" ">
    <subfield code="a">BO</subfield>
  </datafield>
</record></zs:recordData><zs:recordPosition>4</zs:recordPosition></zs:record><zs:record><zs:recordSchema>marcxml</zs:recordSchema><zs:recordXMLEscaping>xml</zs:recordXMLEscaping><zs:recordData><record xmlns="http://www.loc.gov/MARC21/slim">
  <leader>     cam a22        4500</leader>
  <controlfield tag="001">000160598</controlfield>
  <controlfield tag="003">DE-627-4</controlfield>
  <controlfield tag="005">20210604114849.0</controlfield>
  <controlfield tag="007">tu</controlfield>
  <controlfield tag="008">020901s1655    xx |||||      00| ||lat c</controlfield>
  <datafield tag="024" ind1="7" ind2=" ">
    <subfield code="a">23:298585T</subfield>
    <subfield code="2">vd17</subfield>
  </datafield>
  <datafield tag="026" ind1=" " ind2=" ">
    <subfield code="e">s,s, t,am t.m, i,t, C 1655R</subfield>
    <subfield code="2">fei</subfield>
  </datafield>
  <datafield tag="035" ind1=" " ind2=" ">
    <subfield code="a">(DE-627-4)000160598</subfield>
  </datafield>
  <datafield tag="035" ind1=" " ind2=" ">
    <subfield code="a">(DE-599)KXP000160598</subfield>
  </datafield>
  <datafield tag="040" ind1=" " ind2=" ">
    <subfield code="a">DE-627</subfield>
    <subfield code="b">ger</subfield>
    <subfield code="c">DE-627</subfield>
    <subfield code="e">rakwb</subfield>
  </datafield>
  <datafield tag="041" ind1=" " ind2=" ">
    <subfield code="a">lat</subfield>
  </datafield>
  <datafield tag="100" ind1="1" ind2=" ">
    <subfield code="a">Johansen, Matthias</subfield>
    <subfield code="d">-1658</subfield>
    <subfield code="0">(DE-588)121425959</subfield>
    <subfield code="0">(DE-627)004458826</subfield>
    <subfield code="4">aut</subfield>
  </datafield>
  <datafield tag="245" ind1="1" ind2="0">
    <subfield code="a">Eminentissimi Principi Ac Domino Dn. Johanni. Lubecensium Episcopo, Haeredi Norvagiae, Duci Slesvicensi, Holsatiae ... Principi Incomparabili Nec animo quam genere quantumvis Regio, minori Domino Suo In Vivis Clementissimo, Ita Iusta faciebat Matthias Johansen Dithmarsus</subfield>
  </datafield>
  <datafield tag="264" ind1=" " ind2="1">
    <subfield code="a">Lubecae</subfield>
    <subfield code="b">Venator</subfield>
    <subfield code="c">1655</subfield>
  </datafield>
  <datafield tag="300" ind1=" " ind2=" ">
    <subfield code="a">[4] Bl</subfield>
    <subfield code="b">Ill. (Holzschn.)</subfield>
    <subfield code="c">2°</subfield>
  </datafield>
  <datafield tag="336" ind1=" " ind2=" ">
    <subfield code="a">nicht spezifiziert</subfield>
    <subfield code="b">zzz</subfield>
    <subfield code="2">rdacontent</subfield>
  </datafield>
  <datafield tag="337" ind1=" " ind2=" ">
    <subfield code="a">nicht spezifiziert</subfield>
    <subfield code="b">z</subfield>
    <subfield code="2">rdamedia</subfield>
  </datafield>
  <datafield tag="338" ind1=" " ind2=" ">
    <subfield code="a">nicht spezifiziert</subfield>
    <subfield code="b">zu</subfield>
    <subfield code="2">rdacarrier</subfield>
  </datafield>
  <datafield tag="500" ind1=" " ind2=" ">
    <subfield code="a">Signaturformel: )(4</subfield>
  </datafield>
  <datafield tag="655" ind1=" " ind2="7">
    <subfield code="a">Lyrik</subfield>
    <subfield code="0">(DE-627)006572545</subfield>
    <subfield code="2">local</subfield>
  </datafield>
  <datafield tag="655" ind1=" " ind2="7">
    <subfield code="a">Gelegenheitsschrift:Tod</subfield>
    <subfield code="0">(DE-627)00657288X</subfield>
    <subfield code="2">local</subfield>
  </datafield>
  <datafield tag="700" ind1="0" ind2=" ">
    <subfield code="a">Johann</subfield>
    <subfield code="b">X.</subfield>
    <subfield code="c">Lübeck, Bischof</subfield>
    <subfield code="d">1606-1655</subfield>
    <subfield code="0">(DE-588)118712292</subfield>
    <subfield code="0">(DE-627)006346340</subfield>
    <subfield code="0">(DE-576)209326425</subfield>
    <subfield code="4">oth</subfield>
  </datafield>
  <datafield tag="700" ind1="1" ind2=" ">
    <subfield code="a">Jäger, Gottfried</subfield>
    <subfield code="d">-1663</subfield>
    <subfield code="0">(DE-588)1037532139</subfield>
    <subfield code="0">(DE-627)00747833X</subfield>
    <subfield code="4">prt</subfield>
  </datafield>
  <datafield tag="751" ind1=" " ind2=" ">
    <subfield code="a">Lübeck</subfield>
    <subfield code="4">pup</subfield>
  </datafield>
  <datafield tag="856" ind1="4" ind2="1">
    <subfield code="u">http://diglib.hab.de/drucke/gm-2f-152-2s/start.htm</subfield>
    <subfield code="q">image/jpeg</subfield>
    <subfield code="t">//digitalisiert von: Herzog August Bibliothek Wolfenbüttel., Exemplar mit der Signatur: Gm 2° 152 (2)</subfield>
    <subfield code="x">Digitalisierung</subfield>
    <subfield code="z">kostenfrei</subfield>
    <subfield code="3">Volltext</subfield>
  </datafield>
  <datafield tag="924" ind1="0" ind2=" ">
    <subfield code="a">001115685</subfield>
    <subfield code="b">DE-23</subfield>
    <subfield code="9">23</subfield>
    <subfield code="c">GBV</subfield>
    <subfield code="g">Gm 2° 152 (2)</subfield>
  </datafield>
  <datafield tag="924" ind1="0" ind2=" ">
    <subfield code="a">006660568</subfield>
    <subfield code="b">DE-23</subfield>
    <subfield code="9">23</subfield>
    <subfield code="c">GBV</subfield>
    <subfield code="g">Lpr. Stolb. 20101 (2)</subfield>
    <subfield code="g">Slg. Stolb. 20101</subfield>
  </datafield>
  <datafield tag="951" ind1=" " ind2=" ">
    <subfield code="a">BO</subfield>
  </datafield>
</record></zs:recordData><zs:recordPosition>5</zs:recordPosition></zs:record><zs:record><zs:recordSchema>marcxml</zs:recordSchema><zs:recordXMLEscaping>xml</zs:recordXMLEscaping><zs:recordData><record xmlns="http://www.loc.gov/MARC21/slim">
  <leader>     cam a22        4500</leader>
  <controlfield tag="001">000160563</controlfield>
  <controlfield tag="003">DE-627-4</controlfield>
  <controlfield tag="005">20200224135254.0</controlfield>
  <controlfield tag="007">tu</controlfield>
  <controlfield tag="008">020901s1655    xx |||||      00| ||lat c</controlfield>
  <datafield tag="024" ind1="7" ind2=" ">
    <subfield code="a">23:298581N</subfield>
    <subfield code="2">vd17</subfield>
  </datafield>
  <datafield tag="026" ind1=" " ind2=" ">
    <subfield code="e">V.S. Æ,r. r.T. S.I. S 1655R</subfield>
    <subfield code="2">fei</subfield>
  </datafield>
  <datafield tag="035" ind1=" " ind2=" ">
    <subfield code="a">(DE-627-4)000160563</subfield>
  </datafield>
  <datafield tag="035" ind1=" " ind2=" ">
    <subfield code="a">(DE-599)KXP000160563</subfield>
  </datafield>
  <datafield tag="040" ind1=" " ind2=" ">
    <subfield code="a">DE-627</subfield>
    <subfield code="b">ger</subfield>
    <subfield code="c">DE-627</subfield>
    <subfield code="e">rakwb</subfield>
  </datafield>
  <datafield tag="041" ind1=" " ind2=" ">
    <subfield code="a">lat</subfield>
  </datafield>
  <datafield tag="100" ind1="1" ind2=" ">
    <subfield code="a">Leuchter, Heinrich</subfield>
    <subfield code="d">1558-1623</subfield>
    <subfield code="0">(DE-588)122262573</subfield>
    <subfield code="0">(DE-627)004573927</subfield>
    <subfield code="4">aut</subfield>
  </datafield>
  <datafield tag="245" ind1="1" ind2="3">
    <subfield code="a">T' anōtera kalliō. Deo. Opt. Max. Et Memoriae Sempiternae S. ... Princeps. Johannes Haeres. Norvegiae. Dux. Slesvici. Et Holsatiae. &amp;c ... Placide Reddidit</subfield>
    <subfield code="b">Paucis. Rem. Tibi. Expediam. Quem pietas coelo, quem gloria vendicat orbi, Principis hoc tumulo membra sepulta vides. ... Posuit. Henricus. Leuchter ...</subfield>
  </datafield>
  <datafield tag="264" ind1=" " ind2="1">
    <subfield code="a">Lubecae</subfield>
    <subfield code="b">Venator</subfield>
    <subfield code="c">1655</subfield>
  </datafield>
  <datafield tag="300" ind1=" " ind2=" ">
    <subfield code="a">[1] gef. Bl</subfield>
  </datafield>
  <datafield tag="336" ind1=" " ind2=" ">
    <subfield code="a">nicht spezifiziert</subfield>
    <subfield code="b">zzz</subfield>
    <subfield code="2">rdacontent</subfield>
  </datafield>
  <datafield tag="337" ind1=" " ind2=" ">
    <subfield code="a">nicht spezifiziert</subfield>
    <subfield code="b">z</subfield>
    <subfield code="2">rdamedia</subfield>
  </datafield>
  <datafield tag="338" ind1=" " ind2=" ">
    <subfield code="a">nicht spezifiziert</subfield>
    <subfield code="b">zu</subfield>
    <subfield code="2">rdacarrier</subfield>
  </datafield>
  <datafield tag="500" ind1=" " ind2=" ">
    <subfield code="a">Format: ca. 39 x 31 cm</subfield>
  </datafield>
  <datafield tag="583" ind1="1" ind2=" ">
    <subfield code="a">Digitalisierung geplant</subfield>
    <subfield code="z">Digitalisierung Unika durch HAB Wolfenbüttel</subfield>
    <subfield code="2">pdager</subfield>
  </datafield>
  <datafield tag="655" ind1=" " ind2="7">
    <subfield code="a">Einblattdruck</subfield>
    <subfield code="0">(DE-627)006573231</subfield>
    <subfield code="2">local</subfield>
  </datafield>
  <datafield tag="655" ind1=" " ind2="7">
    <subfield code="a">Lyrik</subfield>
    <subfield code="0">(DE-627)006572545</subfield>
    <subfield code="2">local</subfield>
  </datafield>
  <datafield tag="655" ind1=" " ind2="7">
    <subfield code="a">Gelegenheitsschrift:Tod</subfield>
    <subfield code="0">(DE-627)00657288X</subfield>
    <subfield code="2">local</subfield>
  </datafield>
  <datafield tag="700" ind1="0" ind2=" ">
    <subfield code="a">Johann</subfield>
    <subfield code="b">X.</subfield>
    <subfield code="c">Lübeck, Bischof</subfield>
    <subfield code="d">1606-1655</subfield>
    <subfield code="0">(DE-588)118712292</subfield>
    <subfield code="0">(DE-627)006346340</subfield>
    <subfield code="0">(DE-576)209326425</subfield>
    <subfield code="4">oth</subfield>
  </datafield>
  <datafield tag="700" ind1="1" ind2=" ">
    <subfield code="a">Jäger, Gottfried</subfield>
    <subfield code="d">-1663</subfield>
    <subfield code="0">(DE-588)1037532139</subfield>
    <subfield code="0">(DE-627)00747833X</subfield>
    <subfield code="4">prt</subfield>
  </datafield>
  <datafield tag="751" ind1=" " ind2=" ">
    <subfield code="a">Lübeck</subfield>
    <subfield code="4">pup</subfield>
  </datafield>
  <datafield tag="924" ind1="0" ind2=" ">
    <subfield code="a">001115642</subfield>
    <subfield code="b">DE-23</subfield>
    <subfield code="9">23</subfield>
    <subfield code="c">GBV</subfield>
    <subfield code="g">Gm 2° 152 (1)</subfield>
  </datafield>
  <datafield tag="924" ind1="0" ind2=" ">
    <subfield code="a">006660576</subfield>
    <subfield code="b">DE-23</subfield>
    <subfield code="9">23</subfield>
    <subfield code="c">GBV</subfield>
    <subfield code="g">Lpr. Stolb. 20101 (2a)</subfield>
    <subfield code="g">Stolberg 20101</subfield>
    <subfield code="g">Slg. Stolb. 20101</subfield>
  </datafield>
  <datafield tag="951" ind1=" " ind2=" ">
    <subfield code="a">BO</subfield>
  </datafield>
</record></zs:recordData><zs:recordPosition>6</zs:recordPosition></zs:record><zs:record><zs:recordSchema>marcxml</zs:recordSchema><zs:recordXMLEscaping>xml</zs:recordXMLEscaping><zs:recordData><record xmlns="http://www.loc.gov/MARC21/slim">
  <leader>     cam a22        4500</leader>
  <controlfield tag="001">000160555</controlfield>
  <controlfield tag="003">DE-627-4</controlfield>
  <controlfield tag="005">20200224135254.0</controlfield>
  <controlfield tag="007">tu</controlfield>
  <controlfield tag="008">020901s1655    xx |||||      00| ||lat c</controlfield>
  <datafield tag="024" ind1="7" ind2=" ">
    <subfield code="a">23:298579S</subfield>
    <subfield code="2">vd17</subfield>
  </datafield>
  <datafield tag="026" ind1=" " ind2=" ">
    <subfield code="e">rae, s.us tue. a)ta C 1655R</subfield>
    <subfield code="2">fei</subfield>
  </datafield>
  <datafield tag="035" ind1=" " ind2=" ">
    <subfield code="a">(DE-627-4)000160555</subfield>
  </datafield>
  <datafield tag="035" ind1=" " ind2=" ">
    <subfield code="a">(DE-599)KXP000160555</subfield>
  </datafield>
  <datafield tag="040" ind1=" " ind2=" ">
    <subfield code="a">DE-627</subfield>
    <subfield code="b">ger</subfield>
    <subfield code="c">DE-627</subfield>
    <subfield code="e">rakwb</subfield>
  </datafield>
  <datafield tag="041" ind1=" " ind2=" ">
    <subfield code="a">lat</subfield>
  </datafield>
  <datafield tag="100" ind1="1" ind2=" ">
    <subfield code="a">Praetorius, Hieronymus</subfield>
    <subfield code="d">-1679</subfield>
    <subfield code="0">(DE-588)129167290</subfield>
    <subfield code="0">(DE-627)005298180</subfield>
    <subfield code="4">aut</subfield>
  </datafield>
  <datafield tag="245" ind1="1" ind2="0">
    <subfield code="a">Memoriae Reverendissimi Et Celsissimi Principis Ac Domini, Dn. Johannis, Episcopi Lubecensis, Haeredis Norvegiae, Ducis Slesvici, Holsatiae ... Domini Sui, Dum Vivebat, Clementissimi, Hoc, quicquid est carminis, sacrum esse voluit. Hieronymus Praetorius, Hamburgensis</subfield>
  </datafield>
  <datafield tag="264" ind1=" " ind2="1">
    <subfield code="a">Lubecae</subfield>
    <subfield code="b">Venator</subfield>
    <subfield code="c">1655</subfield>
  </datafield>
  <datafield tag="300" ind1=" " ind2=" ">
    <subfield code="a">[6] Bl., [1] gef. Bl</subfield>
    <subfield code="c">2°</subfield>
  </datafield>
  <datafield tag="336" ind1=" " ind2=" ">
    <subfield code="a">nicht spezifiziert</subfield>
    <subfield code="b">zzz</subfield>
    <subfield code="2">rdacontent</subfield>
  </datafield>
  <datafield tag="337" ind1=" " ind2=" ">
    <subfield code="a">nicht spezifiziert</subfield>
    <subfield code="b">z</subfield>
    <subfield code="2">rdamedia</subfield>
  </datafield>
  <datafield tag="338" ind1=" " ind2=" ">
    <subfield code="a">nicht spezifiziert</subfield>
    <subfield code="b">zu</subfield>
    <subfield code="2">rdacarrier</subfield>
  </datafield>
  <datafield tag="500" ind1=" " ind2=" ">
    <subfield code="a">Signaturformel nach Ex. der HAB Wolfenbüttel: A-C2</subfield>
  </datafield>
  <datafield tag="583" ind1="1" ind2=" ">
    <subfield code="a">Digitalisierung geplant</subfield>
    <subfield code="z">Digitalisierung Unika durch HAB Wolfenbüttel</subfield>
    <subfield code="2">pdager</subfield>
  </datafield>
  <datafield tag="655" ind1=" " ind2="7">
    <subfield code="a">Lyrik</subfield>
    <subfield code="0">(DE-627)006572545</subfield>
    <subfield code="2">local</subfield>
  </datafield>
  <datafield tag="655" ind1=" " ind2="7">
    <subfield code="a">Gelegenheitsschrift:Tod</subfield>
    <subfield code="0">(DE-627)00657288X</subfield>
    <subfield code="2">local</subfield>
  </datafield>
  <datafield tag="700" ind1="0" ind2=" ">
    <subfield code="a">Johann</subfield>
    <subfield code="b">X.</subfield>
    <subfield code="c">Lübeck, Bischof</subfield>
    <subfield code="d">1606-1655</subfield>
    <subfield code="0">(DE-588)118712292</subfield>
    <subfield code="0">(DE-627)006346340</subfield>
    <subfield code="0">(DE-576)209326425</subfield>
    <subfield code="4">oth</subfield>
  </datafield>
  <datafield tag="700" ind1="1" ind2=" ">
    <subfield code="a">Jäger, Gottfried</subfield>
    <subfield code="d">-1663</subfield>
    <subfield code="0">(DE-588)1037532139</subfield>
    <subfield code="0">(DE-627)00747833X</subfield>
    <subfield code="4">prt</subfield>
  </datafield>
  <datafield tag="751" ind1=" " ind2=" ">
    <subfield code="a">Lübeck</subfield>
    <subfield code="4">pup</subfield>
  </datafield>
  <datafield tag="924" ind1="0" ind2=" ">
    <subfield code="a">001115626</subfield>
    <subfield code="b">DE-23</subfield>
    <subfield code="9">23</subfield>
    <subfield code="c">GBV</subfield>
    <subfield code="g">Gm 2° 152 (1)</subfield>
  </datafield>
  <datafield tag="924" ind1="0" ind2=" ">
    <subfield code="a">006660584</subfield>
    <subfield code="b">DE-23</subfield>
    <subfield code="9">23</subfield>
    <subfield code="c">GBV</subfield>
    <subfield code="g">Lpr. Stolb. 20101 (3)</subfield>
    <subfield code="g">Stolberg 20101</subfield>
    <subfield code="g">Slg. Stolb. 20101</subfield>
  </datafield>
  <datafield tag="951" ind1=" " ind2=" ">
    <subfield code="a">BO</subfield>
  </datafield>
</record></zs:recordData><zs:recordPosition>7</zs:recordPosition></zs:record><zs:record><zs:recordSchema>marcxml</zs:recordSchema><zs:recordXMLEscaping>xml</zs:recordXMLEscaping><zs:recordData><record xmlns="http://www.loc.gov/MARC21/slim">
  <leader>     cam a22        4500</leader>
  <controlfield tag="001">007506031</controlfield>
  <controlfield tag="003">DE-627-4</controlfield>
  <controlfield tag="005">20211208181350.0</controlfield>
  <controlfield tag="007">tu</controlfield>
  <controlfield tag="008">130812s1652    xx |||||      00| ||lat c</controlfield>
  <datafield tag="024" ind1="7" ind2=" ">
    <subfield code="a">28:728205N</subfield>
    <subfield code="2">vd17</subfield>
  </datafield>
  <datafield tag="026" ind1=" " ind2=" ">
    <subfield code="e">tio- t.t, f.it ulpu C 1652R</subfield>
    <subfield code="2">fei</subfield>
  </datafield>
  <datafield tag="035" ind1=" " ind2=" ">
    <subfield code="a">(DE-627-4)007506031</subfield>
  </datafield>
  <datafield tag="035" ind1=" " ind2=" ">
    <subfield code="a">(DE-599)KXP007506031</subfield>
  </datafield>
  <datafield tag="040" ind1=" " ind2=" ">
    <subfield code="a">DE-627</subfield>
    <subfield code="b">ger</subfield>
    <subfield code="c">DE-627</subfield>
    <subfield code="e">rakwb</subfield>
  </datafield>
  <datafield tag="041" ind1=" " ind2=" ">
    <subfield code="a">lat</subfield>
  </datafield>
  <datafield tag="100" ind1="1" ind2=" ">
    <subfield code="a">Sithmann, Johann</subfield>
    <subfield code="d">-1660</subfield>
    <subfield code="0">(DE-588)115797734</subfield>
    <subfield code="0">(DE-627)004218523</subfield>
    <subfield code="4">aut</subfield>
  </datafield>
  <datafield tag="245" ind1="1" ind2="0">
    <subfield code="a">Disputatio Iuridica De Prioritate Seu Iure Praelationis In Concursu Creditorum</subfield>
    <subfield code="c">Quam SS. Triade Feliciter Annuente In Regio Stetinensium Gymnasio, Sub Praesidio Dn. Johannis Sithmann/ I.U.D. ... LL. &amp; Musarum cultoribus examinandam offert, ac Publice in Acroaterio Maiori pro virium modulo defendere annitetur Fridericus a Küssow, Nob. Pom. Ad diem XXIX. Ianuarii, horis ab 8. matutinis. Anno MDCLII.</subfield>
  </datafield>
  <datafield tag="264" ind1=" " ind2="1">
    <subfield code="a">Stetini</subfield>
    <subfield code="b">Rhetius</subfield>
    <subfield code="c">1652</subfield>
  </datafield>
  <datafield tag="300" ind1=" " ind2=" ">
    <subfield code="a">[24] Bl.</subfield>
    <subfield code="c">4°</subfield>
  </datafield>
  <datafield tag="336" ind1=" " ind2=" ">
    <subfield code="a">nicht spezifiziert</subfield>
    <subfield code="b">zzz</subfield>
    <subfield code="2">rdacontent</subfield>
  </datafield>
  <datafield tag="337" ind1=" " ind2=" ">
    <subfield code="a">nicht spezifiziert</subfield>
    <subfield code="b">z</subfield>
    <subfield code="2">rdamedia</subfield>
  </datafield>
  <datafield tag="338" ind1=" " ind2=" ">
    <subfield code="a">nicht spezifiziert</subfield>
    <subfield code="b">zu</subfield>
    <subfield code="2">rdacarrier</subfield>
  </datafield>
  <datafield tag="583" ind1="1" ind2=" ">
    <subfield code="a">Digitalisiert</subfield>
    <subfield code="z">Digitalisierung Typ 4 durch UB Rostock</subfield>
    <subfield code="2">pdager</subfield>
  </datafield>
  <datafield tag="655" ind1=" " ind2="7">
    <subfield code="a">Dissertation:jur.</subfield>
    <subfield code="0">(DE-627)006573266</subfield>
    <subfield code="2">local</subfield>
  </datafield>
  <datafield tag="700" ind1="1" ind2=" ">
    <subfield code="a">Küssow, Friedrich von</subfield>
    <subfield code="0">(DE-588)122885201</subfield>
    <subfield code="0">(DE-627)00594788X</subfield>
    <subfield code="0">(DE-576)29346281X</subfield>
    <subfield code="4">aut</subfield>
  </datafield>
  <datafield tag="700" ind1="0" ind2=" ">
    <subfield code="a">Johann</subfield>
    <subfield code="b">X.</subfield>
    <subfield code="c">Lübeck, Bischof</subfield>
    <subfield code="d">1606-1655</subfield>
    <subfield code="e">WidmungsempfängerIn</subfield>
    <subfield code="0">(DE-588)118712292</subfield>
    <subfield code="0">(DE-627)006346340</subfield>
    <subfield code="0">(DE-576)209326425</subfield>
    <subfield code="4">dte</subfield>
  </datafield>
  <datafield tag="700" ind1="1" ind2=" ">
    <subfield code="a">Micraelius, Joachim</subfield>
    <subfield code="d">1638-1668</subfield>
    <subfield code="e">BeiträgerIn</subfield>
    <subfield code="0">(DE-588)124678394</subfield>
    <subfield code="0">(DE-627)004706927</subfield>
    <subfield code="4">ctb</subfield>
  </datafield>
  <datafield tag="700" ind1="1" ind2=" ">
    <subfield code="a">Schaevius, Heinricus</subfield>
    <subfield code="d">1624-1661</subfield>
    <subfield code="e">BeiträgerIn</subfield>
    <subfield code="0">(DE-588)123359511</subfield>
    <subfield code="0">(DE-627)00465496X</subfield>
    <subfield code="4">ctb</subfield>
  </datafield>
  <datafield tag="700" ind1="1" ind2=" ">
    <subfield code="a">Cothmann, Johann</subfield>
    <subfield code="e">BeiträgerIn</subfield>
    <subfield code="0">(DE-588)128906499</subfield>
    <subfield code="0">(DE-627)005210070</subfield>
    <subfield code="0">(DE-576)297393219</subfield>
    <subfield code="4">ctb</subfield>
  </datafield>
  <datafield tag="700" ind1="1" ind2=" ">
    <subfield code="a">Rhete, Johann Valentin</subfield>
    <subfield code="d">-1683</subfield>
    <subfield code="0">(DE-588)120869675</subfield>
    <subfield code="0">(DE-627)004405129</subfield>
    <subfield code="4">prt</subfield>
  </datafield>
  <datafield tag="710" ind1="2" ind2=" ">
    <subfield code="a">Gymnasium Stettin</subfield>
    <subfield code="4">oth</subfield>
  </datafield>
  <datafield tag="751" ind1=" " ind2=" ">
    <subfield code="a">Stettin</subfield>
    <subfield code="4">pup</subfield>
  </datafield>
  <datafield tag="856" ind1="4" ind2="1">
    <subfield code="u">http://purl.uni-rostock.de/rosdok/ppn756759048</subfield>
    <subfield code="t">// 2013 digitalisiert von: Universitätsbibliothek Rostock. Exemplar mit der Signatur: Kk-2(165).1</subfield>
    <subfield code="x">Digitalisierung</subfield>
    <subfield code="z">kostenfrei</subfield>
    <subfield code="3">Volltext</subfield>
  </datafield>
  <datafield tag="924" ind1="0" ind2=" ">
    <subfield code="a">007255918</subfield>
    <subfield code="b">DE-28</subfield>
    <subfield code="9">28</subfield>
    <subfield code="c">GBV</subfield>
    <subfield code="g">Kk-2(165).1</subfield>
    <subfield code="h">28-MAG</subfield>
  </datafield>
  <datafield tag="951" ind1=" " ind2=" ">
    <subfield code="a">BO</subfield>
  </datafield>
</record></zs:recordData><zs:recordPosition>8</zs:recordPosition></zs:record><zs:record><zs:recordSchema>marcxml</zs:recordSchema><zs:recordXMLEscaping>xml</zs:recordXMLEscaping><zs:recordData><record xmlns="http://www.loc.gov/MARC21/slim">
  <leader>     cam a22        4500</leader>
  <controlfield tag="001">007217951</controlfield>
  <controlfield tag="003">DE-627-4</controlfield>
  <controlfield tag="005">20210616114425.0</controlfield>
  <controlfield tag="007">tu</controlfield>
  <controlfield tag="008">121012s1645    xx |||||      00| ||lat c</controlfield>
  <datafield tag="024" ind1="7" ind2=" ">
    <subfield code="a">28:722598K</subfield>
    <subfield code="2">vd17</subfield>
  </datafield>
  <datafield tag="026" ind1=" " ind2=" ">
    <subfield code="e">stn. s&amp;m- s.us i*tu C 1645A</subfield>
    <subfield code="2">fei</subfield>
  </datafield>
  <datafield tag="035" ind1=" " ind2=" ">
    <subfield code="a">(DE-627-4)007217951</subfield>
  </datafield>
  <datafield tag="035" ind1=" " ind2=" ">
    <subfield code="a">(DE-599)KXP007217951</subfield>
  </datafield>
  <datafield tag="040" ind1=" " ind2=" ">
    <subfield code="a">DE-627</subfield>
    <subfield code="b">ger</subfield>
    <subfield code="c">DE-627</subfield>
    <subfield code="e">rakwb</subfield>
  </datafield>
  <datafield tag="041" ind1=" " ind2=" ">
    <subfield code="a">lat</subfield>
  </datafield>
  <datafield tag="100" ind1="1" ind2=" ">
    <subfield code="a">Schuckmann, Heinrich</subfield>
    <subfield code="d">1582-1656</subfield>
    <subfield code="0">(DE-588)100869998</subfield>
    <subfield code="0">(DE-627)004099729</subfield>
    <subfield code="0">(DE-576)288682696</subfield>
    <subfield code="4">aut</subfield>
  </datafield>
  <datafield tag="245" ind1="1" ind2="0">
    <subfield code="a">Disputatio Iuris Publici, De Imperio Romano-Germanico</subfield>
    <subfield code="c">Quam Consensu Nobilissimae Amplissimae Facultatis Iuridicae in Alma Rosarum, Praeside ... Dn. Heinrico Schuckman ... Publicae ventilationi proponit Hans Behr/ Nob. Mechelenburg. In Auditorio Maiori ad diem 18. Ianuarii currentis Anni 1645</subfield>
  </datafield>
  <datafield tag="264" ind1=" " ind2="1">
    <subfield code="a">Rostochii</subfield>
    <subfield code="b">Kilius</subfield>
    <subfield code="c">1645</subfield>
  </datafield>
  <datafield tag="300" ind1=" " ind2=" ">
    <subfield code="a">[8] Bl</subfield>
    <subfield code="c">4°</subfield>
  </datafield>
  <datafield tag="336" ind1=" " ind2=" ">
    <subfield code="a">nicht spezifiziert</subfield>
    <subfield code="b">zzz</subfield>
    <subfield code="2">rdacontent</subfield>
  </datafield>
  <datafield tag="337" ind1=" " ind2=" ">
    <subfield code="a">nicht spezifiziert</subfield>
    <subfield code="b">z</subfield>
    <subfield code="2">rdamedia</subfield>
  </datafield>
  <datafield tag="338" ind1=" " ind2=" ">
    <subfield code="a">nicht spezifiziert</subfield>
    <subfield code="b">zu</subfield>
    <subfield code="2">rdacarrier</subfield>
  </datafield>
  <datafield tag="583" ind1="1" ind2=" ">
    <subfield code="a">Digitalisiert</subfield>
    <subfield code="z">Digitalisierung Regional durch UB Rostock</subfield>
    <subfield code="2">pdager</subfield>
  </datafield>
  <datafield tag="655" ind1=" " ind2="7">
    <subfield code="a">Dissertation:jur.</subfield>
    <subfield code="0">(DE-627)006573266</subfield>
    <subfield code="2">local</subfield>
  </datafield>
  <datafield tag="700" ind1="1" ind2=" ">
    <subfield code="a">Behr, Hans</subfield>
    <subfield code="0">(DE-588)102681779X</subfield>
    <subfield code="0">(DE-627)007223757</subfield>
    <subfield code="4">aut</subfield>
  </datafield>
  <datafield tag="700" ind1="0" ind2=" ">
    <subfield code="a">Johann</subfield>
    <subfield code="b">X.</subfield>
    <subfield code="c">Lübeck, Bischof</subfield>
    <subfield code="d">1606-1655</subfield>
    <subfield code="e">WidmungsempfängerIn</subfield>
    <subfield code="0">(DE-588)118712292</subfield>
    <subfield code="0">(DE-627)006346340</subfield>
    <subfield code="0">(DE-576)209326425</subfield>
    <subfield code="4">dte</subfield>
  </datafield>
  <datafield tag="700" ind1="1" ind2=" ">
    <subfield code="a">Cling, Bernhardus</subfield>
    <subfield code="e">BeiträgerIn</subfield>
    <subfield code="4">ctb</subfield>
  </datafield>
  <datafield tag="700" ind1="1" ind2=" ">
    <subfield code="a">Berlichius, Fridericus</subfield>
    <subfield code="e">BeiträgerIn</subfield>
    <subfield code="4">ctb</subfield>
  </datafield>
  <datafield tag="700" ind1="1" ind2=" ">
    <subfield code="a">Holstein, Johan Friederich von</subfield>
    <subfield code="e">BeiträgerIn</subfield>
    <subfield code="4">ctb</subfield>
  </datafield>
  <datafield tag="700" ind1="1" ind2=" ">
    <subfield code="a">Schwabe, Nicolaus</subfield>
    <subfield code="e">BeiträgerIn</subfield>
    <subfield code="4">ctb</subfield>
  </datafield>
  <datafield tag="700" ind1="1" ind2=" ">
    <subfield code="a">Schaffshausen, Lucas Cunradus</subfield>
    <subfield code="e">BeiträgerIn</subfield>
    <subfield code="4">ctb</subfield>
  </datafield>
  <datafield tag="700" ind1="1" ind2=" ">
    <subfield code="a">Keil, Nikolaus</subfield>
    <subfield code="d">-1655</subfield>
    <subfield code="0">(DE-588)103750562X</subfield>
    <subfield code="0">(DE-627)007452691</subfield>
    <subfield code="4">prt</subfield>
  </datafield>
  <datafield tag="710" ind1="2" ind2=" ">
    <subfield code="a">Universität Rostock</subfield>
    <subfield code="4">oth</subfield>
  </datafield>
  <datafield tag="751" ind1=" " ind2=" ">
    <subfield code="a">Rostock</subfield>
    <subfield code="4">pup</subfield>
  </datafield>
  <datafield tag="856" ind1="4" ind2="1">
    <subfield code="u">http://purl.uni-rostock.de/rosdok/ppn731860969</subfield>
    <subfield code="t">// 2012 digitalisiert von: Universitätsbibliothek Rostock. Exemplar mit der Signatur: R.U.-jur 1645 Schuckmann, Heinrich/a</subfield>
    <subfield code="x">Digitalisierung</subfield>
    <subfield code="z">kostenfrei</subfield>
    <subfield code="3">Volltext</subfield>
  </datafield>
  <datafield tag="924" ind1="0" ind2=" ">
    <subfield code="a">007051344</subfield>
    <subfield code="b">DE-28</subfield>
    <subfield code="9">28</subfield>
    <subfield code="c">GBV</subfield>
    <subfield code="g">R.U.-jur 1645 Schuckmann, Heinrich/a</subfield>
    <subfield code="h">28-MAG</subfield>
  </datafield>
  <datafield tag="951" ind1=" " ind2=" ">
    <subfield code="a">BO</subfield>
  </datafield>
</record></zs:recordData><zs:recordPosition>9</zs:recordPosition></zs:record></zs:records><zs:echoedSearchRetrieveRequest><zs:version>2.0</zs:version><zs:query>pica.nid=118712292</zs:query><zs:startRecord>1</zs:startRecord><zs:maximumRecords>500</zs:maximumRecords><zs:recordXMLEscaping>xml</zs:recordXMLEscaping><zs:recordSchema>marcxml</zs:recordSchema></zs:echoedSearchRetrieveRequest><zs:resultCountPrecision>exact</zs:resultCountPrecision></zs:searchRetrieveResponse>
