<?xml version="1.0" encoding="UTF-8"?>
<zs:searchRetrieveResponse xmlns:zs="http://docs.oasis-open.org/ns/search-ws/sruResponse"><zs:numberOfRecords>3</zs:numberOfRecords><zs:records><zs:record><zs:recordSchema>marcxml</zs:recordSchema><zs:recordXMLEscaping>xml</zs:recordXMLEscaping><zs:recordData><record xmlns="http://www.loc.gov/MARC21/slim">
  <leader>     cam a22        4500</leader>
  <controlfield tag="001">007667663</controlfield>
  <controlfield tag="003">DE-627-4</controlfield>
  <controlfield tag="005">20210616090018.0</controlfield>
  <controlfield tag="007">tu</controlfield>
  <controlfield tag="008">140429s1666    xx |||||      00| ||ger c</controlfield>
  <datafield tag="024" ind1="7" ind2=" ">
    <subfield code="a">28:733292E</subfield>
    <subfield code="2">vd17</subfield>
  </datafield>
  <datafield tag="026" ind1=" " ind2=" ">
    <subfield code="e">n.r- s.r. n.ch tusa 3 1666A</subfield>
    <subfield code="2">fei</subfield>
  </datafield>
  <datafield tag="035" ind1=" " ind2=" ">
    <subfield code="a">(DE-627-4)007667663</subfield>
  </datafield>
  <datafield tag="035" ind1=" " ind2=" ">
    <subfield code="a">(DE-599)KXP007667663</subfield>
  </datafield>
  <datafield tag="040" ind1=" " ind2=" ">
    <subfield code="a">DE-627</subfield>
    <subfield code="b">ger</subfield>
    <subfield code="c">DE-627</subfield>
    <subfield code="e">rakwb</subfield>
  </datafield>
  <datafield tag="041" ind1=" " ind2=" ">
    <subfield code="a">ger</subfield>
  </datafield>
  <datafield tag="100" ind1="1" ind2=" ">
    <subfield code="a">Wedel, Johann Caspar</subfield>
    <subfield code="0">(DE-588)1050438698</subfield>
    <subfield code="0">(DE-627)007667701</subfield>
    <subfield code="0">(DE-576)404714587</subfield>
    <subfield code="4">aut</subfield>
  </datafield>
  <datafield tag="245" ind1="1" ind2="0">
    <subfield code="a">Wahrer Christlicher Sachsen-Spiegel. Das ist: Andächtige Gebett und Tägliche Ubungen/ Deß Durchleuchtigsten Fürsten und Herrn/ Herrn Julii Heinrichs/ Regierenden Hertzogen zu Sachsen/ ... In welchem Hochgedacht Ihre Durchl: das End dieses zergänglichen Lebens Christlich und glücklich vorgesehen/ und vermittels dessen seelig erreichet</subfield>
    <subfield code="c">Zu Nutzen ... zusammen getragen/ und ins Tages Liecht gebracht/ Von ... Ihrer Durchl: gewesten geheimbten Cammerdiener Johann Caspar Wedel</subfield>
  </datafield>
  <datafield tag="246" ind1="3" ind2="0">
    <subfield code="a">Gebete Übungen Herzogs Herzog Durchlaucht Ende vergänglichen</subfield>
  </datafield>
  <datafield tag="264" ind1=" " ind2="1">
    <subfield code="a">Prag</subfield>
    <subfield code="b">Goliasch</subfield>
    <subfield code="c">1666</subfield>
  </datafield>
  <datafield tag="300" ind1=" " ind2=" ">
    <subfield code="a">606 S., [5] Bl</subfield>
    <subfield code="c">8°</subfield>
  </datafield>
  <datafield tag="336" ind1=" " ind2=" ">
    <subfield code="a">nicht spezifiziert</subfield>
    <subfield code="b">zzz</subfield>
    <subfield code="2">rdacontent</subfield>
  </datafield>
  <datafield tag="337" ind1=" " ind2=" ">
    <subfield code="a">nicht spezifiziert</subfield>
    <subfield code="b">z</subfield>
    <subfield code="2">rdamedia</subfield>
  </datafield>
  <datafield tag="338" ind1=" " ind2=" ">
    <subfield code="a">nicht spezifiziert</subfield>
    <subfield code="b">zu</subfield>
    <subfield code="2">rdacarrier</subfield>
  </datafield>
  <datafield tag="500" ind1=" " ind2=" ">
    <subfield code="a">Vorlageform des Erscheinungsvermerks: Prag/ Druckts Urban Goliasch/ 1666.</subfield>
  </datafield>
  <datafield tag="583" ind1="1" ind2=" ">
    <subfield code="a">Digitalisiert</subfield>
    <subfield code="z">Digitalisierung Typ 4 durch UB Rostock</subfield>
    <subfield code="2">pdager</subfield>
  </datafield>
  <datafield tag="700" ind1="0" ind2=" ">
    <subfield code="a">Anna Magdalena</subfield>
    <subfield code="c">Sachsen-Lauenburg, Herzogin</subfield>
    <subfield code="d">-1668</subfield>
    <subfield code="e">WidmungsempfängerIn</subfield>
    <subfield code="0">(DE-588)121302946</subfield>
    <subfield code="0">(DE-627)004436997</subfield>
    <subfield code="0">(DE-576)292637675</subfield>
    <subfield code="4">dte</subfield>
  </datafield>
  <datafield tag="700" ind1="0" ind2=" ">
    <subfield code="a">Franz Erdmann</subfield>
    <subfield code="c">Sachsen-Lauenburg, Herzog</subfield>
    <subfield code="d">1629-1666</subfield>
    <subfield code="e">WidmungsempfängerIn</subfield>
    <subfield code="0">(DE-588)1014477336</subfield>
    <subfield code="0">(DE-627)006800505</subfield>
    <subfield code="0">(DE-576)348875770</subfield>
    <subfield code="4">dte</subfield>
  </datafield>
  <datafield tag="700" ind1="0" ind2=" ">
    <subfield code="a">Julius Franz</subfield>
    <subfield code="c">Sachsen-Lauenburg, Herzog</subfield>
    <subfield code="d">1641-1689</subfield>
    <subfield code="e">WidmungsempfängerIn</subfield>
    <subfield code="0">(DE-588)102141126</subfield>
    <subfield code="0">(DE-627)004718712</subfield>
    <subfield code="4">dte</subfield>
  </datafield>
  <datafield tag="700" ind1="1" ind2=" ">
    <subfield code="a">Piccolomini, Maria Benigna Francisca</subfield>
    <subfield code="d">1635-1701</subfield>
    <subfield code="e">WidmungsempfängerIn</subfield>
    <subfield code="0">(DE-588)13208855X</subfield>
    <subfield code="0">(DE-627)005887461</subfield>
    <subfield code="0">(DE-576)298937514</subfield>
    <subfield code="4">dte</subfield>
  </datafield>
  <datafield tag="700" ind1="1" ind2=" ">
    <subfield code="a">Voigt, Julius</subfield>
    <subfield code="e">BeiträgerIn</subfield>
    <subfield code="4">ctb</subfield>
  </datafield>
  <datafield tag="700" ind1="1" ind2=" ">
    <subfield code="a">Mittman, Valerianus</subfield>
    <subfield code="e">BeiträgerIn</subfield>
    <subfield code="4">ctb</subfield>
  </datafield>
  <datafield tag="700" ind1="0" ind2=" ">
    <subfield code="a">Julius Heinrich</subfield>
    <subfield code="c">Sachsen-Lauenburg, Herzog</subfield>
    <subfield code="d">1586-1665</subfield>
    <subfield code="0">(DE-588)121400719</subfield>
    <subfield code="0">(DE-627)004455002</subfield>
    <subfield code="4">oth</subfield>
  </datafield>
  <datafield tag="700" ind1="1" ind2=" ">
    <subfield code="a">Goliáš, Urban Baltazar</subfield>
    <subfield code="0">(DE-588)1037520351</subfield>
    <subfield code="0">(DE-627)007454570</subfield>
    <subfield code="4">prt</subfield>
  </datafield>
  <datafield tag="751" ind1=" " ind2=" ">
    <subfield code="a">Prag</subfield>
    <subfield code="4">pup</subfield>
  </datafield>
  <datafield tag="856" ind1="4" ind2="1">
    <subfield code="u">http://purl.uni-rostock.de/rosdok/ppn787859656</subfield>
    <subfield code="t">// 2014 digitalisiert von: Universitätsbibliothek Rostock. Exemplar mit der Signatur: Fm-3370</subfield>
    <subfield code="x">Digitalisierung</subfield>
    <subfield code="z">kostenfrei</subfield>
    <subfield code="3">Volltext</subfield>
  </datafield>
  <datafield tag="924" ind1="0" ind2=" ">
    <subfield code="a">007436211</subfield>
    <subfield code="b">DE-28</subfield>
    <subfield code="9">28</subfield>
    <subfield code="c">GBV</subfield>
    <subfield code="g">Fm-3370</subfield>
    <subfield code="h">28-MAG</subfield>
  </datafield>
  <datafield tag="951" ind1=" " ind2=" ">
    <subfield code="a">BO</subfield>
  </datafield>
</record></zs:recordData><zs:recordPosition>1</zs:recordPosition></zs:record><zs:record><zs:recordSchema>marcxml</zs:recordSchema><zs:recordXMLEscaping>xml</zs:recordXMLEscaping><zs:recordData><record xmlns="http://www.loc.gov/MARC21/slim">
  <leader>     cam a22        4500</leader>
  <controlfield tag="001">000014915</controlfield>
  <controlfield tag="003">DE-627-4</controlfield>
  <controlfield tag="005">20210604102017.0</controlfield>
  <controlfield tag="007">tu</controlfield>
  <controlfield tag="008">020901s1665    xx |||||      00| ||ger c</controlfield>
  <datafield tag="024" ind1="7" ind2=" ">
    <subfield code="a">23:253529Z</subfield>
    <subfield code="2">vd17</subfield>
  </datafield>
  <datafield tag="026" ind1=" " ind2=" ">
    <subfield code="e">e-u- h-e- d,nd auFe C 1665A</subfield>
    <subfield code="2">fei</subfield>
  </datafield>
  <datafield tag="035" ind1=" " ind2=" ">
    <subfield code="a">(DE-627-4)000014915</subfield>
  </datafield>
  <datafield tag="035" ind1=" " ind2=" ">
    <subfield code="a">(DE-599)KXP000014915</subfield>
  </datafield>
  <datafield tag="040" ind1=" " ind2=" ">
    <subfield code="a">DE-627</subfield>
    <subfield code="b">ger</subfield>
    <subfield code="c">DE-627</subfield>
    <subfield code="e">rakwb</subfield>
  </datafield>
  <datafield tag="041" ind1=" " ind2=" ">
    <subfield code="a">ger</subfield>
    <subfield code="h">ita</subfield>
  </datafield>
  <datafield tag="100" ind1="1" ind2=" ">
    <subfield code="a">Machiavelli, Niccolò</subfield>
    <subfield code="d">1469-1527</subfield>
    <subfield code="0">(DE-588)118575775</subfield>
    <subfield code="0">(DE-627)004691024</subfield>
    <subfield code="0">(DE-576)162070926</subfield>
    <subfield code="4">aut</subfield>
  </datafield>
  <datafield tag="240" ind1="1" ind2="3">
    <subfield code="a">La vita di Castracani da Lucca &lt;dt.&gt;</subfield>
  </datafield>
  <datafield tag="245" ind1="1" ind2="4">
    <subfield code="a">Des Glükkes Wunderbahres Spiel</subfield>
    <subfield code="b">vorgestellet In der Lebens Beschreibung des Castruccio Castracani von Lucca</subfield>
    <subfield code="c">[... durch ... Nicolaus Machiavelli beschrieben, und aus der Welschen mit der Teutschen Feder ... von mihr übersetzet ... Der Fortwuchernde.]</subfield>
  </datafield>
  <datafield tag="246" ind1="3" ind2="0">
    <subfield code="a">Glückes wunderbares Glücks Lebensbeschreibung</subfield>
  </datafield>
  <datafield tag="264" ind1=" " ind2="1">
    <subfield code="a">Grünow</subfield>
    <subfield code="b">Fürstl. Niedersächsche Privilegirte Buchdrukkerei</subfield>
    <subfield code="c">1665</subfield>
  </datafield>
  <datafield tag="300" ind1=" " ind2=" ">
    <subfield code="a">[35] Bl.</subfield>
    <subfield code="c">8°</subfield>
  </datafield>
  <datafield tag="336" ind1=" " ind2=" ">
    <subfield code="a">nicht spezifiziert</subfield>
    <subfield code="b">zzz</subfield>
    <subfield code="2">rdacontent</subfield>
  </datafield>
  <datafield tag="337" ind1=" " ind2=" ">
    <subfield code="a">nicht spezifiziert</subfield>
    <subfield code="b">z</subfield>
    <subfield code="2">rdamedia</subfield>
  </datafield>
  <datafield tag="338" ind1=" " ind2=" ">
    <subfield code="a">nicht spezifiziert</subfield>
    <subfield code="b">zu</subfield>
    <subfield code="2">rdacarrier</subfield>
  </datafield>
  <datafield tag="500" ind1=" " ind2=" ">
    <subfield code="a">Herzog Franz Erdmann von Sachsen-Lauenburg ist Übers. - Verf. im Text genannt</subfield>
  </datafield>
  <datafield tag="500" ind1=" " ind2=" ">
    <subfield code="a">Schlüsselseiten aus Exemplar 456.16 Hist. (HAB Wolfenbüttel)</subfield>
  </datafield>
  <datafield tag="546" ind1=" " ind2=" ">
    <subfield code="a">Aus dem Ital. übers.</subfield>
  </datafield>
  <datafield tag="655" ind1=" " ind2="7">
    <subfield code="a">Roman</subfield>
    <subfield code="0">(DE-627)006572057</subfield>
    <subfield code="2">local</subfield>
  </datafield>
  <datafield tag="655" ind1=" " ind2="7">
    <subfield code="a">Gesellschaftsschrift</subfield>
    <subfield code="0">(DE-627)006572812</subfield>
    <subfield code="2">local</subfield>
  </datafield>
  <datafield tag="700" ind1="0" ind2=" ">
    <subfield code="a">Franz Erdmann</subfield>
    <subfield code="c">Sachsen-Lauenburg, Herzog</subfield>
    <subfield code="d">1629-1666</subfield>
    <subfield code="0">(DE-588)1014477336</subfield>
    <subfield code="0">(DE-627)006800505</subfield>
    <subfield code="0">(DE-576)348875770</subfield>
    <subfield code="4">oth</subfield>
  </datafield>
  <datafield tag="700" ind1="0" ind2=" ">
    <subfield code="a">Fruchtbringende Gesellschaft</subfield>
    <subfield code="e">WidmungsempfängerIn</subfield>
    <subfield code="4">dte</subfield>
  </datafield>
  <datafield tag="700" ind1="1" ind2="2">
    <subfield code="a">Machiavelli, Niccolò</subfield>
    <subfield code="d">1469-1527</subfield>
    <subfield code="t">La vita di Castracani da Lucca &lt;dt.&gt;</subfield>
  </datafield>
  <datafield tag="700" ind1="1" ind2=" ">
    <subfield code="a">Hunholtz, Paul</subfield>
    <subfield code="0">(DE-588)1037651472</subfield>
    <subfield code="0">(DE-627)007487789</subfield>
    <subfield code="4">prt</subfield>
  </datafield>
  <datafield tag="710" ind1="2" ind2=" ">
    <subfield code="a">Fürstl. Niedersächsche Privilegirte Buchdrukkerey</subfield>
    <subfield code="0">(DE-588)1044666560</subfield>
    <subfield code="0">(DE-627)007574339</subfield>
    <subfield code="0">(DE-576)398023115</subfield>
    <subfield code="4">prt</subfield>
  </datafield>
  <datafield tag="751" ind1=" " ind2=" ">
    <subfield code="a">Grönau</subfield>
    <subfield code="4">pup</subfield>
  </datafield>
  <datafield tag="856" ind1="4" ind2="1">
    <subfield code="u">http://diglib.hab.de/drucke/db-834/start.htm</subfield>
    <subfield code="q">image/jpeg</subfield>
    <subfield code="t">digitalisiert von: Herzog August Bibliothek Wolfenbüttel, Exemplar mit der Signatur: Db 834</subfield>
    <subfield code="x">Digitalisierung</subfield>
    <subfield code="z">kostenfrei</subfield>
    <subfield code="3">Volltext</subfield>
  </datafield>
  <datafield tag="924" ind1="0" ind2=" ">
    <subfield code="a">000846600</subfield>
    <subfield code="b">DE-23</subfield>
    <subfield code="9">23</subfield>
    <subfield code="c">GBV</subfield>
    <subfield code="g">456.16 Hist.</subfield>
  </datafield>
  <datafield tag="924" ind1="0" ind2=" ">
    <subfield code="a">000846619</subfield>
    <subfield code="b">DE-23</subfield>
    <subfield code="9">23</subfield>
    <subfield code="c">GBV</subfield>
    <subfield code="g">Db 834</subfield>
  </datafield>
  <datafield tag="951" ind1=" " ind2=" ">
    <subfield code="a">BO</subfield>
  </datafield>
</record></zs:recordData><zs:recordPosition>2</zs:recordPosition></zs:record><zs:record><zs:recordSchema>marcxml</zs:recordSchema><zs:recordXMLEscaping>xml</zs:recordXMLEscaping><zs:recordData><record xmlns="http://www.loc.gov/MARC21/slim">
  <leader>     cam a22        4500</leader>
  <controlfield tag="001">005923980</controlfield>
  <controlfield tag="003">DE-627-4</controlfield>
  <controlfield tag="005">20210611134557.0</controlfield>
  <controlfield tag="007">tu</controlfield>
  <controlfield tag="008">061130s1664    xx |||||      00| ||ger c</controlfield>
  <datafield tag="024" ind1="7" ind2=" ">
    <subfield code="a">75:692307C</subfield>
    <subfield code="2">vd17</subfield>
  </datafield>
  <datafield tag="026" ind1=" " ind2=" ">
    <subfield code="e">ennd s-i- l-ch eume C 1664A</subfield>
    <subfield code="2">fei</subfield>
  </datafield>
  <datafield tag="035" ind1=" " ind2=" ">
    <subfield code="a">(DE-627-4)005923980</subfield>
  </datafield>
  <datafield tag="035" ind1=" " ind2=" ">
    <subfield code="a">(DE-599)KXP005923980</subfield>
  </datafield>
  <datafield tag="040" ind1=" " ind2=" ">
    <subfield code="a">DE-627</subfield>
    <subfield code="b">ger</subfield>
    <subfield code="c">DE-627</subfield>
    <subfield code="e">rakwb</subfield>
  </datafield>
  <datafield tag="041" ind1=" " ind2=" ">
    <subfield code="a">ger</subfield>
  </datafield>
  <datafield tag="245" ind1="1" ind2="0">
    <subfield code="a">Hoch-Fürstliche Sommer-Lust</subfield>
    <subfield code="b">Von Dem Durchleuchtigsten Fürsten und Herrn/ Herrn Frantz Erdtmann/ Hertzoge zu Sachsen/ Engern und Westphalen/ [et]c. In gegenwart etlicher Hoch-Fürstlichen Persohnen/ Vermittelst eines Ballets und Feurwercks/ zu Grünaw den 24. Augusti dieses 1664sten Jahres/ Erfreulich vollenzogen</subfield>
  </datafield>
  <datafield tag="246" ind1="3" ind2="0">
    <subfield code="a">Franz Herzog Westfalen Personen Feuerwerks Grünau</subfield>
  </datafield>
  <datafield tag="264" ind1=" " ind2="1">
    <subfield code="a">Grünaw</subfield>
    <subfield code="b">Hunholtz</subfield>
    <subfield code="c">1664</subfield>
  </datafield>
  <datafield tag="300" ind1=" " ind2=" ">
    <subfield code="a">[20] Bl.</subfield>
    <subfield code="c">4°</subfield>
  </datafield>
  <datafield tag="336" ind1=" " ind2=" ">
    <subfield code="a">nicht spezifiziert</subfield>
    <subfield code="b">zzz</subfield>
    <subfield code="2">rdacontent</subfield>
  </datafield>
  <datafield tag="337" ind1=" " ind2=" ">
    <subfield code="a">nicht spezifiziert</subfield>
    <subfield code="b">z</subfield>
    <subfield code="2">rdamedia</subfield>
  </datafield>
  <datafield tag="338" ind1=" " ind2=" ">
    <subfield code="a">nicht spezifiziert</subfield>
    <subfield code="b">zu</subfield>
    <subfield code="2">rdacarrier</subfield>
  </datafield>
  <datafield tag="500" ind1=" " ind2=" ">
    <subfield code="a">Schlüsselseiten aus dem Exemplar der StB Nürnberg: Will. III. 814(17). 4°</subfield>
  </datafield>
  <datafield tag="500" ind1=" " ind2=" ">
    <subfield code="a">Vorlageform des Erscheinungsvermerks: In der Fürstl. Niedersachschen Druckerey zu Grünaw/ Druckts Paul Hunholtz.</subfield>
  </datafield>
  <datafield tag="655" ind1=" " ind2="7">
    <subfield code="a">Festbeschreibung</subfield>
    <subfield code="0">(DE-627)006573185</subfield>
    <subfield code="2">local</subfield>
  </datafield>
  <datafield tag="700" ind1="0" ind2=" ">
    <subfield code="a">Franz Erdmann</subfield>
    <subfield code="c">Sachsen-Lauenburg, Herzog</subfield>
    <subfield code="d">1629-1666</subfield>
    <subfield code="0">(DE-588)1014477336</subfield>
    <subfield code="0">(DE-627)006800505</subfield>
    <subfield code="0">(DE-576)348875770</subfield>
    <subfield code="4">oth</subfield>
  </datafield>
  <datafield tag="700" ind1="1" ind2=" ">
    <subfield code="a">Hunholtz, Paul</subfield>
    <subfield code="0">(DE-588)1037651472</subfield>
    <subfield code="0">(DE-627)007487789</subfield>
    <subfield code="4">prt</subfield>
  </datafield>
  <datafield tag="710" ind1="2" ind2=" ">
    <subfield code="a">Fürstl. Niedersächsche Privilegirte Buchdrukkerey</subfield>
    <subfield code="0">(DE-588)1044666560</subfield>
    <subfield code="0">(DE-627)007574339</subfield>
    <subfield code="0">(DE-576)398023115</subfield>
    <subfield code="4">prt</subfield>
  </datafield>
  <datafield tag="751" ind1=" " ind2=" ">
    <subfield code="a">Grönau</subfield>
    <subfield code="4">pup</subfield>
  </datafield>
  <datafield tag="924" ind1="0" ind2=" ">
    <subfield code="a">006916953</subfield>
    <subfield code="b">DE-35</subfield>
    <subfield code="9">35</subfield>
    <subfield code="c">GBV</subfield>
    <subfield code="g">G-A 2725</subfield>
    <subfield code="h">ZEN</subfield>
  </datafield>
  <datafield tag="951" ind1=" " ind2=" ">
    <subfield code="a">BO</subfield>
  </datafield>
</record></zs:recordData><zs:recordPosition>3</zs:recordPosition></zs:record></zs:records><zs:echoedSearchRetrieveRequest><zs:version>2.0</zs:version><zs:query>pica.nid=1014477336</zs:query><zs:startRecord>1</zs:startRecord><zs:maximumRecords>500</zs:maximumRecords><zs:recordXMLEscaping>xml</zs:recordXMLEscaping><zs:recordSchema>marcxml</zs:recordSchema></zs:echoedSearchRetrieveRequest><zs:resultCountPrecision>exact</zs:resultCountPrecision></zs:searchRetrieveResponse>
