<?xml version="1.0" encoding="UTF-8"?>
<zs:searchRetrieveResponse xmlns:zs="http://docs.oasis-open.org/ns/search-ws/sruResponse"><zs:numberOfRecords>5</zs:numberOfRecords><zs:records><zs:record><zs:recordSchema>marcxml</zs:recordSchema><zs:recordXMLEscaping>xml</zs:recordXMLEscaping><zs:recordData><record xmlns="http://www.loc.gov/MARC21/slim">
  <leader>     cam a22        4500</leader>
  <controlfield tag="001">005674611</controlfield>
  <controlfield tag="003">DE-627-4</controlfield>
  <controlfield tag="005">20200224222608.0</controlfield>
  <controlfield tag="007">tu</controlfield>
  <controlfield tag="008">051104s1640    xx |||||      00| ||ger c</controlfield>
  <datafield tag="024" ind1="7" ind2=" ">
    <subfield code="a">1:676655X</subfield>
    <subfield code="2">vd17</subfield>
  </datafield>
  <datafield tag="026" ind1=" " ind2=" ">
    <subfield code="e">n.nd n.n. n.it bude C 1640Q</subfield>
    <subfield code="2">fei</subfield>
  </datafield>
  <datafield tag="035" ind1=" " ind2=" ">
    <subfield code="a">(DE-627-4)005674611</subfield>
  </datafield>
  <datafield tag="035" ind1=" " ind2=" ">
    <subfield code="a">(DE-599)KXP005674611</subfield>
  </datafield>
  <datafield tag="040" ind1=" " ind2=" ">
    <subfield code="a">DE-627</subfield>
    <subfield code="b">ger</subfield>
    <subfield code="c">DE-627</subfield>
    <subfield code="e">rakwb</subfield>
  </datafield>
  <datafield tag="041" ind1=" " ind2=" ">
    <subfield code="a">ger</subfield>
  </datafield>
  <datafield tag="245" ind1="1" ind2="0">
    <subfield code="a">KirchenOrdnung/ Wie es mit der reinen Lehr des Evangelii/ Administration der heiligen Sacrament/ Annehmung/ Verhörung und Bestettigung der Prediger/ Ordentlichen Ceremonien in den Kirchen/ Visitation und Synodis, in der Graffschafft Waldeck einhelliglich gehalten werden soll</subfield>
    <subfield code="b">Anno Domini 1556</subfield>
  </datafield>
  <datafield tag="246" ind1="3" ind2="0">
    <subfield code="a">Lehre Sakramente Bestätigung Zeremonien Kirche</subfield>
  </datafield>
  <datafield tag="250" ind1=" " ind2=" ">
    <subfield code="a">Jetzt vom newen ubersehen/ und auff gnädigen Befelch der ... Herrn Wolrats/ Herrn Philipsen/ Herrn Philipsen Theodorn/ und Herrn Johans/ Gevettern/ Bruder/ Vatter und Sohn Grafen zu Waldeck/ und Piermont ... Abermals publiciret, und ... nachgetruckt Im Jahr Christi 1640.</subfield>
  </datafield>
  <datafield tag="264" ind1=" " ind2="1">
    <subfield code="a">[S.l.]</subfield>
    <subfield code="c">1640</subfield>
  </datafield>
  <datafield tag="300" ind1=" " ind2=" ">
    <subfield code="a">[84] Bl.</subfield>
    <subfield code="c">4°</subfield>
  </datafield>
  <datafield tag="336" ind1=" " ind2=" ">
    <subfield code="a">nicht spezifiziert</subfield>
    <subfield code="b">zzz</subfield>
    <subfield code="2">rdacontent</subfield>
  </datafield>
  <datafield tag="337" ind1=" " ind2=" ">
    <subfield code="a">nicht spezifiziert</subfield>
    <subfield code="b">z</subfield>
    <subfield code="2">rdamedia</subfield>
  </datafield>
  <datafield tag="338" ind1=" " ind2=" ">
    <subfield code="a">nicht spezifiziert</subfield>
    <subfield code="b">zu</subfield>
    <subfield code="2">rdacarrier</subfield>
  </datafield>
  <datafield tag="500" ind1=" " ind2=" ">
    <subfield code="a">Schlüsselseiten aus dem Exemplar der SBB-PK Berlin: Dr 18061</subfield>
  </datafield>
  <datafield tag="500" ind1=" " ind2=" ">
    <subfield code="a">Signaturformel: A - X4</subfield>
  </datafield>
  <datafield tag="500" ind1=" " ind2=" ">
    <subfield code="a">Ausgabebezeichnung von der Rückseite des Titelblatts. - Druckvermerk am Ende: Jetzt auffs new Gedruckt im Jahr 1640.</subfield>
  </datafield>
  <datafield tag="655" ind1=" " ind2="7">
    <subfield code="a">Verordnung</subfield>
    <subfield code="0">(DE-627)006571840</subfield>
    <subfield code="2">local</subfield>
  </datafield>
  <datafield tag="700" ind1="0" ind2=" ">
    <subfield code="a">Wolrad</subfield>
    <subfield code="b">IV.</subfield>
    <subfield code="c">Waldeck, Graf</subfield>
    <subfield code="d">1588-1640</subfield>
    <subfield code="0">(DE-588)104194650</subfield>
    <subfield code="0">(DE-627)004145631</subfield>
    <subfield code="4">oth</subfield>
  </datafield>
  <datafield tag="700" ind1="0" ind2=" ">
    <subfield code="a">Philipp</subfield>
    <subfield code="b">VII.</subfield>
    <subfield code="c">Waldeck, Graf</subfield>
    <subfield code="d">1613-1645</subfield>
    <subfield code="0">(DE-588)130494836</subfield>
    <subfield code="0">(DE-627)005674816</subfield>
    <subfield code="0">(DE-576)298230089</subfield>
    <subfield code="4">oth</subfield>
  </datafield>
  <datafield tag="700" ind1="0" ind2=" ">
    <subfield code="a">Philipp Theodor</subfield>
    <subfield code="c">Waldeck, Graf</subfield>
    <subfield code="d">1614-1645</subfield>
    <subfield code="0">(DE-588)130494852</subfield>
    <subfield code="0">(DE-627)005674824</subfield>
    <subfield code="4">oth</subfield>
  </datafield>
  <datafield tag="700" ind1="0" ind2=" ">
    <subfield code="a">Johann</subfield>
    <subfield code="b">II.</subfield>
    <subfield code="c">Waldeck, Graf</subfield>
    <subfield code="d">1623-1668</subfield>
    <subfield code="0">(DE-588)130494909</subfield>
    <subfield code="0">(DE-627)005674840</subfield>
    <subfield code="0">(DE-576)298230135</subfield>
    <subfield code="4">oth</subfield>
  </datafield>
  <datafield tag="710" ind1="2" ind2=" ">
    <subfield code="a">Grafschaft Waldeck</subfield>
    <subfield code="4">oth</subfield>
  </datafield>
  <datafield tag="924" ind1="0" ind2=" ">
    <subfield code="a">005225566</subfield>
    <subfield code="b">DE-1a</subfield>
    <subfield code="9">1a</subfield>
    <subfield code="c">GBV</subfield>
    <subfield code="d">b</subfield>
    <subfield code="g">Dr 18061</subfield>
    <subfield code="h">6</subfield>
  </datafield>
  <datafield tag="924" ind1="0" ind2=" ">
    <subfield code="a">006589316</subfield>
    <subfield code="b">DE-7</subfield>
    <subfield code="9">7</subfield>
    <subfield code="c">GBV</subfield>
    <subfield code="g">8 J STAT II, 8339</subfield>
    <subfield code="h">HG-MAG</subfield>
  </datafield>
  <datafield tag="924" ind1="0" ind2=" ">
    <subfield code="a">00681042X</subfield>
    <subfield code="b">DE-32</subfield>
    <subfield code="9">32</subfield>
    <subfield code="c">GBV</subfield>
    <subfield code="d">b</subfield>
    <subfield code="g">19 A 19240</subfield>
  </datafield>
  <datafield tag="951" ind1=" " ind2=" ">
    <subfield code="a">BO</subfield>
  </datafield>
</record></zs:recordData><zs:recordPosition>1</zs:recordPosition></zs:record><zs:record><zs:recordSchema>marcxml</zs:recordSchema><zs:recordXMLEscaping>xml</zs:recordXMLEscaping><zs:recordData><record xmlns="http://www.loc.gov/MARC21/slim">
  <leader>     cam a22        4500</leader>
  <controlfield tag="001">000772836</controlfield>
  <controlfield tag="003">DE-627-4</controlfield>
  <controlfield tag="005">20210610114338.0</controlfield>
  <controlfield tag="007">tu</controlfield>
  <controlfield tag="008">020901s1640    xx |||||      00| ||ger c</controlfield>
  <datafield tag="024" ind1="7" ind2=" ">
    <subfield code="a">23:243528P</subfield>
    <subfield code="2">vd17</subfield>
  </datafield>
  <datafield tag="026" ind1=" " ind2=" ">
    <subfield code="e">n.nd n.n. n.it bude C 1640A</subfield>
    <subfield code="2">fei</subfield>
  </datafield>
  <datafield tag="035" ind1=" " ind2=" ">
    <subfield code="a">(DE-627-4)000772836</subfield>
  </datafield>
  <datafield tag="035" ind1=" " ind2=" ">
    <subfield code="a">(DE-599)KXP000772836</subfield>
  </datafield>
  <datafield tag="040" ind1=" " ind2=" ">
    <subfield code="a">DE-627</subfield>
    <subfield code="b">ger</subfield>
    <subfield code="c">DE-627</subfield>
    <subfield code="e">rakwb</subfield>
  </datafield>
  <datafield tag="041" ind1=" " ind2=" ">
    <subfield code="a">ger</subfield>
  </datafield>
  <datafield tag="245" ind1="1" ind2="0">
    <subfield code="a">KirchenOrdnung/ Wie es mit der reinen Lehr des Evangelii/ Administration der heiligen Sacramenten/ Annehmung/ Verhörung und Bestettigung der Prediger/ Ordentlichen Ceremonien in den Kirchen/ Visitation und Synodis, In der Graffschafft Waldeck Einhelliglich gehalten werden soll</subfield>
    <subfield code="b">Anno Domini 1556.</subfield>
  </datafield>
  <datafield tag="246" ind1="3" ind2="0">
    <subfield code="a">Lehre Sakramente Bestätigung Zeremonien Kirche</subfield>
  </datafield>
  <datafield tag="250" ind1=" " ind2=" ">
    <subfield code="a">Jetzt vom newen ubersehen/ und auff gnädigen Befelch der ... Herrn Christians und Herrn Wolrats Gebrüdern/ Graffen zu Waldeck/ und Piermont ... publiciret/ und ... nachgetruckt Im Jahr Christi 1637.</subfield>
  </datafield>
  <datafield tag="264" ind1=" " ind2="1">
    <subfield code="a">[S.l.]</subfield>
    <subfield code="c">1640</subfield>
  </datafield>
  <datafield tag="300" ind1=" " ind2=" ">
    <subfield code="a">[84] Bl.</subfield>
    <subfield code="b">Noten</subfield>
    <subfield code="c">4°</subfield>
  </datafield>
  <datafield tag="336" ind1=" " ind2=" ">
    <subfield code="a">nicht spezifiziert</subfield>
    <subfield code="b">zzz</subfield>
    <subfield code="2">rdacontent</subfield>
  </datafield>
  <datafield tag="337" ind1=" " ind2=" ">
    <subfield code="a">nicht spezifiziert</subfield>
    <subfield code="b">z</subfield>
    <subfield code="2">rdamedia</subfield>
  </datafield>
  <datafield tag="338" ind1=" " ind2=" ">
    <subfield code="a">nicht spezifiziert</subfield>
    <subfield code="b">zu</subfield>
    <subfield code="2">rdacarrier</subfield>
  </datafield>
  <datafield tag="500" ind1=" " ind2=" ">
    <subfield code="a">Schlüsselseiten aus dem Exemplar der HAB Wolfenbüttel: Xb 3880</subfield>
  </datafield>
  <datafield tag="500" ind1=" " ind2=" ">
    <subfield code="a">Signaturformel: A - X4</subfield>
  </datafield>
  <datafield tag="500" ind1=" " ind2=" ">
    <subfield code="a">Ausgabebezeichnung von der Rückseite des Titelblatts. - Druckvermerk am Ende: Jetzt auffs new Gedruckt im Jahr 1640.</subfield>
  </datafield>
  <datafield tag="655" ind1=" " ind2="7">
    <subfield code="a">Verordnung</subfield>
    <subfield code="0">(DE-627)006571840</subfield>
    <subfield code="2">local</subfield>
  </datafield>
  <datafield tag="700" ind1="0" ind2=" ">
    <subfield code="a">Christian</subfield>
    <subfield code="c">Waldeck, Graf</subfield>
    <subfield code="d">1585-1637</subfield>
    <subfield code="0">(DE-588)104194693</subfield>
    <subfield code="0">(DE-627)00414564X</subfield>
    <subfield code="4">oth</subfield>
  </datafield>
  <datafield tag="700" ind1="0" ind2=" ">
    <subfield code="a">Wolrad</subfield>
    <subfield code="b">IV.</subfield>
    <subfield code="c">Waldeck, Graf</subfield>
    <subfield code="d">1588-1640</subfield>
    <subfield code="0">(DE-588)104194650</subfield>
    <subfield code="0">(DE-627)004145631</subfield>
    <subfield code="4">oth</subfield>
  </datafield>
  <datafield tag="710" ind1="2" ind2=" ">
    <subfield code="a">Grafschaft Waldeck</subfield>
    <subfield code="4">oth</subfield>
  </datafield>
  <datafield tag="856" ind1="4" ind2="1">
    <subfield code="u">http://mdz-nbn-resolving.de/urn:nbn:de:bvb:12-bsb11318257-7</subfield>
    <subfield code="t">// 2016 digitalisiert von: Bayerische Staatsbibliothek. Exemplar mit der Signatur: München, Bayerische Staatsbibliothek -- Liturg. 1465 d</subfield>
    <subfield code="x">Digitalisierung</subfield>
    <subfield code="z">kostenfrei</subfield>
    <subfield code="3">Volltext</subfield>
  </datafield>
  <datafield tag="924" ind1="0" ind2=" ">
    <subfield code="a">000226882</subfield>
    <subfield code="b">DE-1a</subfield>
    <subfield code="9">1a</subfield>
    <subfield code="c">GBV</subfield>
    <subfield code="d">b</subfield>
    <subfield code="g">Dr 18061/1</subfield>
    <subfield code="h">6</subfield>
  </datafield>
  <datafield tag="924" ind1="0" ind2=" ">
    <subfield code="a">005225167</subfield>
    <subfield code="b">DE-1a</subfield>
    <subfield code="9">1a</subfield>
    <subfield code="c">GBV</subfield>
    <subfield code="d">b</subfield>
    <subfield code="g">Dr 18061/2</subfield>
    <subfield code="h">6</subfield>
  </datafield>
  <datafield tag="924" ind1="0" ind2=" ">
    <subfield code="a">001474685</subfield>
    <subfield code="b">DE-23</subfield>
    <subfield code="9">23</subfield>
    <subfield code="c">GBV</subfield>
    <subfield code="g">Xb 3880</subfield>
  </datafield>
  <datafield tag="951" ind1=" " ind2=" ">
    <subfield code="a">BO</subfield>
  </datafield>
</record></zs:recordData><zs:recordPosition>2</zs:recordPosition></zs:record><zs:record><zs:recordSchema>marcxml</zs:recordSchema><zs:recordXMLEscaping>xml</zs:recordXMLEscaping><zs:recordData><record xmlns="http://www.loc.gov/MARC21/slim">
  <leader>     cam a22        4500</leader>
  <controlfield tag="001">000624543</controlfield>
  <controlfield tag="003">DE-627-4</controlfield>
  <controlfield tag="005">20200310211037.0</controlfield>
  <controlfield tag="007">tu</controlfield>
  <controlfield tag="008">020901s1622    xx |||||      00| ||ger c</controlfield>
  <datafield tag="024" ind1="7" ind2=" ">
    <subfield code="a">14:075877U</subfield>
    <subfield code="2">vd17</subfield>
  </datafield>
  <datafield tag="026" ind1=" " ind2=" ">
    <subfield code="e">ndh- h-e- ngs- se8. 3 1622A</subfield>
    <subfield code="2">fei</subfield>
  </datafield>
  <datafield tag="035" ind1=" " ind2=" ">
    <subfield code="a">(DE-627-4)000624543</subfield>
  </datafield>
  <datafield tag="035" ind1=" " ind2=" ">
    <subfield code="a">(DE-599)KXP000624543</subfield>
  </datafield>
  <datafield tag="040" ind1=" " ind2=" ">
    <subfield code="a">DE-627</subfield>
    <subfield code="b">ger</subfield>
    <subfield code="c">DE-627</subfield>
    <subfield code="e">rakwb</subfield>
  </datafield>
  <datafield tag="041" ind1=" " ind2=" ">
    <subfield code="a">ger</subfield>
  </datafield>
  <datafield tag="245" ind1="1" ind2="4">
    <subfield code="a">Der Stadt Corbach Warhaffter Gegenbericht Ihres begrundten Rechtens/ Freyheiten/ Privilegien/ Gewonheiten und Gerechtigkeiten/ und Erzehlung der Geschicht/ von den ... Herrn Christian und Herrn Wolradt/ Graven und Herrn zu Waldeck ... Ihnen vielfaltig zugefügter Beschwerungen/ Trangsalen/ Schaden/ Abnahmen/ Feindlicher Uberziehung/ Vergewaltigung und Abnötigung eines Ihnen hochschädlichen Vertrags ...</subfield>
    <subfield code="b">Mit einverleibter protestation, eventual petition veniae, Rechtmessigen contradiction, retorsion und reservation ; Wieder im vergangenen Jahr durch Ihre Mißgünstige divulgirten Abdruck der Geschicht [et]c. So viel sie darinnen berühret</subfield>
  </datafield>
  <datafield tag="246" ind1="3" ind2="0">
    <subfield code="a">Korbach Wahrhafter begründeten Rechts Freiheiten Gewohnheiten Erzählung Geschichte Grafen Überziehung</subfield>
  </datafield>
  <datafield tag="264" ind1=" " ind2="1">
    <subfield code="a">Cassel</subfield>
    <subfield code="b">Wessel</subfield>
    <subfield code="c">1622</subfield>
  </datafield>
  <datafield tag="300" ind1=" " ind2=" ">
    <subfield code="a">[1] Bl., 184 [i.e.180] S., [1] Bl</subfield>
    <subfield code="c">4°</subfield>
  </datafield>
  <datafield tag="336" ind1=" " ind2=" ">
    <subfield code="a">nicht spezifiziert</subfield>
    <subfield code="b">zzz</subfield>
    <subfield code="2">rdacontent</subfield>
  </datafield>
  <datafield tag="337" ind1=" " ind2=" ">
    <subfield code="a">nicht spezifiziert</subfield>
    <subfield code="b">z</subfield>
    <subfield code="2">rdamedia</subfield>
  </datafield>
  <datafield tag="338" ind1=" " ind2=" ">
    <subfield code="a">nicht spezifiziert</subfield>
    <subfield code="b">zu</subfield>
    <subfield code="2">rdacarrier</subfield>
  </datafield>
  <datafield tag="500" ind1=" " ind2=" ">
    <subfield code="a">Schlüsselseiten aus dem Exemplar der SLUB Dresden: Hist.urb.Germ.430</subfield>
  </datafield>
  <datafield tag="500" ind1=" " ind2=" ">
    <subfield code="a">Signaturformel: A-Q4, R2, S-Z4, Aa2</subfield>
  </datafield>
  <datafield tag="501" ind1=" " ind2=" ">
    <subfield code="a">Enth. außerdem: Documenta und Beylagen Zu der Stadt Corbach Gegenbericht contra Waldeck gehörig</subfield>
  </datafield>
  <datafield tag="655" ind1=" " ind2="7">
    <subfield code="a">Streitschrift:polit.</subfield>
    <subfield code="0">(DE-627)00657193X</subfield>
    <subfield code="2">local</subfield>
  </datafield>
  <datafield tag="655" ind1=" " ind2="7">
    <subfield code="a">Regesten</subfield>
    <subfield code="0">(DE-627)006572081</subfield>
    <subfield code="2">local</subfield>
  </datafield>
  <datafield tag="700" ind1="0" ind2=" ">
    <subfield code="a">Christian</subfield>
    <subfield code="c">Waldeck, Graf</subfield>
    <subfield code="d">1585-1637</subfield>
    <subfield code="0">(DE-588)104194693</subfield>
    <subfield code="0">(DE-627)00414564X</subfield>
    <subfield code="4">oth</subfield>
  </datafield>
  <datafield tag="700" ind1="0" ind2=" ">
    <subfield code="a">Wolrad</subfield>
    <subfield code="b">IV.</subfield>
    <subfield code="c">Waldeck, Graf</subfield>
    <subfield code="d">1588-1640</subfield>
    <subfield code="0">(DE-588)104194650</subfield>
    <subfield code="0">(DE-627)004145631</subfield>
    <subfield code="4">oth</subfield>
  </datafield>
  <datafield tag="700" ind1="1" ind2=" ">
    <subfield code="a">Wessel, Wilhelm</subfield>
    <subfield code="d">1564-1626</subfield>
    <subfield code="0">(DE-588)115449000</subfield>
    <subfield code="0">(DE-627)004195515</subfield>
    <subfield code="4">prt</subfield>
  </datafield>
  <datafield tag="710" ind1="2" ind2=" ">
    <subfield code="a">Korbach</subfield>
    <subfield code="4">oth</subfield>
  </datafield>
  <datafield tag="751" ind1=" " ind2=" ">
    <subfield code="a">Kassel</subfield>
    <subfield code="4">pup</subfield>
  </datafield>
  <datafield tag="856" ind1="4" ind2="1">
    <subfield code="u">http://digital.slub-dresden.de/id38344957X</subfield>
    <subfield code="t">// 2013 digitalisiert von: SLUB Dresden. Exemplar mit der Signatur: Hist.urb.Germ.430</subfield>
    <subfield code="x">Digitalisierung</subfield>
    <subfield code="z">kostenfrei</subfield>
    <subfield code="3">Volltext</subfield>
  </datafield>
  <datafield tag="924" ind1="0" ind2=" ">
    <subfield code="a">006430201</subfield>
    <subfield code="b">DE-7</subfield>
    <subfield code="9">7</subfield>
    <subfield code="c">GBV</subfield>
    <subfield code="g">8 DEDUCT C 100/c</subfield>
    <subfield code="h">HG-MAG</subfield>
  </datafield>
  <datafield tag="924" ind1="0" ind2=" ">
    <subfield code="a">000172359</subfield>
    <subfield code="b">DE-14</subfield>
    <subfield code="9">14</subfield>
    <subfield code="c">BSZ</subfield>
    <subfield code="d">c</subfield>
    <subfield code="g">Hist.urb.Germ.430</subfield>
  </datafield>
  <datafield tag="951" ind1=" " ind2=" ">
    <subfield code="a">BO</subfield>
  </datafield>
</record></zs:recordData><zs:recordPosition>3</zs:recordPosition></zs:record><zs:record><zs:recordSchema>marcxml</zs:recordSchema><zs:recordXMLEscaping>xml</zs:recordXMLEscaping><zs:recordData><record xmlns="http://www.loc.gov/MARC21/slim">
  <leader>     cam a22        4500</leader>
  <controlfield tag="001">022198334</controlfield>
  <controlfield tag="003">DE-627-4</controlfield>
  <controlfield tag="005">20211126182648.0</controlfield>
  <controlfield tag="007">tu</controlfield>
  <controlfield tag="008">211026s1619    xx |||||      00| ||ger c</controlfield>
  <datafield tag="024" ind1="7" ind2=" ">
    <subfield code="a">12:752611U</subfield>
    <subfield code="2">vd17</subfield>
  </datafield>
  <datafield tag="026" ind1=" " ind2=" ">
    <subfield code="e">n.n, enem ndh- n-n, S 1619T</subfield>
    <subfield code="2">fei</subfield>
  </datafield>
  <datafield tag="035" ind1=" " ind2=" ">
    <subfield code="a">(DE-627-4)022198334</subfield>
  </datafield>
  <datafield tag="035" ind1=" " ind2=" ">
    <subfield code="a">(DE-599)KXP022198334</subfield>
  </datafield>
  <datafield tag="040" ind1=" " ind2=" ">
    <subfield code="a">DE-627</subfield>
    <subfield code="b">ger</subfield>
    <subfield code="c">DE-627</subfield>
    <subfield code="e">rda</subfield>
  </datafield>
  <datafield tag="041" ind1=" " ind2=" ">
    <subfield code="a">ger</subfield>
  </datafield>
  <datafield tag="130" ind1="0" ind2=" ">
    <subfield code="a">Wir Ferdinandt der Ander von Gottes Gnaden erwölter römischer Käyser ... bekennen offendtlich mit diesem Brieff und thun kundt allermänniglich, daß uns die edle unsere und deß Reichs liebe Getrewen, Christian und Wolrath, Graffen zu Waldeck, Gebrüdere, in glaubwirdigem Schein vorgebracht, einen Schutz und Schirmbrieff, welcher ihnen unlängst, unter deß h. Reichs Interregno ... gegeben und mitgetheilet worden ist</subfield>
  </datafield>
  <datafield tag="245" ind1="1" ind2="0">
    <subfield code="a">Wjr Ferdinandt der Ander von Gottes Gnaden Erwölter Römischer Käyser ... Bekennen offendtlich mit diesem Brieff vnd thun kundt allermänniglich/ daß vns die Edle vnsere vnd deß Reichs liebe Getrewen/ Christian vnd Wolrath/ Graffen zu Waldeck/ Gebrüdere/ in glaubwirdigem Schein vorgebracht/ einen Schutz vnd Schirmbrieff/ welcher Jhnen vnlängst/ vnter deß H. Reichs Interregno ... gegeben vnd mitgetheilet worden ist ...</subfield>
    <subfield code="b">Der geben ist in Vnser vnd deß heiligen Reichs Statt Franckfort am Mäyn den sechtzehenden tag deß Monats Septembris ... im sechtzehenhundert vnd neuntzehenden ... Jahren</subfield>
  </datafield>
  <datafield tag="246" ind1="3" ind2="0">
    <subfield code="a">erwählter Kaiser öffentlich Brief Getreuen Grafen Schutz- und Schirmbrief glaubwürdigem mitgeteilt Stadt Frankfurt Main 16 September</subfield>
  </datafield>
  <datafield tag="264" ind1=" " ind2="1">
    <subfield code="a">[Erscheinungsort nicht ermittelbar]</subfield>
    <subfield code="b">[Verlag nicht ermittelbar]</subfield>
    <subfield code="c">[1619]</subfield>
  </datafield>
  <datafield tag="300" ind1=" " ind2=" ">
    <subfield code="a">1 Bogen</subfield>
    <subfield code="c">circa 44 x 58,5 cm</subfield>
  </datafield>
  <datafield tag="336" ind1=" " ind2=" ">
    <subfield code="a">Text</subfield>
    <subfield code="b">txt</subfield>
    <subfield code="2">rdacontent</subfield>
  </datafield>
  <datafield tag="337" ind1=" " ind2=" ">
    <subfield code="a">ohne Hilfsmittel zu benutzen</subfield>
    <subfield code="b">n</subfield>
    <subfield code="2">rdamedia</subfield>
  </datafield>
  <datafield tag="338" ind1=" " ind2=" ">
    <subfield code="a">Blatt</subfield>
    <subfield code="b">nb</subfield>
    <subfield code="2">rdacarrier</subfield>
  </datafield>
  <datafield tag="500" ind1=" " ind2=" ">
    <subfield code="a">Satzspiegel: 34 x 37,3 cm</subfield>
  </datafield>
  <datafield tag="655" ind1=" " ind2="7">
    <subfield code="a">Einblattdruck</subfield>
    <subfield code="0">(DE-627)006573231</subfield>
    <subfield code="2">local</subfield>
  </datafield>
  <datafield tag="655" ind1=" " ind2="7">
    <subfield code="a">Verordnung</subfield>
    <subfield code="0">(DE-627)006571840</subfield>
    <subfield code="2">local</subfield>
  </datafield>
  <datafield tag="700" ind1="0" ind2=" ">
    <subfield code="a">Ferdinand</subfield>
    <subfield code="b">II.</subfield>
    <subfield code="c">Heiliges Römisches Reich, Kaiser</subfield>
    <subfield code="d">1578-1637</subfield>
    <subfield code="e">HerausgeberIn</subfield>
    <subfield code="0">(DE-588)118532510</subfield>
    <subfield code="0">(DE-627)004062884</subfield>
    <subfield code="4">edt</subfield>
  </datafield>
  <datafield tag="700" ind1="0" ind2=" ">
    <subfield code="a">Christian</subfield>
    <subfield code="c">Waldeck, Graf</subfield>
    <subfield code="d">1585-1637</subfield>
    <subfield code="e">ErwähnteR</subfield>
    <subfield code="0">(DE-588)104194693</subfield>
    <subfield code="0">(DE-627)00414564X</subfield>
    <subfield code="4">oth</subfield>
  </datafield>
  <datafield tag="700" ind1="0" ind2=" ">
    <subfield code="a">Wolrad</subfield>
    <subfield code="b">IV.</subfield>
    <subfield code="c">Waldeck, Graf</subfield>
    <subfield code="d">1588-1640</subfield>
    <subfield code="e">ErwähnteR</subfield>
    <subfield code="0">(DE-588)104194650</subfield>
    <subfield code="0">(DE-627)004145631</subfield>
    <subfield code="4">oth</subfield>
  </datafield>
  <datafield tag="856" ind1="4" ind2="1">
    <subfield code="u">http://mdz-nbn-resolving.de/urn:nbn:de:bvb:12-bsb00095699-0</subfield>
    <subfield code="t">// 2016 digitalisiert von: Bayerische Staatsbibliothek. Exemplar mit der Signatur: München, Bayerische Staatsbibliothek -- Einbl. XI,782</subfield>
    <subfield code="x">Digitalisierung</subfield>
    <subfield code="z">kostenfrei</subfield>
    <subfield code="3">Volltext</subfield>
  </datafield>
  <datafield tag="856" ind1="4" ind2="1">
    <subfield code="u">http://mdz-nbn-resolving.de/urn:nbn:de:bvb:12-bsb00095760-0</subfield>
    <subfield code="t">// 2016 digitalisiert von: Bayerische Staatsbibliothek. Exemplar mit der Signatur: München, Bayerische Staatsbibliothek -- Einbl. XI,807</subfield>
    <subfield code="x">Digitalisierung</subfield>
    <subfield code="z">kostenfrei</subfield>
    <subfield code="3">Volltext</subfield>
  </datafield>
  <datafield tag="856" ind1="4" ind2="1">
    <subfield code="u">http://mdz-nbn-resolving.de/urn:nbn:de:bvb:12-bsb00095598-5</subfield>
    <subfield code="t">// 2015 digitalisiert von: Bayerische Staatsbibliothek. Exemplar mit der Signatur: München, Bayerische Staatsbibliothek -- Einbl. XI,937</subfield>
    <subfield code="x">Digitalisierung</subfield>
    <subfield code="z">kostenfrei</subfield>
    <subfield code="3">Volltext</subfield>
  </datafield>
  <datafield tag="951" ind1=" " ind2=" ">
    <subfield code="a">BO</subfield>
  </datafield>
</record></zs:recordData><zs:recordPosition>4</zs:recordPosition></zs:record><zs:record><zs:recordSchema>marcxml</zs:recordSchema><zs:recordXMLEscaping>xml</zs:recordXMLEscaping><zs:recordData><record xmlns="http://www.loc.gov/MARC21/slim">
  <leader>     cam a22        4500</leader>
  <controlfield tag="001">005219337</controlfield>
  <controlfield tag="003">DE-627-4</controlfield>
  <controlfield tag="005">20200224155042.0</controlfield>
  <controlfield tag="007">tu</controlfield>
  <controlfield tag="008">040420s1611    xx |||||      00| ||lat c</controlfield>
  <datafield tag="024" ind1="7" ind2=" ">
    <subfield code="a">32:646134Q</subfield>
    <subfield code="2">vd17</subfield>
  </datafield>
  <datafield tag="026" ind1=" " ind2=" ">
    <subfield code="e">d.g. d..§ 4..b 94Ve C 1611R</subfield>
    <subfield code="2">fei</subfield>
  </datafield>
  <datafield tag="035" ind1=" " ind2=" ">
    <subfield code="a">(DE-627-4)005219337</subfield>
  </datafield>
  <datafield tag="035" ind1=" " ind2=" ">
    <subfield code="a">(DE-599)KXP005219337</subfield>
  </datafield>
  <datafield tag="040" ind1=" " ind2=" ">
    <subfield code="a">DE-627</subfield>
    <subfield code="b">ger</subfield>
    <subfield code="c">DE-627</subfield>
    <subfield code="e">rakwb</subfield>
  </datafield>
  <datafield tag="041" ind1=" " ind2=" ">
    <subfield code="a">lat</subfield>
  </datafield>
  <datafield tag="100" ind1="1" ind2=" ">
    <subfield code="a">Backbier, Johann</subfield>
    <subfield code="0">(DE-588)128946032</subfield>
    <subfield code="0">(DE-627)005219965</subfield>
    <subfield code="0">(DE-576)297412221</subfield>
    <subfield code="4">aut</subfield>
  </datafield>
  <datafield tag="245" ind1="1" ind2="0">
    <subfield code="a">De Chrematistica Seu Legitimis Acquirendarum Rerum Modis Theses Theorico-Practicae, Quas Ex Decreto &amp; Authoritate Magnificae Et Amplissimae Facultatis Iuridicae In Inclyta Academia Giessena</subfield>
    <subfield code="c">Publice Pro Summo In Utroque Iure Gradu, Privilegiis ... M. Johannes Backbier Wildungensis In Autitorio Arcis maiore ad diem XVI. Februarii, Anno MDCXI</subfield>
  </datafield>
  <datafield tag="264" ind1=" " ind2="1">
    <subfield code="a">Giessae Hassorum</subfield>
    <subfield code="b">Hampelius</subfield>
    <subfield code="c">1611</subfield>
  </datafield>
  <datafield tag="300" ind1=" " ind2=" ">
    <subfield code="a">[36] Bl</subfield>
    <subfield code="c">4°</subfield>
  </datafield>
  <datafield tag="336" ind1=" " ind2=" ">
    <subfield code="a">nicht spezifiziert</subfield>
    <subfield code="b">zzz</subfield>
    <subfield code="2">rdacontent</subfield>
  </datafield>
  <datafield tag="337" ind1=" " ind2=" ">
    <subfield code="a">nicht spezifiziert</subfield>
    <subfield code="b">z</subfield>
    <subfield code="2">rdamedia</subfield>
  </datafield>
  <datafield tag="338" ind1=" " ind2=" ">
    <subfield code="a">nicht spezifiziert</subfield>
    <subfield code="b">zu</subfield>
    <subfield code="2">rdacarrier</subfield>
  </datafield>
  <datafield tag="500" ind1=" " ind2=" ">
    <subfield code="a">Schlüsselseiten aus dem Exemplar der HAAB Weimar: 4° X : 219</subfield>
  </datafield>
  <datafield tag="583" ind1="1" ind2=" ">
    <subfield code="a">Digitalisierung geplant</subfield>
    <subfield code="z">Digitalisierung Unika durch HAAB Weimar</subfield>
    <subfield code="2">pdager</subfield>
  </datafield>
  <datafield tag="700" ind1="0" ind2=" ">
    <subfield code="a">Simon</subfield>
    <subfield code="b">VI.</subfield>
    <subfield code="c">Zur Lippe, Graf</subfield>
    <subfield code="d">1554-1613</subfield>
    <subfield code="e">WidmungsempfängerIn</subfield>
    <subfield code="0">(DE-588)117397636</subfield>
    <subfield code="0">(DE-627)004000692</subfield>
    <subfield code="4">dte</subfield>
  </datafield>
  <datafield tag="700" ind1="0" ind2=" ">
    <subfield code="a">Simon</subfield>
    <subfield code="c">Lippe, Graf, VII.</subfield>
    <subfield code="e">WidmungsempfängerIn</subfield>
    <subfield code="4">dte</subfield>
  </datafield>
  <datafield tag="700" ind1="0" ind2=" ">
    <subfield code="a">Christian</subfield>
    <subfield code="c">Waldeck, Graf</subfield>
    <subfield code="d">1585-1637</subfield>
    <subfield code="e">WidmungsempfängerIn</subfield>
    <subfield code="0">(DE-588)104194693</subfield>
    <subfield code="0">(DE-627)00414564X</subfield>
    <subfield code="4">dte</subfield>
  </datafield>
  <datafield tag="700" ind1="0" ind2=" ">
    <subfield code="a">Wolrad</subfield>
    <subfield code="b">IV.</subfield>
    <subfield code="c">Waldeck, Graf</subfield>
    <subfield code="d">1588-1640</subfield>
    <subfield code="e">WidmungsempfängerIn</subfield>
    <subfield code="0">(DE-588)104194650</subfield>
    <subfield code="0">(DE-627)004145631</subfield>
    <subfield code="4">dte</subfield>
  </datafield>
  <datafield tag="700" ind1="1" ind2=" ">
    <subfield code="a">Hampel, Nicolaus</subfield>
    <subfield code="d">1572-1652</subfield>
    <subfield code="0">(DE-588)124368468</subfield>
    <subfield code="0">(DE-627)004739167</subfield>
    <subfield code="4">prt</subfield>
  </datafield>
  <datafield tag="710" ind1="2" ind2=" ">
    <subfield code="a">Universität, Gießen</subfield>
    <subfield code="4">oth</subfield>
  </datafield>
  <datafield tag="751" ind1=" " ind2=" ">
    <subfield code="a">Gießen</subfield>
    <subfield code="4">pup</subfield>
  </datafield>
  <datafield tag="924" ind1="0" ind2=" ">
    <subfield code="a">00419053X</subfield>
    <subfield code="b">DE-32</subfield>
    <subfield code="9">32</subfield>
    <subfield code="c">GBV</subfield>
    <subfield code="d">b</subfield>
    <subfield code="g">4° X : 219</subfield>
  </datafield>
  <datafield tag="951" ind1=" " ind2=" ">
    <subfield code="a">BO</subfield>
  </datafield>
</record></zs:recordData><zs:recordPosition>5</zs:recordPosition></zs:record></zs:records><zs:echoedSearchRetrieveRequest><zs:version>2.0</zs:version><zs:query>pica.nid=104194650</zs:query><zs:startRecord>1</zs:startRecord><zs:maximumRecords>500</zs:maximumRecords><zs:recordXMLEscaping>xml</zs:recordXMLEscaping><zs:recordSchema>marcxml</zs:recordSchema></zs:echoedSearchRetrieveRequest><zs:resultCountPrecision>exact</zs:resultCountPrecision></zs:searchRetrieveResponse>
