<?xml version="1.0" encoding="UTF-8"?>
<zs:searchRetrieveResponse xmlns:zs="http://docs.oasis-open.org/ns/search-ws/sruResponse"><zs:numberOfRecords>3</zs:numberOfRecords><zs:records><zs:record><zs:recordSchema>marcxml</zs:recordSchema><zs:recordXMLEscaping>xml</zs:recordXMLEscaping><zs:recordData><record xmlns="http://www.loc.gov/MARC21/slim">
  <leader>     cam a22        4500</leader>
  <controlfield tag="001">00163576X</controlfield>
  <controlfield tag="003">DE-627-4</controlfield>
  <controlfield tag="005">20200902004633.0</controlfield>
  <controlfield tag="007">tu</controlfield>
  <controlfield tag="008">020901s1671    xx |||||      00| ||ger c</controlfield>
  <datafield tag="024" ind1="7" ind2=" ">
    <subfield code="a">1:023525E</subfield>
    <subfield code="2">vd17</subfield>
  </datafield>
  <datafield tag="026" ind1=" " ind2=" ">
    <subfield code="e">S.er e-en e-ie haan C 1671Q</subfield>
    <subfield code="2">fei</subfield>
  </datafield>
  <datafield tag="035" ind1=" " ind2=" ">
    <subfield code="a">(DE-627-4)00163576X</subfield>
  </datafield>
  <datafield tag="035" ind1=" " ind2=" ">
    <subfield code="a">(DE-599)KXP00163576X</subfield>
  </datafield>
  <datafield tag="040" ind1=" " ind2=" ">
    <subfield code="a">DE-627</subfield>
    <subfield code="b">ger</subfield>
    <subfield code="c">DE-627</subfield>
    <subfield code="e">rakwb</subfield>
  </datafield>
  <datafield tag="041" ind1=" " ind2=" ">
    <subfield code="a">ger</subfield>
  </datafield>
  <datafield tag="100" ind1="1" ind2=" ">
    <subfield code="a">Sachse, Johann</subfield>
    <subfield code="d">1639-1696</subfield>
    <subfield code="0">(DE-588)104244364</subfield>
    <subfield code="0">(DE-627)004151836</subfield>
    <subfield code="0">(DE-576)288998855</subfield>
    <subfield code="4">aut</subfield>
  </datafield>
  <datafield tag="245" ind1="1" ind2="0">
    <subfield code="a">Christ-Fürstliches Ehren-Gedächtnüs Des ... Herrn Lebrechts/ Fürsten zu Anhalt/ Graffen zu Ascanien/ Herren zu Zerbst und Bernburg</subfield>
    <subfield code="b">Nachdem S. Hochsel. Fürstl. Durchl. den 7. Novembr. ... des 1669. Jahres in ... Cöthen ... entschlaffen/ Und darauff im Jahre 1670. den 29. Januarii/ in dero Fürstliches Begräbnüs-Gewölbe in der Stadt-Kirchen beygesetzet worden</subfield>
    <subfield code="c">Auffgerichtet Von Johanne Sachsio ...</subfield>
  </datafield>
  <datafield tag="246" ind1="3" ind2="0">
    <subfield code="a">Christlich- Christliches Ehrengedächtnis Grafen Askanien Begräbnisgewölbe Klage-</subfield>
  </datafield>
  <datafield tag="264" ind1=" " ind2="1">
    <subfield code="a">Cöthen</subfield>
    <subfield code="b">Röel</subfield>
    <subfield code="c">1671</subfield>
  </datafield>
  <datafield tag="300" ind1=" " ind2=" ">
    <subfield code="a">[38] Bl., [3] gef. Bl</subfield>
    <subfield code="b">1 Ill. (Kupferst.), Kupfert., 1 Portr. (Kupferst.)</subfield>
    <subfield code="c">2°</subfield>
  </datafield>
  <datafield tag="336" ind1=" " ind2=" ">
    <subfield code="a">nicht spezifiziert</subfield>
    <subfield code="b">zzz</subfield>
    <subfield code="2">rdacontent</subfield>
  </datafield>
  <datafield tag="337" ind1=" " ind2=" ">
    <subfield code="a">nicht spezifiziert</subfield>
    <subfield code="b">z</subfield>
    <subfield code="2">rdamedia</subfield>
  </datafield>
  <datafield tag="338" ind1=" " ind2=" ">
    <subfield code="a">nicht spezifiziert</subfield>
    <subfield code="b">zu</subfield>
    <subfield code="2">rdacarrier</subfield>
  </datafield>
  <datafield tag="500" ind1=" " ind2=" ">
    <subfield code="a">Schlüsselseiten aus dem Exemplar der SBB-PK Berlin: Ee 700-69 : 4°</subfield>
  </datafield>
  <datafield tag="500" ind1=" " ind2=" ">
    <subfield code="a">Signaturformel: [6], A - H4, I3</subfield>
  </datafield>
  <datafield tag="500" ind1=" " ind2=" ">
    <subfield code="a">Vorlageform des Erscheinungsvermerks: Gedruckt in der Fürstl. Druckerey zu Cöthen/ durch Michael Röelen. - Erscheinungsjahr vom Zwischentitelbl. des zweiten enth. Werkes</subfield>
  </datafield>
  <datafield tag="501" ind1=" " ind2=" ">
    <subfield code="a">Enth. außerdem: Klag- und Lobgedichte Dem ... Herrn Lebrechten/ Fürsten zu Anhalt ... - Conceptae Sunt Nobis Lachrymae Serae, Sed Tamen Seriae ... Quas ... Domini D. Lebrechti Principis Anhaltini ... Defuncti Urnae adsperget dictum Gymnasium Anhaltinum Die XV. Martii, Hora Nova matutina Vos, Studiosi Nostri ... Lachrymas Precesq[ue] fundite, &amp; iratum Numen seria vitae emendatione Nobiscum placate. Lüderus Kannengiesser ...</subfield>
  </datafield>
  <datafield tag="655" ind1=" " ind2="7">
    <subfield code="a">Leichenpredigt</subfield>
    <subfield code="0">(DE-627)00657260X</subfield>
    <subfield code="2">local</subfield>
  </datafield>
  <datafield tag="700" ind1="0" ind2=" ">
    <subfield code="a">Lebrecht</subfield>
    <subfield code="c">Anhalt-Köthen, Fürst</subfield>
    <subfield code="d">1622-1669</subfield>
    <subfield code="0">(DE-588)118144693</subfield>
    <subfield code="0">(DE-627)004285999</subfield>
    <subfield code="4">oth</subfield>
  </datafield>
  <datafield tag="700" ind1="1" ind2=" ">
    <subfield code="a">Metzger, C.</subfield>
    <subfield code="e">BeiträgerIn k.</subfield>
    <subfield code="4">ctb</subfield>
  </datafield>
  <datafield tag="700" ind1="0" ind2=" ">
    <subfield code="a">J. S.</subfield>
    <subfield code="e">Beiträger</subfield>
    <subfield code="4">oth</subfield>
  </datafield>
  <datafield tag="700" ind1="1" ind2=" ">
    <subfield code="a">Sch., A. L.</subfield>
    <subfield code="e">Beiträger</subfield>
    <subfield code="4">oth</subfield>
  </datafield>
  <datafield tag="700" ind1="0" ind2=" ">
    <subfield code="a">J. P. E.</subfield>
    <subfield code="e">Beiträger</subfield>
    <subfield code="4">oth</subfield>
  </datafield>
  <datafield tag="700" ind1="1" ind2=" ">
    <subfield code="a">Müller, Andreas</subfield>
    <subfield code="e">Beiträger</subfield>
    <subfield code="4">oth</subfield>
  </datafield>
  <datafield tag="700" ind1="1" ind2=" ">
    <subfield code="a">Schumacher, Heinrich</subfield>
    <subfield code="e">Beiträger</subfield>
    <subfield code="4">oth</subfield>
  </datafield>
  <datafield tag="700" ind1="1" ind2=" ">
    <subfield code="a">Hake, Henricus</subfield>
    <subfield code="e">Beiträger</subfield>
    <subfield code="4">oth</subfield>
  </datafield>
  <datafield tag="700" ind1="1" ind2=" ">
    <subfield code="a">Zimmerman, D.</subfield>
    <subfield code="e">Beiträger</subfield>
    <subfield code="4">oth</subfield>
  </datafield>
  <datafield tag="700" ind1="0" ind2=" ">
    <subfield code="a">G. P. V. O. W.</subfield>
    <subfield code="e">Beiträger</subfield>
    <subfield code="4">oth</subfield>
  </datafield>
  <datafield tag="700" ind1="0" ind2=" ">
    <subfield code="a">G. V. A.</subfield>
    <subfield code="e">Beiträger</subfield>
    <subfield code="4">oth</subfield>
  </datafield>
  <datafield tag="700" ind1="1" ind2=" ">
    <subfield code="a">Frentzel, Joh.</subfield>
    <subfield code="e">Beiträger</subfield>
    <subfield code="4">oth</subfield>
  </datafield>
  <datafield tag="700" ind1="1" ind2=" ">
    <subfield code="a">Röel, Michael</subfield>
    <subfield code="0">(DE-588)1037513584</subfield>
    <subfield code="0">(DE-627)007466072</subfield>
    <subfield code="4">prt</subfield>
  </datafield>
  <datafield tag="751" ind1=" " ind2=" ">
    <subfield code="a">Köthen</subfield>
    <subfield code="4">pup</subfield>
  </datafield>
  <datafield tag="856" ind1="4" ind2="1">
    <subfield code="u">http://nbn-resolving.de/urn:nbn:de:gbv:3:1-47141</subfield>
    <subfield code="t">// 2008 digitalisiert von: Universitäts- und Landesbibliothek Sachsen-Anhalt. Exemplar mit der Signatur: an Pon Xb 454, 4° (7)</subfield>
    <subfield code="x">Digitalisierung</subfield>
    <subfield code="z">kostenfrei</subfield>
    <subfield code="3">Volltext</subfield>
  </datafield>
  <datafield tag="924" ind1="0" ind2=" ">
    <subfield code="a">000768693</subfield>
    <subfield code="b">DE-1a</subfield>
    <subfield code="9">1a</subfield>
    <subfield code="c">GBV</subfield>
    <subfield code="d">b</subfield>
    <subfield code="g">4"@Ee 700-69</subfield>
    <subfield code="h">1:R</subfield>
  </datafield>
  <datafield tag="924" ind1="0" ind2=" ">
    <subfield code="a">003848663</subfield>
    <subfield code="b">DE-3</subfield>
    <subfield code="9">3</subfield>
    <subfield code="c">GBV</subfield>
    <subfield code="d">c</subfield>
    <subfield code="g">an Pon Xb 454, 4° (7)</subfield>
    <subfield code="g">VD17-Digitalisat</subfield>
  </datafield>
  <datafield tag="924" ind1="0" ind2=" ">
    <subfield code="a">005477379</subfield>
    <subfield code="b">DE-3</subfield>
    <subfield code="9">3</subfield>
    <subfield code="c">GBV</subfield>
    <subfield code="d">c</subfield>
    <subfield code="g">78 M 381</subfield>
  </datafield>
  <datafield tag="951" ind1=" " ind2=" ">
    <subfield code="a">BO</subfield>
  </datafield>
</record></zs:recordData><zs:recordPosition>1</zs:recordPosition></zs:record><zs:record><zs:recordSchema>marcxml</zs:recordSchema><zs:recordXMLEscaping>xml</zs:recordXMLEscaping><zs:recordData><record xmlns="http://www.loc.gov/MARC21/slim">
  <leader>     cam a22        4500</leader>
  <controlfield tag="001">000979791</controlfield>
  <controlfield tag="003">DE-627-4</controlfield>
  <controlfield tag="005">20220201115557.0</controlfield>
  <controlfield tag="007">tu</controlfield>
  <controlfield tag="008">020901s1666    xx |||||      00| ||ger c</controlfield>
  <datafield tag="024" ind1="7" ind2=" ">
    <subfield code="a">1:016805T</subfield>
    <subfield code="2">vd17</subfield>
  </datafield>
  <datafield tag="026" ind1=" " ind2=" ">
    <subfield code="e">chr- ssr- h,e- Viwa 3 1666A</subfield>
    <subfield code="2">fei</subfield>
  </datafield>
  <datafield tag="035" ind1=" " ind2=" ">
    <subfield code="a">(DE-627-4)000979791</subfield>
  </datafield>
  <datafield tag="035" ind1=" " ind2=" ">
    <subfield code="a">(DE-599)KXP000979791</subfield>
  </datafield>
  <datafield tag="040" ind1=" " ind2=" ">
    <subfield code="a">DE-627</subfield>
    <subfield code="b">ger</subfield>
    <subfield code="c">DE-627</subfield>
    <subfield code="e">rakwb</subfield>
  </datafield>
  <datafield tag="041" ind1=" " ind2=" ">
    <subfield code="a">ger</subfield>
  </datafield>
  <datafield tag="245" ind1="1" ind2="6">
    <subfield code="a">Derer Durchleuchtigsten/ Hochgebornen Fürsten und Herren/ Herrn Friederichs/ Herrn Johannsens/ Herrn Lebrechts/ Herrn Johan Georgens/ Herrn Emanuels/ Herrn Victoris Amadei, Gebrüdern und Vettern Fürsten zu Anhalt/ Grafen zu Ascanien/ Herren zu Zerbst und Bernburg. Erneuerte und Verbesserte Landes und Procesz-Ordnung</subfield>
    <subfield code="b">[So geschehen den ein und zwantzigsten Novembris/ des 1665ten Jahres.]</subfield>
  </datafield>
  <datafield tag="246" ind1="3" ind2="0">
    <subfield code="a">durchlauchtigsten hochgeborenen Prozeßordnung</subfield>
  </datafield>
  <datafield tag="246" ind1="3" ind2="3">
    <subfield code="a">Erneuerte und Verbesserte Landes und Procesz-Ordnung</subfield>
  </datafield>
  <datafield tag="264" ind1=" " ind2="1">
    <subfield code="a">Cöthen</subfield>
    <subfield code="b">Röel</subfield>
    <subfield code="c">1666</subfield>
  </datafield>
  <datafield tag="300" ind1=" " ind2=" ">
    <subfield code="a">160 S., [2] Bl.</subfield>
    <subfield code="b">Ill. (Holzschn.)</subfield>
    <subfield code="c">4°</subfield>
  </datafield>
  <datafield tag="336" ind1=" " ind2=" ">
    <subfield code="a">nicht spezifiziert</subfield>
    <subfield code="b">zzz</subfield>
    <subfield code="2">rdacontent</subfield>
  </datafield>
  <datafield tag="337" ind1=" " ind2=" ">
    <subfield code="a">nicht spezifiziert</subfield>
    <subfield code="b">z</subfield>
    <subfield code="2">rdamedia</subfield>
  </datafield>
  <datafield tag="338" ind1=" " ind2=" ">
    <subfield code="a">nicht spezifiziert</subfield>
    <subfield code="b">zu</subfield>
    <subfield code="2">rdacarrier</subfield>
  </datafield>
  <datafield tag="500" ind1=" " ind2=" ">
    <subfield code="a">Schlüsselseiten aus dem Exemplar der SBB-PK Berlin: Gq 8035</subfield>
  </datafield>
  <datafield tag="500" ind1=" " ind2=" ">
    <subfield code="a">Vorlageform des Erscheinungsvermerks: Gedruckt zu Cöthen in der Fürstl. Druckerey durch Michael Röelen/ Im Jahre Christi/ 1666</subfield>
  </datafield>
  <datafield tag="655" ind1=" " ind2="7">
    <subfield code="a">Verordnung</subfield>
    <subfield code="0">(DE-627)006571840</subfield>
    <subfield code="2">local</subfield>
  </datafield>
  <datafield tag="700" ind1="0" ind2=" ">
    <subfield code="a">Friedrich</subfield>
    <subfield code="c">Anhalt-Bernburg, Fürst</subfield>
    <subfield code="d">1613-1670</subfield>
    <subfield code="0">(DE-588)102042632</subfield>
    <subfield code="0">(DE-627)004103033</subfield>
    <subfield code="0">(DE-576)172076838</subfield>
    <subfield code="4">oth</subfield>
  </datafield>
  <datafield tag="700" ind1="0" ind2=" ">
    <subfield code="a">Johann</subfield>
    <subfield code="c">Anhalt-Zerbst, Fürst</subfield>
    <subfield code="d">1621-1667</subfield>
    <subfield code="0">(DE-588)102309833</subfield>
    <subfield code="0">(DE-627)004103793</subfield>
    <subfield code="4">oth</subfield>
  </datafield>
  <datafield tag="700" ind1="0" ind2=" ">
    <subfield code="a">Lebrecht</subfield>
    <subfield code="c">Anhalt-Köthen, Fürst</subfield>
    <subfield code="d">1622-1669</subfield>
    <subfield code="0">(DE-588)118144693</subfield>
    <subfield code="0">(DE-627)004285999</subfield>
    <subfield code="4">oth</subfield>
  </datafield>
  <datafield tag="700" ind1="0" ind2=" ">
    <subfield code="a">Johann Georg</subfield>
    <subfield code="b">II.</subfield>
    <subfield code="c">Anhalt-Dessau, Fürst</subfield>
    <subfield code="d">1627-1693</subfield>
    <subfield code="0">(DE-588)102367604</subfield>
    <subfield code="0">(DE-627)004104005</subfield>
    <subfield code="0">(DE-576)21323453X</subfield>
    <subfield code="4">oth</subfield>
  </datafield>
  <datafield tag="700" ind1="0" ind2=" ">
    <subfield code="a">Emanuel</subfield>
    <subfield code="c">Anhalt-Köthen, Fürst</subfield>
    <subfield code="d">1631-1670</subfield>
    <subfield code="0">(DE-588)116491779</subfield>
    <subfield code="0">(DE-627)004241975</subfield>
    <subfield code="0">(DE-576)290587735</subfield>
    <subfield code="4">oth</subfield>
  </datafield>
  <datafield tag="700" ind1="0" ind2=" ">
    <subfield code="a">Viktor Amadeus</subfield>
    <subfield code="c">Anhalt-Bernburg, Fürst</subfield>
    <subfield code="d">1634-1718</subfield>
    <subfield code="0">(DE-588)118144677</subfield>
    <subfield code="0">(DE-627)004285980</subfield>
    <subfield code="4">oth</subfield>
  </datafield>
  <datafield tag="700" ind1="1" ind2=" ">
    <subfield code="a">Röel, Michael</subfield>
    <subfield code="0">(DE-588)1037513584</subfield>
    <subfield code="0">(DE-627)007466072</subfield>
    <subfield code="4">prt</subfield>
  </datafield>
  <datafield tag="710" ind1="2" ind2=" ">
    <subfield code="a">Anhalt, Fürstentum</subfield>
    <subfield code="4">oth</subfield>
  </datafield>
  <datafield tag="751" ind1=" " ind2=" ">
    <subfield code="a">Köthen</subfield>
    <subfield code="4">pup</subfield>
  </datafield>
  <datafield tag="856" ind1="4" ind2="1">
    <subfield code="u">http://nbn-resolving.de/urn:nbn:de:gbv:3:1-53409</subfield>
    <subfield code="t">// 2008 digitalisiert von: Universitäts- und Landesbibliothek Sachsen-Anhalt. Exemplar mit der Signatur: Pon Xb 993</subfield>
    <subfield code="x">Digitalisierung</subfield>
    <subfield code="z">kostenfrei</subfield>
    <subfield code="3">Volltext</subfield>
  </datafield>
  <datafield tag="924" ind1="0" ind2=" ">
    <subfield code="a">000383155</subfield>
    <subfield code="b">DE-1a</subfield>
    <subfield code="9">1a</subfield>
    <subfield code="c">GBV</subfield>
    <subfield code="d">b</subfield>
    <subfield code="g">Gq 8035</subfield>
    <subfield code="h">6</subfield>
  </datafield>
  <datafield tag="924" ind1="0" ind2=" ">
    <subfield code="a">005326249</subfield>
    <subfield code="b">DE-1a</subfield>
    <subfield code="9">1a</subfield>
    <subfield code="c">GBV</subfield>
    <subfield code="d">b</subfield>
    <subfield code="g">Schoepp. 293</subfield>
    <subfield code="h">1</subfield>
  </datafield>
  <datafield tag="924" ind1="0" ind2=" ">
    <subfield code="a">006599699</subfield>
    <subfield code="b">DE-7</subfield>
    <subfield code="9">7</subfield>
    <subfield code="c">GBV</subfield>
    <subfield code="g">8 J STAT VI, 5215</subfield>
    <subfield code="h">HG-MAG</subfield>
  </datafield>
  <datafield tag="924" ind1="0" ind2=" ">
    <subfield code="a">006827217</subfield>
    <subfield code="b">DE-7</subfield>
    <subfield code="9">7</subfield>
    <subfield code="c">GBV</subfield>
    <subfield code="g">8 J STAT VI, 5218 (1)</subfield>
    <subfield code="h">HG-MAG</subfield>
  </datafield>
  <datafield tag="924" ind1="0" ind2=" ">
    <subfield code="a">001687697</subfield>
    <subfield code="b">DE-23</subfield>
    <subfield code="9">23</subfield>
    <subfield code="c">GBV</subfield>
    <subfield code="g">Gm 77 (1)</subfield>
  </datafield>
  <datafield tag="924" ind1="0" ind2=" ">
    <subfield code="a">001609149</subfield>
    <subfield code="b">DE-3</subfield>
    <subfield code="9">3</subfield>
    <subfield code="c">GBV</subfield>
    <subfield code="d">c</subfield>
    <subfield code="g">AB 60481 (3)</subfield>
  </datafield>
  <datafield tag="924" ind1="0" ind2=" ">
    <subfield code="a">001609165</subfield>
    <subfield code="b">DE-3</subfield>
    <subfield code="9">3</subfield>
    <subfield code="c">GBV</subfield>
    <subfield code="d">c</subfield>
    <subfield code="g">AB 153725 (1)</subfield>
  </datafield>
  <datafield tag="924" ind1="0" ind2=" ">
    <subfield code="a">001609173</subfield>
    <subfield code="b">DE-3</subfield>
    <subfield code="9">3</subfield>
    <subfield code="c">GBV</subfield>
    <subfield code="d">c</subfield>
    <subfield code="g">AB 50 B 11/ h, 38</subfield>
  </datafield>
  <datafield tag="924" ind1="0" ind2=" ">
    <subfield code="a">00160919X</subfield>
    <subfield code="b">DE-3</subfield>
    <subfield code="9">3</subfield>
    <subfield code="c">GBV</subfield>
    <subfield code="d">c</subfield>
    <subfield code="g">AB 60021 (1)</subfield>
  </datafield>
  <datafield tag="924" ind1="0" ind2=" ">
    <subfield code="a">001609211</subfield>
    <subfield code="b">DE-3</subfield>
    <subfield code="9">3</subfield>
    <subfield code="c">GBV</subfield>
    <subfield code="d">c</subfield>
    <subfield code="g">AB 58421 (6)</subfield>
  </datafield>
  <datafield tag="924" ind1="0" ind2=" ">
    <subfield code="a">003776743</subfield>
    <subfield code="b">DE-3</subfield>
    <subfield code="9">3</subfield>
    <subfield code="c">GBV</subfield>
    <subfield code="d">c</subfield>
    <subfield code="g">Pon Xb 993</subfield>
    <subfield code="g">VD17-Digitalisat</subfield>
  </datafield>
  <datafield tag="924" ind1="0" ind2=" ">
    <subfield code="a">007542356</subfield>
    <subfield code="b">DE-15</subfield>
    <subfield code="9">15</subfield>
    <subfield code="c">BSZ</subfield>
    <subfield code="d">c</subfield>
    <subfield code="g">Jus.terr.167/2</subfield>
  </datafield>
  <datafield tag="924" ind1="0" ind2=" ">
    <subfield code="a">008232571</subfield>
    <subfield code="b">DE-B791</subfield>
    <subfield code="9">B 791</subfield>
    <subfield code="c">BSZ</subfield>
    <subfield code="d">c</subfield>
    <subfield code="g">8+KA 177</subfield>
  </datafield>
  <datafield tag="924" ind1="0" ind2=" ">
    <subfield code="a">008232954</subfield>
    <subfield code="b">DE-B791</subfield>
    <subfield code="9">B 791</subfield>
    <subfield code="c">BSZ</subfield>
    <subfield code="d">c</subfield>
    <subfield code="g">8+KA 178</subfield>
  </datafield>
  <datafield tag="924" ind1="0" ind2=" ">
    <subfield code="a">008420912</subfield>
    <subfield code="b">DE-B791</subfield>
    <subfield code="9">B 791</subfield>
    <subfield code="c">BSZ</subfield>
    <subfield code="d">c</subfield>
    <subfield code="g">8+KA 179</subfield>
  </datafield>
  <datafield tag="924" ind1="0" ind2=" ">
    <subfield code="a">008467722</subfield>
    <subfield code="b">DE-B791</subfield>
    <subfield code="9">B 791</subfield>
    <subfield code="c">BSZ</subfield>
    <subfield code="d">c</subfield>
    <subfield code="g">-I M I C 2</subfield>
  </datafield>
  <datafield tag="951" ind1=" " ind2=" ">
    <subfield code="a">BO</subfield>
  </datafield>
</record></zs:recordData><zs:recordPosition>2</zs:recordPosition></zs:record><zs:record><zs:recordSchema>marcxml</zs:recordSchema><zs:recordXMLEscaping>xml</zs:recordXMLEscaping><zs:recordData><record xmlns="http://www.loc.gov/MARC21/slim">
  <leader>     cam a22        4500</leader>
  <controlfield tag="001">008415161</controlfield>
  <controlfield tag="003">DE-627-4</controlfield>
  <controlfield tag="005">20210629120151.0</controlfield>
  <controlfield tag="007">tu</controlfield>
  <controlfield tag="008">170918s1661    xx |||||      00| ||lat c</controlfield>
  <datafield tag="024" ind1="7" ind2=" ">
    <subfield code="a">3:742064P</subfield>
    <subfield code="2">vd17</subfield>
  </datafield>
  <datafield tag="026" ind1=" " ind2=" ">
    <subfield code="e">m-ia i-a-a,o, reAt C 1661A</subfield>
    <subfield code="2">fei</subfield>
  </datafield>
  <datafield tag="035" ind1=" " ind2=" ">
    <subfield code="a">(DE-627-4)008415161</subfield>
  </datafield>
  <datafield tag="035" ind1=" " ind2=" ">
    <subfield code="a">(DE-599)KXP008415161</subfield>
  </datafield>
  <datafield tag="040" ind1=" " ind2=" ">
    <subfield code="a">DE-627</subfield>
    <subfield code="b">ger</subfield>
    <subfield code="c">DE-627</subfield>
    <subfield code="e">rakwb</subfield>
  </datafield>
  <datafield tag="041" ind1=" " ind2=" ">
    <subfield code="a">lat</subfield>
  </datafield>
  <datafield tag="100" ind1="1" ind2=" ">
    <subfield code="a">Flocken, Heinrich</subfield>
    <subfield code="d">1602-1680</subfield>
    <subfield code="0">(DE-588)130628549</subfield>
    <subfield code="0">(DE-627)005707420</subfield>
    <subfield code="0">(DE-576)29830855X</subfield>
    <subfield code="4">aut</subfield>
  </datafield>
  <datafield tag="245" ind1="1" ind2="0">
    <subfield code="a">Disputatio Theologica Secunda De Adventu Messiae Priori, ... Quam Sub Umbone Trinunius Dei</subfield>
    <subfield code="c">Praeside ... Henrico Flockenio ... Publicae ventilationi proponit Johannes Andreas Osterburgius Cothenà-Anhalt. Ad diem XXVI. Januar ....</subfield>
  </datafield>
  <datafield tag="246" ind1="3" ind2="3">
    <subfield code="a">De Adventu Messiae Priori</subfield>
  </datafield>
  <datafield tag="264" ind1=" " ind2="1">
    <subfield code="a">Bremae</subfield>
    <subfield code="b">De Villier</subfield>
    <subfield code="c">1661</subfield>
  </datafield>
  <datafield tag="300" ind1=" " ind2=" ">
    <subfield code="a">S. [25] - 48</subfield>
    <subfield code="c">4°</subfield>
  </datafield>
  <datafield tag="336" ind1=" " ind2=" ">
    <subfield code="a">nicht spezifiziert</subfield>
    <subfield code="b">zzz</subfield>
    <subfield code="2">rdacontent</subfield>
  </datafield>
  <datafield tag="337" ind1=" " ind2=" ">
    <subfield code="a">nicht spezifiziert</subfield>
    <subfield code="b">z</subfield>
    <subfield code="2">rdamedia</subfield>
  </datafield>
  <datafield tag="338" ind1=" " ind2=" ">
    <subfield code="a">nicht spezifiziert</subfield>
    <subfield code="b">zu</subfield>
    <subfield code="2">rdacarrier</subfield>
  </datafield>
  <datafield tag="500" ind1=" " ind2=" ">
    <subfield code="a">Signaturformel: [1], D2 - F4</subfield>
  </datafield>
  <datafield tag="583" ind1="1" ind2=" ">
    <subfield code="a">Digitalisiert</subfield>
    <subfield code="z">Digitalisierung Unika durch ULB Halle; ULB Halle 2017-10 digitalisiert</subfield>
    <subfield code="2">pdager</subfield>
  </datafield>
  <datafield tag="655" ind1=" " ind2="7">
    <subfield code="a">Dissertation:theol.</subfield>
    <subfield code="0">(DE-627)006573290</subfield>
    <subfield code="2">local</subfield>
  </datafield>
  <datafield tag="700" ind1="1" ind2=" ">
    <subfield code="a">Osterburgius, Johannes Andreas</subfield>
    <subfield code="d">1639-1686</subfield>
    <subfield code="0">(DE-588)1140050168</subfield>
    <subfield code="0">(DE-627)008416400</subfield>
    <subfield code="0">(DE-576)493605398</subfield>
    <subfield code="4">aut</subfield>
  </datafield>
  <datafield tag="700" ind1="0" ind2=" ">
    <subfield code="a">Lebrecht</subfield>
    <subfield code="c">Anhalt-Köthen, Fürst</subfield>
    <subfield code="d">1622-1669</subfield>
    <subfield code="e">WidmungsempfängerIn</subfield>
    <subfield code="0">(DE-588)118144693</subfield>
    <subfield code="0">(DE-627)004285999</subfield>
    <subfield code="4">dte</subfield>
  </datafield>
  <datafield tag="700" ind1="0" ind2=" ">
    <subfield code="a">Emanuel Leberecht</subfield>
    <subfield code="c">Anhalt-Köthen, Fürst</subfield>
    <subfield code="d">1671-1704</subfield>
    <subfield code="e">WidmungsempfängerIn</subfield>
    <subfield code="0">(DE-588)120816067</subfield>
    <subfield code="0">(DE-627)004402200</subfield>
    <subfield code="0">(DE-576)175065640</subfield>
    <subfield code="4">dte</subfield>
  </datafield>
  <datafield tag="700" ind1="1" ind2=" ">
    <subfield code="a">Lezius, Petrus-Rudolphus</subfield>
    <subfield code="e">BeiträgerIn</subfield>
    <subfield code="4">ctb</subfield>
  </datafield>
  <datafield tag="700" ind1="1" ind2=" ">
    <subfield code="a">Deichmann, Andreas</subfield>
    <subfield code="e">BeiträgerIn</subfield>
    <subfield code="4">ctb</subfield>
  </datafield>
  <datafield tag="700" ind1="1" ind2=" ">
    <subfield code="a">Villiers, Berthold de</subfield>
    <subfield code="d">1588-1663</subfield>
    <subfield code="0">(DE-588)123485290</subfield>
    <subfield code="0">(DE-627)004663489</subfield>
    <subfield code="4">prt</subfield>
  </datafield>
  <datafield tag="700" ind1="1" ind2=" ">
    <subfield code="a">Villiers, Heinrich de</subfield>
    <subfield code="d">1632-1662</subfield>
    <subfield code="0">(DE-588)1037512324</subfield>
    <subfield code="0">(DE-627)007465122</subfield>
    <subfield code="4">prt</subfield>
  </datafield>
  <datafield tag="751" ind1=" " ind2=" ">
    <subfield code="a">Bremen</subfield>
    <subfield code="4">pup</subfield>
  </datafield>
  <datafield tag="856" ind1="4" ind2="1">
    <subfield code="u">http://nbn-resolving.de/urn:nbn:de:gbv:3:1-785517</subfield>
    <subfield code="t">2017 digitalisiert von: Universitäts- und Landesbibliothek Sachsen-Anhalt. Exemplar mit der Signatur: 17 WA 1716</subfield>
    <subfield code="x">Digitalisierung</subfield>
    <subfield code="z">kostenfrei</subfield>
    <subfield code="3">Volltext</subfield>
  </datafield>
  <datafield tag="924" ind1="0" ind2=" ">
    <subfield code="a">007858981</subfield>
    <subfield code="b">DE-3</subfield>
    <subfield code="9">3</subfield>
    <subfield code="c">GBV</subfield>
    <subfield code="d">c</subfield>
    <subfield code="g">17 WA 1716</subfield>
    <subfield code="g">VD17-Digitalisat</subfield>
  </datafield>
  <datafield tag="924" ind1="0" ind2=" ">
    <subfield code="a">007859007</subfield>
    <subfield code="b">DE-3</subfield>
    <subfield code="9">3</subfield>
    <subfield code="c">GBV</subfield>
    <subfield code="d">c</subfield>
    <subfield code="g">17 WA 1717</subfield>
  </datafield>
  <datafield tag="951" ind1=" " ind2=" ">
    <subfield code="a">BO</subfield>
  </datafield>
</record></zs:recordData><zs:recordPosition>3</zs:recordPosition></zs:record></zs:records><zs:echoedSearchRetrieveRequest><zs:version>2.0</zs:version><zs:query>pica.nid=118144693</zs:query><zs:startRecord>1</zs:startRecord><zs:maximumRecords>500</zs:maximumRecords><zs:recordXMLEscaping>xml</zs:recordXMLEscaping><zs:recordSchema>marcxml</zs:recordSchema></zs:echoedSearchRetrieveRequest><zs:resultCountPrecision>exact</zs:resultCountPrecision></zs:searchRetrieveResponse>
