<?xml version="1.0" encoding="UTF-8"?>
<zs:searchRetrieveResponse xmlns:zs="http://docs.oasis-open.org/ns/search-ws/sruResponse"><zs:numberOfRecords>2</zs:numberOfRecords><zs:records><zs:record><zs:recordSchema>mods</zs:recordSchema><zs:recordXMLEscaping>xml</zs:recordXMLEscaping><zs:recordData><mods xmlns:xsi="http://www.w3.org/2001/XMLSchema-instance" xmlns="http://www.loc.gov/mods/v3" version="3.6" xsi:schemaLocation="http://www.loc.gov/mods/v3 http://www.loc.gov/standards/mods/v3/mods-3-6.xsd">
  <name type="personal" usage="primary">
    <namePart>Erlach, Burckhardt von</namePart>
    <namePart type="date">1566-1640</namePart>
  </name>
  <typeOfResource/>
  <originInfo>
    <place>
      <placeTerm type="code" authority="marccountry">bbn</placeTerm>
    </place>
    <issuance/>
  </originInfo>
  <identifier type="uri">http://d-nb.info/gnd/120182688</identifier>
  <recordInfo>
    <recordCreationDate encoding="marc">020621</recordCreationDate>
    <recordChangeDate encoding="iso8601">202003151245.5</recordChangeDate>
    <recordIdentifier source="DE-627">004348362</recordIdentifier>
    <recordOrigin>Converted from MARCXML to MODS version 3.6 using MARC21slim2MODS3-6.xsl
				(Revision 1.119 2018/06/21)</recordOrigin>
  </recordInfo>
</mods></zs:recordData><zs:recordPosition>1</zs:recordPosition></zs:record><zs:record><zs:recordSchema>mods</zs:recordSchema><zs:recordXMLEscaping>xml</zs:recordXMLEscaping><zs:recordData><mods xmlns:xsi="http://www.w3.org/2001/XMLSchema-instance" xmlns="http://www.loc.gov/mods/v3" version="3.6" xsi:schemaLocation="http://www.loc.gov/mods/v3 http://www.loc.gov/standards/mods/v3/mods-3-6.xsd">
  <titleInfo>
    <title>Zwo Christliche LeichPredigten</title>
    <subTitle>Deren die Erste. Bey der Adelichen Leichbegängnüß Deß ... Burckhardt von Erlachs ... Welcher am 23. Decembr. des abgewichenen 1640. jahres zu Bernburg/  ... verschieden/ und darauff den 17. Februarii dieses itzt lauffenden Jahres in den Chor der Kirchen B. Virginis daselbst ... beygesetzet/ Die Andere aber Bey bestattung seiner ... Haußfrawen/ Der ... Ursulen/ Gebornen von Hatzfeldt ... Welche am 18. Martii dieses lauffenden Jahrs auch ... entschlaffen/ und wie sie ihrem seligen Junckern bald nachgefolget/ Als demselbigen in obgedachtem seinem RuheCämmerlein/ Benebenst einem Adelichen Kinde/ desen im Eingang und Beschlus der Predigt gedacht wird/ an die seite gesetzet worden</subTitle>
  </titleInfo>
  <titleInfo type="alternative">
    <title>Leichbegängnis Neustadt Hausfrauen</title>
  </titleInfo>
  <name type="personal" usage="primary">
    <namePart>Enderling, Georg</namePart>
    <role>
      <roleTerm authority="marcrelator" type="code">aut</roleTerm>
    </role>
    <nameIdentifier>(DE-588)12018267X (DE-627)004348354 (DE-576)292083408</nameIdentifier>
  </name>
  <name type="personal">
    <namePart>Erlach, Burckhardt von</namePart>
    <namePart type="date">1566-1640</namePart>
    <role>
      <roleTerm authority="marcrelator" type="code">oth</roleTerm>
    </role>
    <nameIdentifier>(DE-588)120182688 (DE-627)004348362 (DE-576)292083416</nameIdentifier>
  </name>
  <name type="personal">
    <namePart>Hatzfeldt, Ursula von</namePart>
    <namePart type="date">1579-1641</namePart>
    <role>
      <roleTerm authority="marcrelator" type="code">oth</roleTerm>
    </role>
    <nameIdentifier>(DE-588)12018270X (DE-627)004348389 (DE-576)292083432</nameIdentifier>
  </name>
  <name type="personal">
    <namePart>Mechovius, Joachim</namePart>
    <role>
      <roleTerm type="text">BeiträgerIn</roleTerm>
    </role>
    <role>
      <roleTerm authority="marcrelator" type="code">ctb</roleTerm>
    </role>
  </name>
  <name type="personal">
    <namePart>Betzel, Andreas</namePart>
    <namePart type="date">-1655</namePart>
    <role>
      <roleTerm authority="marcrelator" type="code">prt</roleTerm>
    </role>
    <nameIdentifier>(DE-588)135546907 (DE-627)006399274</nameIdentifier>
  </name>
  <typeOfResource>text</typeOfResource>
  <genre authority="rdacontent">nicht spezifiziert</genre>
  <genre authority="local">Leichenpredigt</genre>
  <originInfo>
    <place>
      <placeTerm type="code" authority="marccountry">xx</placeTerm>
    </place>
    <dateIssued encoding="marc">1641</dateIssued>
    <issuance>monographic</issuance>
  </originInfo>
  <originInfo eventType="publication">
    <place>
      <placeTerm type="text">Zerbst</placeTerm>
    </place>
    <publisher>Betzel</publisher>
    <dateIssued>1641</dateIssued>
  </originInfo>
  <language>
    <languageTerm authority="iso639-2b" type="code">ger</languageTerm>
  </language>
  <physicalDescription>
    <form authority="marcform">print</form>
    <internetMediaType>image/jpeg</internetMediaType>
    <extent>[63] Bl 4°</extent>
    <form type="media" authority="rdamedia">nicht spezifiziert</form>
    <form type="carrier" authority="rdacarrier">nicht spezifiziert</form>
  </physicalDescription>
  <note type="statement of responsibility" altRepGroup="00">... Gehalten durch M. Georgium Enderling/ Pfarrern in der NewStadt Bernburgk</note>
  <note type="action">Digitalisierung geplant Digitalisierung Unika durch HAB Wolfenbüttel pdager</note>
  <relatedItem>
    <internetMediaType>image/jpeg</internetMediaType>
  </relatedItem>
  <identifier type="vd17">23:255582U</identifier>
  <relatedItem>
    <location>
      <url displayLabel="Volltext" note="Kostenfrei">http://diglib.hab.de/drucke/xa-1-9b-13s/start.htm</url>
    </location>
  </relatedItem>
  <recordInfo>
    <descriptionStandard>rakwb</descriptionStandard>
    <recordContentSource authority="marcorg">DE-627</recordContentSource>
    <recordCreationDate encoding="marc">020901</recordCreationDate>
    <recordChangeDate encoding="iso8601">20200310205628.0</recordChangeDate>
    <recordIdentifier source="DE-627-4">000021830</recordIdentifier>
    <recordOrigin>Converted from MARCXML to MODS version 3.6 using MARC21slim2MODS3-6.xsl
				(Revision 1.119 2018/06/21)</recordOrigin>
    <languageOfCataloging>
      <languageTerm authority="iso639-2b" type="code">ger</languageTerm>
    </languageOfCataloging>
  </recordInfo>
</mods></zs:recordData><zs:recordPosition>2</zs:recordPosition></zs:record></zs:records><zs:echoedSearchRetrieveRequest><zs:version>2.0</zs:version><zs:query>pica.nid=120182688</zs:query><zs:startRecord>1</zs:startRecord><zs:maximumRecords>500</zs:maximumRecords><zs:recordXMLEscaping>xml</zs:recordXMLEscaping><zs:recordSchema>mods</zs:recordSchema></zs:echoedSearchRetrieveRequest><zs:resultCountPrecision>exact</zs:resultCountPrecision></zs:searchRetrieveResponse>
