<?xml version="1.0" encoding="UTF-8"?>
<zs:searchRetrieveResponse xmlns:zs="http://docs.oasis-open.org/ns/search-ws/sruResponse"><zs:numberOfRecords>1</zs:numberOfRecords><zs:records><zs:record><zs:recordSchema>mods</zs:recordSchema><zs:recordXMLEscaping>xml</zs:recordXMLEscaping><zs:recordData><mods xmlns:xsi="http://www.w3.org/2001/XMLSchema-instance" xmlns="http://www.loc.gov/mods/v3" version="3.6" xsi:schemaLocation="http://www.loc.gov/mods/v3 http://www.loc.gov/standards/mods/v3/mods-3-6.xsd">
  <name type="personal" usage="primary">
    <namePart>Rochow, Moritz August von</namePart>
    <namePart type="date">1609-1653</namePart>
  </name>
  <typeOfResource/>
  <originInfo>
    <place>
      <placeTerm type="code" authority="marccountry">bbn</placeTerm>
    </place>
    <issuance/>
  </originInfo>
  <note xmlns:xlink="http://www.w3.org/1999/xlink" xlink:href="(DE-588)123659493">Rochau, Ferdinand Wilhelm Anton von</note>
  <note xmlns:xlink="http://www.w3.org/1999/xlink" xlink:href="(DE-588)4018333-6">(DE-627)00694633X (DE-576)208923861 (DE-588)4018333-6 Freiherr adel r Adelstitel</note>
  <note xmlns:xlink="http://www.w3.org/1999/xlink" xlink:href="(DE-588)4043375-4">(DE-627)006943632 (DE-588)4043375-4 Offizier beru r Beruf</note>
  <note xmlns:xlink="http://www.w3.org/1999/xlink" xlink:href="(DE-588)4570115-5">(DE-627)006945988 (DE-588)4570115-5 Oberst beru r Beruf</note>
  <note xmlns:xlink="http://www.w3.org/1999/xlink" xlink:href="(DE-588)4129565-1">(DE-627)006959970 (DE-576)209611596 (DE-588)4129565-1 Kommandant beru r Beruf</note>
  <subject>
    <geographicCode authority="iso3166">XA-DE</geographicCode>
  </subject>
  <identifier type="uri">http://d-nb.info/gnd/1031181199</identifier>
  <recordInfo>
    <recordCreationDate encoding="marc">130211</recordCreationDate>
    <recordChangeDate encoding="iso8601">202003151341.5</recordChangeDate>
    <recordIdentifier source="DE-627">007297513</recordIdentifier>
    <recordOrigin>Converted from MARCXML to MODS version 3.6 using MARC21slim2MODS3-6.xsl
				(Revision 1.119 2018/06/21)</recordOrigin>
  </recordInfo>
</mods></zs:recordData><zs:recordPosition>1</zs:recordPosition></zs:record></zs:records><zs:echoedSearchRetrieveRequest><zs:version>2.0</zs:version><zs:query>pica.nid=1031181199</zs:query><zs:startRecord>1</zs:startRecord><zs:maximumRecords>500</zs:maximumRecords><zs:recordXMLEscaping>xml</zs:recordXMLEscaping><zs:recordSchema>mods</zs:recordSchema></zs:echoedSearchRetrieveRequest><zs:resultCountPrecision>exact</zs:resultCountPrecision></zs:searchRetrieveResponse>
