<?xml version="1.0" encoding="UTF-8"?>
<zs:searchRetrieveResponse xmlns:zs="http://docs.oasis-open.org/ns/search-ws/sruResponse"><zs:numberOfRecords>1</zs:numberOfRecords><zs:records><zs:record><zs:recordSchema>marcxml</zs:recordSchema><zs:recordXMLEscaping>xml</zs:recordXMLEscaping><zs:recordData><record xmlns="http://www.loc.gov/MARC21/slim">
  <leader>     cam a22        4500</leader>
  <controlfield tag="001">000624535</controlfield>
  <controlfield tag="003">DE-627-4</controlfield>
  <controlfield tag="005">20210629093858.0</controlfield>
  <controlfield tag="007">tu</controlfield>
  <controlfield tag="008">020901s1642    xx |||||      00| ||ger c</controlfield>
  <datafield tag="024" ind1="7" ind2=" ">
    <subfield code="a">23:321536S</subfield>
    <subfield code="2">vd17</subfield>
  </datafield>
  <datafield tag="026" ind1=" " ind2=" ">
    <subfield code="e">l.r- t,t. ene- seKi C 1642Q</subfield>
    <subfield code="2">fei</subfield>
  </datafield>
  <datafield tag="035" ind1=" " ind2=" ">
    <subfield code="a">(DE-627-4)000624535</subfield>
  </datafield>
  <datafield tag="035" ind1=" " ind2=" ">
    <subfield code="a">(DE-599)KXP000624535</subfield>
  </datafield>
  <datafield tag="040" ind1=" " ind2=" ">
    <subfield code="a">DE-627</subfield>
    <subfield code="b">ger</subfield>
    <subfield code="c">DE-627</subfield>
    <subfield code="e">rakwb</subfield>
  </datafield>
  <datafield tag="041" ind1=" " ind2=" ">
    <subfield code="a">ger</subfield>
  </datafield>
  <datafield tag="100" ind1="1" ind2=" ">
    <subfield code="a">Henne, Johannes</subfield>
    <subfield code="0">(DE-588)120184117</subfield>
    <subfield code="0">(DE-627)004348931</subfield>
    <subfield code="4">aut</subfield>
  </datafield>
  <datafield tag="245" ind1="1" ind2="0">
    <subfield code="a">Zwo Christliche Leichpredigten</subfield>
    <subfield code="b">Die Erste Auf den 7. 8. und 9. v. des 116. Psal: Bei der Adelichen Sepultur des Weilandt ... Johann Friederichs von Velthem auff Harbke undt Ostraw Erbsassen etc. Welcher den 19. Augusti Zu Hall ... entschlaffen und hernacher den 19. Novemb: Zu Ostrau in der Kirchen ... in sein ruhe Kammerlein versetzet ; Gehalten Anno 1641</subfield>
    <subfield code="c">[... M. Valentinus Mylius S. Pastor zu Harbke/ M. Johannes Hennen/ Pastor zu Ostraw]</subfield>
  </datafield>
  <datafield tag="246" ind1="3" ind2="0">
    <subfield code="a">Zwei August November</subfield>
  </datafield>
  <datafield tag="246" ind1="3" ind2="3">
    <subfield code="a">Die Andere Christliche Leichpredig Frommer Gläubiger Christen</subfield>
  </datafield>
  <datafield tag="264" ind1=" " ind2="1">
    <subfield code="a">Hallis Saxonum</subfield>
    <subfield code="b">Faber</subfield>
    <subfield code="c">[1642]</subfield>
  </datafield>
  <datafield tag="300" ind1=" " ind2=" ">
    <subfield code="a">[44] Bl</subfield>
    <subfield code="c">4°</subfield>
  </datafield>
  <datafield tag="336" ind1=" " ind2=" ">
    <subfield code="a">nicht spezifiziert</subfield>
    <subfield code="b">zzz</subfield>
    <subfield code="2">rdacontent</subfield>
  </datafield>
  <datafield tag="337" ind1=" " ind2=" ">
    <subfield code="a">nicht spezifiziert</subfield>
    <subfield code="b">z</subfield>
    <subfield code="2">rdamedia</subfield>
  </datafield>
  <datafield tag="338" ind1=" " ind2=" ">
    <subfield code="a">nicht spezifiziert</subfield>
    <subfield code="b">zu</subfield>
    <subfield code="2">rdacarrier</subfield>
  </datafield>
  <datafield tag="500" ind1=" " ind2=" ">
    <subfield code="a">Schlüsselseiten aus dem Exemplar der HAB Wolfenbüttel: Db 4893 (7)</subfield>
  </datafield>
  <datafield tag="501" ind1=" " ind2=" ">
    <subfield code="a">Enth.: Die Andere Christliche Leichpredig Frommer Gläubiger Christen. - Enth. außerdem: In Immaturum Obitum Generosi Iuvenis, Dn. Joan. Friderici Von Veltheimb</subfield>
  </datafield>
  <datafield tag="583" ind1="1" ind2=" ">
    <subfield code="a">Digitalisiert</subfield>
    <subfield code="z">Digitalisierung Regional durch ULB Halle; ULB Halle 2014-03 digitalisiert</subfield>
    <subfield code="2">pdager</subfield>
  </datafield>
  <datafield tag="655" ind1=" " ind2="7">
    <subfield code="a">Leichenpredigt</subfield>
    <subfield code="0">(DE-627)00657260X</subfield>
    <subfield code="2">local</subfield>
  </datafield>
  <datafield tag="700" ind1="1" ind2=" ">
    <subfield code="a">Mylius, Valentin</subfield>
    <subfield code="d">1568-1644</subfield>
    <subfield code="0">(DE-588)104091274</subfield>
    <subfield code="0">(DE-627)004128257</subfield>
    <subfield code="4">aut</subfield>
  </datafield>
  <datafield tag="700" ind1="1" ind2=" ">
    <subfield code="a">Veltheim, Johann Friedrich von</subfield>
    <subfield code="d">1616-1641</subfield>
    <subfield code="0">(DE-588)131692771</subfield>
    <subfield code="0">(DE-627)00581281X</subfield>
    <subfield code="0">(DE-576)298678209</subfield>
    <subfield code="4">oth</subfield>
  </datafield>
  <datafield tag="700" ind1="1" ind2=" ">
    <subfield code="a">Oezelius, Heinricus</subfield>
    <subfield code="e">BeiträgerIn</subfield>
    <subfield code="4">ctb</subfield>
  </datafield>
  <datafield tag="700" ind1="1" ind2=" ">
    <subfield code="a">Latermann, Johannes</subfield>
    <subfield code="e">BeiträgerIn</subfield>
    <subfield code="4">ctb</subfield>
  </datafield>
  <datafield tag="700" ind1="1" ind2=" ">
    <subfield code="a">Quenstedt, Johannes Andreas</subfield>
    <subfield code="e">BeiträgerIn</subfield>
    <subfield code="4">ctb</subfield>
  </datafield>
  <datafield tag="700" ind1="1" ind2=" ">
    <subfield code="a">Redeker, Johannes</subfield>
    <subfield code="e">BeiträgerIn</subfield>
    <subfield code="4">ctb</subfield>
  </datafield>
  <datafield tag="700" ind1="1" ind2=" ">
    <subfield code="a">Plochius, Christianus</subfield>
    <subfield code="e">BeiträgerIn</subfield>
    <subfield code="4">ctb</subfield>
  </datafield>
  <datafield tag="700" ind1="1" ind2=" ">
    <subfield code="a">Gueintzius, Christianus</subfield>
    <subfield code="e">BeiträgerIn</subfield>
    <subfield code="4">ctb</subfield>
  </datafield>
  <datafield tag="700" ind1="1" ind2=" ">
    <subfield code="a">Schmidt, Peter</subfield>
    <subfield code="0">(DE-588)1037502094</subfield>
    <subfield code="0">(DE-627)007481942</subfield>
    <subfield code="4">prt</subfield>
  </datafield>
  <datafield tag="751" ind1=" " ind2=" ">
    <subfield code="a">Halle, Saale</subfield>
    <subfield code="4">pup</subfield>
  </datafield>
  <datafield tag="850" ind1=" " ind2=" ">
    <subfield code="a">ca</subfield>
  </datafield>
  <datafield tag="856" ind1="4" ind2="1">
    <subfield code="u">http://nbn-resolving.de/urn:nbn:de:gbv:3:1-628588</subfield>
    <subfield code="t">2014 digitalisiert von: Universitäts- und Landesbibliothek Sachsen-Anhalt. Exemplar mit der Signatur: 78 L 1678 (19)</subfield>
    <subfield code="x">Digitalisierung</subfield>
    <subfield code="z">kostenfrei</subfield>
    <subfield code="3">Volltext</subfield>
  </datafield>
  <datafield tag="924" ind1="0" ind2=" ">
    <subfield code="a">001349341</subfield>
    <subfield code="b">DE-23</subfield>
    <subfield code="9">23</subfield>
    <subfield code="c">GBV</subfield>
    <subfield code="g">Db 4893 (7)</subfield>
  </datafield>
  <datafield tag="924" ind1="0" ind2=" ">
    <subfield code="a">005568080</subfield>
    <subfield code="b">DE-23</subfield>
    <subfield code="9">23</subfield>
    <subfield code="c">GBV</subfield>
    <subfield code="g">Alv. Nh 203 (6)</subfield>
  </datafield>
  <datafield tag="924" ind1="0" ind2=" ">
    <subfield code="a">005229219</subfield>
    <subfield code="b">DE-3</subfield>
    <subfield code="9">3</subfield>
    <subfield code="c">GBV</subfield>
    <subfield code="d">c</subfield>
    <subfield code="g">78 L 1678 (19)</subfield>
    <subfield code="g">VD17-Digitalisat</subfield>
  </datafield>
  <datafield tag="924" ind1="0" ind2=" ">
    <subfield code="a">007754272</subfield>
    <subfield code="b">DE-3</subfield>
    <subfield code="9">3</subfield>
    <subfield code="c">GBV</subfield>
    <subfield code="d">d</subfield>
    <subfield code="g">Alv. Nh 203 (6)</subfield>
    <subfield code="h">ALV</subfield>
  </datafield>
  <datafield tag="951" ind1=" " ind2=" ">
    <subfield code="a">BO</subfield>
  </datafield>
</record></zs:recordData><zs:recordPosition>1</zs:recordPosition></zs:record></zs:records><zs:echoedSearchRetrieveRequest><zs:version>2.0</zs:version><zs:query>pica.nid=131692771</zs:query><zs:startRecord>1</zs:startRecord><zs:maximumRecords>500</zs:maximumRecords><zs:recordXMLEscaping>xml</zs:recordXMLEscaping><zs:recordSchema>marcxml</zs:recordSchema></zs:echoedSearchRetrieveRequest><zs:resultCountPrecision>exact</zs:resultCountPrecision></zs:searchRetrieveResponse>
