<?xml version="1.0" encoding="UTF-8"?>
<zs:searchRetrieveResponse xmlns:zs="http://docs.oasis-open.org/ns/search-ws/sruResponse"><zs:numberOfRecords>20</zs:numberOfRecords><zs:records><zs:record><zs:recordSchema>mods</zs:recordSchema><zs:recordXMLEscaping>xml</zs:recordXMLEscaping><zs:recordData><mods xmlns:xsi="http://www.w3.org/2001/XMLSchema-instance" xmlns="http://www.loc.gov/mods/v3" version="3.6" xsi:schemaLocation="http://www.loc.gov/mods/v3 http://www.loc.gov/standards/mods/v3/mods-3-6.xsd">
  <name type="personal" usage="primary">
    <namePart>Calchum, Wilhelm von</namePart>
    <namePart type="date">1584-1640</namePart>
  </name>
  <typeOfResource/>
  <originInfo>
    <place>
      <placeTerm type="code" authority="marccountry">bbn</placeTerm>
    </place>
    <issuance/>
  </originInfo>
  <subject>
    <geographicCode authority="iso3166">XA-DE</geographicCode>
  </subject>
  <identifier type="uri">http://d-nb.info/gnd/104348348</identifier>
  <recordInfo>
    <recordCreationDate encoding="marc">020621</recordCreationDate>
    <recordChangeDate encoding="iso8601">202004281450.1</recordChangeDate>
    <recordIdentifier source="DE-627">004177533</recordIdentifier>
    <recordOrigin>Converted from MARCXML to MODS version 3.6 using MARC21slim2MODS3-6.xsl
				(Revision 1.119 2018/06/21)</recordOrigin>
  </recordInfo>
</mods></zs:recordData><zs:recordPosition>1</zs:recordPosition></zs:record><zs:record><zs:recordSchema>mods</zs:recordSchema><zs:recordXMLEscaping>xml</zs:recordXMLEscaping><zs:recordData><mods xmlns:xsi="http://www.w3.org/2001/XMLSchema-instance" xmlns="http://www.loc.gov/mods/v3" version="3.6" xsi:schemaLocation="http://www.loc.gov/mods/v3 http://www.loc.gov/standards/mods/v3/mods-3-6.xsd">
  <titleInfo>
    <nonSort xml:space="preserve">C.  </nonSort>
    <title>Crispus Sallustius von Catilinischer Zusammen-Rottirung und Jugurtischen Krieg</title>
  </titleInfo>
  <titleInfo type="alternative">
    <title>Zusammenrottung</title>
  </titleInfo>
  <name type="personal" usage="primary">
    <namePart>Sallustius Crispus, Gaius</namePart>
    <namePart type="date">v86-v34</namePart>
    <role>
      <roleTerm authority="marcrelator" type="code">aut</roleTerm>
    </role>
    <nameIdentifier>(DE-588)118605097 (DE-627)004291980 (DE-576)162846754</nameIdentifier>
  </name>
  <name type="personal">
    <namePart>Albinus, Daniel</namePart>
    <namePart type="date">-1691</namePart>
    <role>
      <roleTerm authority="marcrelator" type="code">oth</roleTerm>
    </role>
    <nameIdentifier>(DE-588)116279338 (DE-627)004075544 (DE-576)29041542X</nameIdentifier>
  </name>
  <name type="personal">
    <namePart>Kielmann, Hans Heinrich</namePart>
    <role>
      <roleTerm type="text">WidmungsempfängerIn</roleTerm>
    </role>
    <role>
      <roleTerm authority="marcrelator" type="code">dte</roleTerm>
    </role>
  </name>
  <name type="personal">
    <namePart>Calchum, Wilhelm von</namePart>
    <namePart type="date">1584-1640</namePart>
    <role>
      <roleTerm authority="marcrelator" type="code">oth</roleTerm>
    </role>
    <nameIdentifier>(DE-588)104348348 (DE-627)004177533</nameIdentifier>
  </name>
  <name type="personal">
    <namePart>Naumann, Johann</namePart>
    <namePart type="date">1627-1668</namePart>
    <role>
      <roleTerm authority="marcrelator" type="code">prt</roleTerm>
    </role>
    <nameIdentifier>(DE-588)128772115 (DE-627)005141451 (DE-576)274173131</nameIdentifier>
  </name>
  <typeOfResource>text</typeOfResource>
  <genre authority="rdacontent">nicht spezifiziert</genre>
  <originInfo>
    <place>
      <placeTerm type="code" authority="marccountry">xx</placeTerm>
    </place>
    <dateIssued encoding="marc">1663</dateIssued>
    <issuance>monographic</issuance>
  </originInfo>
  <originInfo eventType="publication">
    <place>
      <placeTerm type="text">Hamburg</placeTerm>
    </place>
    <publisher>Nauman</publisher>
    <dateIssued>1663</dateIssued>
  </originInfo>
  <language>
    <languageTerm authority="iso639-2b" type="code">ger</languageTerm>
  </language>
  <language objectPart="translation">
    <languageTerm authority="iso639-2b" type="code">lat</languageTerm>
  </language>
  <physicalDescription>
    <form authority="marcform">print</form>
    <extent>[8] Bl., 479, 61 S., [9] Bl Kupfert 8°</extent>
    <form type="media" authority="rdamedia">nicht spezifiziert</form>
    <form type="carrier" authority="rdacarrier">nicht spezifiziert</form>
  </physicalDescription>
  <note type="statement of responsibility" altRepGroup="00">verteutschet durch M. Daniel Albinus</note>
  <note>Schlüsselseiten aus dem Exemplar der SBB-PK Berlin: WI 7900</note>
  <note>Signaturformel: ()8, A - Z8, Aa - Gg8, (a) - (e)8</note>
  <note type="language">Aus dem Lat. übers.</note>
  <identifier type="vd17">1:043848P</identifier>
  <relatedItem>
    <location>
      <url displayLabel="Volltext" note="Kostenfrei">http://resolver.staatsbibliothek-berlin.de/SBB000273A800000000</url>
    </location>
  </relatedItem>
  <recordInfo>
    <descriptionStandard>rakwb</descriptionStandard>
    <recordContentSource authority="marcorg">DE-627</recordContentSource>
    <recordCreationDate encoding="marc">020901</recordCreationDate>
    <recordChangeDate encoding="iso8601">20200310215744.0</recordChangeDate>
    <recordIdentifier source="DE-627-4">001706535</recordIdentifier>
    <recordOrigin>Converted from MARCXML to MODS version 3.6 using MARC21slim2MODS3-6.xsl
				(Revision 1.119 2018/06/21)</recordOrigin>
    <languageOfCataloging>
      <languageTerm authority="iso639-2b" type="code">ger</languageTerm>
    </languageOfCataloging>
  </recordInfo>
</mods></zs:recordData><zs:recordPosition>2</zs:recordPosition></zs:record><zs:record><zs:recordSchema>mods</zs:recordSchema><zs:recordXMLEscaping>xml</zs:recordXMLEscaping><zs:recordData><mods xmlns:xsi="http://www.w3.org/2001/XMLSchema-instance" xmlns="http://www.loc.gov/mods/v3" version="3.6" xsi:schemaLocation="http://www.loc.gov/mods/v3 http://www.loc.gov/standards/mods/v3/mods-3-6.xsd">
  <titleInfo>
    <nonSort xml:space="preserve">C.  </nonSort>
    <title>Crispus Sallustius von Catilinischer Zusammen-Rottirung und Jugurtischen Krieg</title>
  </titleInfo>
  <titleInfo type="alternative">
    <title>Zusammenrottung jugurthinischer Catilina</title>
  </titleInfo>
  <name type="personal" usage="primary">
    <namePart>Sallustius Crispus, Gaius</namePart>
    <namePart type="date">v86-v34</namePart>
    <role>
      <roleTerm authority="marcrelator" type="code">aut</roleTerm>
    </role>
    <nameIdentifier>(DE-588)118605097 (DE-627)004291980 (DE-576)162846754</nameIdentifier>
  </name>
  <name type="personal">
    <namePart>Albinus, Daniel</namePart>
    <namePart type="date">-1691</namePart>
    <role>
      <roleTerm authority="marcrelator" type="code">oth</roleTerm>
    </role>
    <nameIdentifier>(DE-588)116279338 (DE-627)004075544 (DE-576)29041542X</nameIdentifier>
  </name>
  <name type="personal">
    <namePart>Kielmann, Hans Heinrich</namePart>
    <role>
      <roleTerm type="text">WidmungsempfängerIn</roleTerm>
    </role>
    <role>
      <roleTerm authority="marcrelator" type="code">dte</roleTerm>
    </role>
  </name>
  <name type="personal">
    <namePart>Calchum, Wilhelm von</namePart>
    <namePart type="date">1584-1640</namePart>
    <role>
      <roleTerm authority="marcrelator" type="code">oth</roleTerm>
    </role>
    <nameIdentifier>(DE-588)104348348 (DE-627)004177533</nameIdentifier>
  </name>
  <name type="personal">
    <namePart>Naumann, Johann</namePart>
    <namePart type="date">1627-1668</namePart>
    <role>
      <roleTerm authority="marcrelator" type="code">prt</roleTerm>
    </role>
    <nameIdentifier>(DE-588)128772115 (DE-627)005141451 (DE-576)274173131</nameIdentifier>
  </name>
  <typeOfResource>text</typeOfResource>
  <genre authority="rdacontent">nicht spezifiziert</genre>
  <genre authority="local">Altertumskunde</genre>
  <genre authority="local">Chronik</genre>
  <originInfo>
    <place>
      <placeTerm type="code" authority="marccountry">xx</placeTerm>
    </place>
    <dateIssued encoding="marc">1663</dateIssued>
    <issuance>monographic</issuance>
  </originInfo>
  <originInfo eventType="publication">
    <place>
      <placeTerm type="text">Hamburg</placeTerm>
    </place>
    <publisher>Nauman</publisher>
    <dateIssued>1662 [erschienen] 1663</dateIssued>
  </originInfo>
  <language>
    <languageTerm authority="iso639-2b" type="code">ger</languageTerm>
  </language>
  <language objectPart="translation">
    <languageTerm authority="iso639-2b" type="code">lat</languageTerm>
  </language>
  <physicalDescription>
    <form authority="marcform">print</form>
    <extent>[8] Bl., 479, 61 S., [9] Bl Kupfert 8°</extent>
    <form type="media" authority="rdamedia">nicht spezifiziert</form>
    <form type="carrier" authority="rdacarrier">nicht spezifiziert</form>
  </physicalDescription>
  <note type="statement of responsibility" altRepGroup="00">verteutschet durch M. Daniel Albinus</note>
  <note>Schlüsselseiten aus dem Exemplar der HAB Wolfenbüttel 425.14 Hist. (2)</note>
  <note>Späteres Erscheinungsjahr vom Kupfert.</note>
  <note type="language">Aus dem Lat. übers.</note>
  <identifier type="vd17">23:252672E</identifier>
  <relatedItem>
    <location>
      <url displayLabel="Volltext" note="Kostenfrei">http://resolver.sub.uni-hamburg.de/goobi/PPN733267157</url>
    </location>
  </relatedItem>
  <recordInfo>
    <descriptionStandard>rakwb</descriptionStandard>
    <recordContentSource authority="marcorg">DE-627</recordContentSource>
    <recordCreationDate encoding="marc">020901</recordCreationDate>
    <recordChangeDate encoding="iso8601">20200310205617.0</recordChangeDate>
    <recordIdentifier source="DE-627-4">000012289</recordIdentifier>
    <recordOrigin>Converted from MARCXML to MODS version 3.6 using MARC21slim2MODS3-6.xsl
				(Revision 1.119 2018/06/21)</recordOrigin>
    <languageOfCataloging>
      <languageTerm authority="iso639-2b" type="code">ger</languageTerm>
    </languageOfCataloging>
  </recordInfo>
</mods></zs:recordData><zs:recordPosition>3</zs:recordPosition></zs:record><zs:record><zs:recordSchema>mods</zs:recordSchema><zs:recordXMLEscaping>xml</zs:recordXMLEscaping><zs:recordData><mods xmlns:xsi="http://www.w3.org/2001/XMLSchema-instance" xmlns="http://www.loc.gov/mods/v3" version="3.6" xsi:schemaLocation="http://www.loc.gov/mods/v3 http://www.loc.gov/standards/mods/v3/mods-3-6.xsd">
  <titleInfo>
    <nonSort xml:space="preserve">Der  </nonSort>
    <title>verfolgete David/ Des Italianischen Herren Marggraffen/ Virgilio Malvezzi</title>
  </titleInfo>
  <titleInfo type="alternative">
    <title>verfolgte italienischen Markgrafen</title>
  </titleInfo>
  <titleInfo type="uniform" nameTitleGroup="1">
    <title>Davide perseguitato &lt;dt.&gt;</title>
  </titleInfo>
  <name type="personal" usage="primary" nameTitleGroup="1">
    <namePart>Malvezzi, Virgilio</namePart>
    <namePart type="date">1595-1654</namePart>
    <role>
      <roleTerm authority="marcrelator" type="code">aut</roleTerm>
    </role>
    <nameIdentifier>(DE-588)119029510 (DE-627)004311485</nameIdentifier>
  </name>
  <name type="personal">
    <namePart>Calchum, Wilhelm von</namePart>
    <namePart type="date">1584-1640</namePart>
    <role>
      <roleTerm authority="marcrelator" type="code">oth</roleTerm>
    </role>
    <nameIdentifier>(DE-588)104348348 (DE-627)004177533</nameIdentifier>
  </name>
  <name type="corporate">
    <namePart>Fürstliche Druckerei</namePart>
    <role>
      <roleTerm authority="marcrelator" type="code">prt</roleTerm>
    </role>
    <nameIdentifier>(DE-588)6146457-0 (DE-627)007398123</nameIdentifier>
  </name>
  <name type="corporate">
    <namePart>Fruchtbringende Gesellschaft</namePart>
    <role>
      <roleTerm authority="marcrelator" type="code">oth</roleTerm>
    </role>
  </name>
  <typeOfResource>text</typeOfResource>
  <genre authority="rdacontent">nicht spezifiziert</genre>
  <originInfo>
    <place>
      <placeTerm type="code" authority="marccountry">xx</placeTerm>
    </place>
    <dateIssued encoding="marc">1643</dateIssued>
    <edition>Aufs neüe übersehen und verbessert</edition>
    <issuance>monographic</issuance>
  </originInfo>
  <originInfo eventType="publication">
    <place>
      <placeTerm type="text">Cöthen im Fürstentume Anhalt</placeTerm>
    </place>
    <publisher>[Fürstliche Druckerei]</publisher>
    <dateIssued>1643</dateIssued>
  </originInfo>
  <language>
    <languageTerm authority="iso639-2b" type="code">ger</languageTerm>
  </language>
  <language objectPart="translation">
    <languageTerm authority="iso639-2b" type="code">ita</languageTerm>
  </language>
  <physicalDescription>
    <form authority="marcform">print</form>
    <internetMediaType>image/jpeg</internetMediaType>
    <extent>135 S 4°</extent>
    <form type="media" authority="rdamedia">nicht spezifiziert</form>
    <form type="carrier" authority="rdacarrier">nicht spezifiziert</form>
  </physicalDescription>
  <note type="statement of responsibility" altRepGroup="00">Deütsch übergesetzet Durch Weiland Wilhelm von Kalckheim genant Lohausen ... Auch mit vorwissen und einwilligung der Fruchtbringenden Geselschaft an den tag gegeben</note>
  <note>Schlüsselseiten aus dem Exemplar der FB Gotha: Theol 4° 00099/06 (06)</note>
  <relatedItem type="isReferencedBy">
    <titleInfo>
      <title>Dünnhaupt, G. Köthen, 91</title>
    </titleInfo>
    <part>
      <detail type="part">
        <number/>
      </detail>
    </part>
  </relatedItem>
  <relatedItem>
    <titleInfo>
      <title>Davide perseguitato &lt;dt.&gt;</title>
    </titleInfo>
    <name type="personal">
      <namePart>Malvezzi, Virgilio</namePart>
      <namePart type="date">1595-1654</namePart>
    </name>
  </relatedItem>
  <relatedItem>
    <internetMediaType>image/jpeg</internetMediaType>
  </relatedItem>
  <identifier type="vd17">39:128112C</identifier>
  <relatedItem>
    <location>
      <url displayLabel="Volltext" note="Kostenfrei">http://diglib.hab.de/drucke/23-3-eth-2/start.htm</url>
    </location>
  </relatedItem>
  <recordInfo>
    <descriptionStandard>rakwb</descriptionStandard>
    <recordContentSource authority="marcorg">DE-627</recordContentSource>
    <recordCreationDate encoding="marc">020901</recordCreationDate>
    <recordChangeDate encoding="iso8601">20200416150215.0</recordChangeDate>
    <recordIdentifier source="DE-627-4">000303844</recordIdentifier>
    <recordOrigin>Converted from MARCXML to MODS version 3.6 using MARC21slim2MODS3-6.xsl
				(Revision 1.119 2018/06/21)</recordOrigin>
    <languageOfCataloging>
      <languageTerm authority="iso639-2b" type="code">ger</languageTerm>
    </languageOfCataloging>
  </recordInfo>
</mods></zs:recordData><zs:recordPosition>4</zs:recordPosition></zs:record><zs:record><zs:recordSchema>mods</zs:recordSchema><zs:recordXMLEscaping>xml</zs:recordXMLEscaping><zs:recordData><mods xmlns:xsi="http://www.w3.org/2001/XMLSchema-instance" xmlns="http://www.loc.gov/mods/v3" version="3.6" xsi:schemaLocation="http://www.loc.gov/mods/v3 http://www.loc.gov/standards/mods/v3/mods-3-6.xsd">
  <titleInfo>
    <title>Carmen in Exequias Viri Illustris &amp; Generosi Dn. Wilhelmi a Kalcheimb alias Lohausen/ summi vigiliarum Praefecti, quondam ... Dn. Adolpho Friderico Duci Megapolitano ... Consiliis</title>
  </titleInfo>
  <name type="personal" usage="primary">
    <namePart>Braun, Ludwig</namePart>
    <namePart type="date">-1676</namePart>
    <role>
      <roleTerm authority="marcrelator" type="code">aut</roleTerm>
    </role>
    <nameIdentifier>(DE-588)103150099 (DE-627)004122305 (DE-576)288867882</nameIdentifier>
  </name>
  <name type="personal">
    <namePart>Calchum, Wilhelm von</namePart>
    <namePart type="date">1584-1640</namePart>
    <role>
      <roleTerm authority="marcrelator" type="code">oth</roleTerm>
    </role>
    <nameIdentifier>(DE-588)104348348 (DE-627)004177533</nameIdentifier>
  </name>
  <name type="personal">
    <namePart>Richel, Johann</namePart>
    <namePart type="termsOfAddress">der Jüngere</namePart>
    <role>
      <roleTerm authority="marcrelator" type="code">prt</roleTerm>
    </role>
    <nameIdentifier>(DE-588)1037507762 (DE-627)00747640X (DE-576)391558609</nameIdentifier>
  </name>
  <typeOfResource>text</typeOfResource>
  <genre authority="rdacontent">nicht spezifiziert</genre>
  <genre authority="local">Verordnung</genre>
  <genre authority="local">Einblattdruck</genre>
  <genre authority="local">Gelegenheitsschrift:Tod</genre>
  <genre authority="local">Lyrik</genre>
  <originInfo>
    <place>
      <placeTerm type="code" authority="marccountry">xx</placeTerm>
    </place>
    <dateIssued encoding="marc">1640</dateIssued>
    <issuance>monographic</issuance>
  </originInfo>
  <originInfo eventType="publication">
    <place>
      <placeTerm type="text">Rostochii</placeTerm>
    </place>
    <publisher>Richelius</publisher>
    <dateIssued>[ca. 1640]</dateIssued>
  </originInfo>
  <language>
    <languageTerm authority="iso639-2b" type="code">lat</languageTerm>
  </language>
  <physicalDescription>
    <form authority="marcform">print</form>
    <extent>[1] Bl</extent>
    <form type="media" authority="rdamedia">nicht spezifiziert</form>
    <form type="carrier" authority="rdacarrier">nicht spezifiziert</form>
  </physicalDescription>
  <note type="statement of responsibility" altRepGroup="00">Scriptum a Ludovico Braun, Rostoch.</note>
  <note>Kopftitel</note>
  <note>Format: beschnitten auf ca. 27 x 18 cm. - Satzspiegel: 25,5 x 16,1 cm</note>
  <note type="action">Digitalisierung geplant Digitalisierung Regional durch UB Rostock pdager</note>
  <identifier type="vd17">28:726406X</identifier>
  <relatedItem>
    <location>
      <url displayLabel="Volltext" note="Kostenfrei">http://purl.uni-rostock.de/rosdok/ppn747413886</url>
    </location>
  </relatedItem>
  <recordInfo>
    <descriptionStandard>rakwb</descriptionStandard>
    <recordContentSource authority="marcorg">DE-627</recordContentSource>
    <recordCreationDate encoding="marc">130522</recordCreationDate>
    <recordChangeDate encoding="iso8601">20200310223422.0</recordChangeDate>
    <recordIdentifier source="DE-627-4">007376871</recordIdentifier>
    <recordOrigin>Converted from MARCXML to MODS version 3.6 using MARC21slim2MODS3-6.xsl
				(Revision 1.119 2018/06/21)</recordOrigin>
    <languageOfCataloging>
      <languageTerm authority="iso639-2b" type="code">ger</languageTerm>
    </languageOfCataloging>
  </recordInfo>
</mods></zs:recordData><zs:recordPosition>5</zs:recordPosition></zs:record><zs:record><zs:recordSchema>mods</zs:recordSchema><zs:recordXMLEscaping>xml</zs:recordXMLEscaping><zs:recordData><mods xmlns:xsi="http://www.w3.org/2001/XMLSchema-instance" xmlns="http://www.loc.gov/mods/v3" version="3.6" xsi:schemaLocation="http://www.loc.gov/mods/v3 http://www.loc.gov/standards/mods/v3/mods-3-6.xsd">
  <titleInfo>
    <title>Piis manibus Illustris ac Generosi Viri Dn. Wilhelmi a Calheim dicti Lohausen/ supremi vigiliarum Praefecti, ... Dn. Adolphi Friderici, Ducis Megapolitani ... Consiliarii intimi</title>
  </titleInfo>
  <name type="personal">
    <namePart>Calchum, Wilhelm von</namePart>
    <namePart type="date">1584-1640</namePart>
    <role>
      <roleTerm authority="marcrelator" type="code">oth</roleTerm>
    </role>
    <nameIdentifier>(DE-588)104348348 (DE-627)004177533</nameIdentifier>
  </name>
  <name type="personal">
    <namePart>Rubacus, Adamus</namePart>
    <role>
      <roleTerm type="text">BeiträgerIn</roleTerm>
    </role>
    <role>
      <roleTerm authority="marcrelator" type="code">ctb</roleTerm>
    </role>
  </name>
  <name type="personal">
    <namePart>Güntersberg, Philip von</namePart>
    <role>
      <roleTerm type="text">BeiträgerIn</roleTerm>
    </role>
    <role>
      <roleTerm authority="marcrelator" type="code">ctb</roleTerm>
    </role>
  </name>
  <name type="personal">
    <namePart>Wobeser, Jacob</namePart>
    <role>
      <roleTerm type="text">BeiträgerIn</roleTerm>
    </role>
    <role>
      <roleTerm authority="marcrelator" type="code">ctb</roleTerm>
    </role>
  </name>
  <name type="personal">
    <namePart>Sagittarius, Paulus</namePart>
    <role>
      <roleTerm type="text">BeiträgerIn</roleTerm>
    </role>
    <role>
      <roleTerm authority="marcrelator" type="code">ctb</roleTerm>
    </role>
  </name>
  <name type="personal">
    <namePart>Fleßke, Otto</namePart>
    <role>
      <roleTerm type="text">BeiträgerIn</roleTerm>
    </role>
    <role>
      <roleTerm authority="marcrelator" type="code">ctb</roleTerm>
    </role>
  </name>
  <name type="personal">
    <namePart>Willichius, Laurentius</namePart>
    <role>
      <roleTerm type="text">BeiträgerIn</roleTerm>
    </role>
    <role>
      <roleTerm authority="marcrelator" type="code">ctb</roleTerm>
    </role>
  </name>
  <name type="personal">
    <namePart>Neander, Balthasar</namePart>
    <role>
      <roleTerm type="text">BeiträgerIn</roleTerm>
    </role>
    <role>
      <roleTerm authority="marcrelator" type="code">ctb</roleTerm>
    </role>
  </name>
  <name type="personal">
    <namePart>Crugerus, Henricus</namePart>
    <role>
      <roleTerm type="text">BeiträgerIn</roleTerm>
    </role>
    <role>
      <roleTerm authority="marcrelator" type="code">ctb</roleTerm>
    </role>
  </name>
  <name type="personal">
    <namePart>Böldike, Ernestus</namePart>
    <role>
      <roleTerm type="text">BeiträgerIn</roleTerm>
    </role>
    <role>
      <roleTerm authority="marcrelator" type="code">ctb</roleTerm>
    </role>
  </name>
  <name type="personal">
    <namePart>Winter, Fran.</namePart>
    <role>
      <roleTerm type="text">BeiträgerIn</roleTerm>
    </role>
    <role>
      <roleTerm authority="marcrelator" type="code">ctb</roleTerm>
    </role>
  </name>
  <name type="personal">
    <namePart>Hoyer, Casparus</namePart>
    <role>
      <roleTerm type="text">BeiträgerIn</roleTerm>
    </role>
    <role>
      <roleTerm authority="marcrelator" type="code">ctb</roleTerm>
    </role>
  </name>
  <name type="personal">
    <namePart>Müllerus, Henricus</namePart>
    <role>
      <roleTerm type="text">BeiträgerIn</roleTerm>
    </role>
    <role>
      <roleTerm authority="marcrelator" type="code">ctb</roleTerm>
    </role>
  </name>
  <name type="personal">
    <namePart>Mengedelius, Theodorus</namePart>
    <role>
      <roleTerm type="text">BeiträgerIn</roleTerm>
    </role>
    <role>
      <roleTerm authority="marcrelator" type="code">ctb</roleTerm>
    </role>
  </name>
  <name type="personal">
    <namePart>Keil, Nikolaus</namePart>
    <namePart type="date">-1655</namePart>
    <role>
      <roleTerm authority="marcrelator" type="code">prt</roleTerm>
    </role>
    <nameIdentifier>(DE-588)103750562X (DE-627)007452691</nameIdentifier>
  </name>
  <typeOfResource>text</typeOfResource>
  <genre authority="rdacontent">nicht spezifiziert</genre>
  <genre authority="local">Gelegenheitsschrift:Tod</genre>
  <genre authority="local">Lyrik</genre>
  <originInfo>
    <place>
      <placeTerm type="code" authority="marccountry">xx</placeTerm>
    </place>
    <dateIssued encoding="marc">1640</dateIssued>
    <issuance>monographic</issuance>
  </originInfo>
  <originInfo eventType="publication">
    <place>
      <placeTerm type="text">Rostochii</placeTerm>
    </place>
    <publisher>Kilius</publisher>
    <dateIssued>1640</dateIssued>
  </originInfo>
  <language>
    <languageTerm authority="iso639-2b" type="code">lat</languageTerm>
  </language>
  <language>
    <languageTerm authority="iso639-2b" type="code">ger</languageTerm>
  </language>
  <physicalDescription>
    <form authority="marcform">print</form>
    <extent>[4] Bl 4°</extent>
    <form type="media" authority="rdamedia">nicht spezifiziert</form>
    <form type="carrier" authority="rdacarrier">nicht spezifiziert</form>
  </physicalDescription>
  <note type="statement of responsibility" altRepGroup="00">Sacratum a Pomeranis</note>
  <note type="action">Digitalisierung geplant Digitalisierung Regional durch UB Rostock pdager</note>
  <identifier type="vd17">28:726403Z</identifier>
  <relatedItem>
    <location>
      <url displayLabel="Volltext" note="Kostenfrei">http://purl.uni-rostock.de/rosdok/ppn747413541</url>
    </location>
  </relatedItem>
  <recordInfo>
    <descriptionStandard>rakwb</descriptionStandard>
    <recordContentSource authority="marcorg">DE-627</recordContentSource>
    <recordCreationDate encoding="marc">130522</recordCreationDate>
    <recordChangeDate encoding="iso8601">20200310223422.0</recordChangeDate>
    <recordIdentifier source="DE-627-4">007376847</recordIdentifier>
    <recordOrigin>Converted from MARCXML to MODS version 3.6 using MARC21slim2MODS3-6.xsl
				(Revision 1.119 2018/06/21)</recordOrigin>
    <languageOfCataloging>
      <languageTerm authority="iso639-2b" type="code">ger</languageTerm>
    </languageOfCataloging>
  </recordInfo>
</mods></zs:recordData><zs:recordPosition>6</zs:recordPosition></zs:record><zs:record><zs:recordSchema>mods</zs:recordSchema><zs:recordXMLEscaping>xml</zs:recordXMLEscaping><zs:recordData><mods xmlns:xsi="http://www.w3.org/2001/XMLSchema-instance" xmlns="http://www.loc.gov/mods/v3" version="3.6" xsi:schemaLocation="http://www.loc.gov/mods/v3 http://www.loc.gov/standards/mods/v3/mods-3-6.xsd">
  <titleInfo>
    <title>Lessus Illustri ac Generoso Heroi Dn. Wilhelmo a Calheim dicto Lohausen/ ... Dn. Adolphi Friderici, Ducis Megapolitani ... Consiliario intimo &amp; bellico</title>
  </titleInfo>
  <name type="personal">
    <namePart>Calchum, Wilhelm von</namePart>
    <namePart type="date">1584-1640</namePart>
    <role>
      <roleTerm authority="marcrelator" type="code">oth</roleTerm>
    </role>
    <nameIdentifier>(DE-588)104348348 (DE-627)004177533</nameIdentifier>
  </name>
  <name type="personal">
    <namePart>Harderus, Georgius</namePart>
    <role>
      <roleTerm type="text">BeiträgerIn</roleTerm>
    </role>
    <role>
      <roleTerm authority="marcrelator" type="code">ctb</roleTerm>
    </role>
  </name>
  <name type="personal">
    <namePart>Oeseden, Dithmar von</namePart>
    <role>
      <roleTerm type="text">BeiträgerIn</roleTerm>
    </role>
    <role>
      <roleTerm authority="marcrelator" type="code">ctb</roleTerm>
    </role>
  </name>
  <name type="personal">
    <namePart>Voß, Johann</namePart>
    <role>
      <roleTerm type="text">BeiträgerIn</roleTerm>
    </role>
    <role>
      <roleTerm authority="marcrelator" type="code">ctb</roleTerm>
    </role>
  </name>
  <name type="personal">
    <namePart>Clausen, Nicolaus</namePart>
    <role>
      <roleTerm type="text">BeiträgerIn</roleTerm>
    </role>
    <role>
      <roleTerm authority="marcrelator" type="code">ctb</roleTerm>
    </role>
  </name>
  <name type="personal">
    <namePart>Ludolphi, Casparus</namePart>
    <role>
      <roleTerm type="text">BeiträgerIn</roleTerm>
    </role>
    <role>
      <roleTerm authority="marcrelator" type="code">ctb</roleTerm>
    </role>
  </name>
  <name type="personal">
    <namePart>Garpius, Petrus</namePart>
    <role>
      <roleTerm type="text">BeiträgerIn</roleTerm>
    </role>
    <role>
      <roleTerm authority="marcrelator" type="code">ctb</roleTerm>
    </role>
  </name>
  <name type="personal">
    <namePart>Westken, Bernhardns</namePart>
    <role>
      <roleTerm type="text">BeiträgerIn</roleTerm>
    </role>
    <role>
      <roleTerm authority="marcrelator" type="code">ctb</roleTerm>
    </role>
  </name>
  <name type="personal">
    <namePart>Enwaldt, Johannes</namePart>
    <role>
      <roleTerm type="text">BeiträgerIn</roleTerm>
    </role>
    <role>
      <roleTerm authority="marcrelator" type="code">ctb</roleTerm>
    </role>
  </name>
  <name type="personal">
    <namePart>Gerstenkornn, Henricus</namePart>
    <role>
      <roleTerm type="text">BeiträgerIn</roleTerm>
    </role>
    <role>
      <roleTerm authority="marcrelator" type="code">ctb</roleTerm>
    </role>
  </name>
  <name type="personal">
    <namePart>Mauritius, Nicolaus</namePart>
    <role>
      <roleTerm type="text">BeiträgerIn</roleTerm>
    </role>
    <role>
      <roleTerm authority="marcrelator" type="code">ctb</roleTerm>
    </role>
  </name>
  <name type="personal">
    <namePart>Owmannus, Martinus</namePart>
    <role>
      <roleTerm type="text">BeiträgerIn</roleTerm>
    </role>
    <role>
      <roleTerm authority="marcrelator" type="code">ctb</roleTerm>
    </role>
  </name>
  <name type="personal">
    <namePart>Bilefeldt, Christianus</namePart>
    <role>
      <roleTerm type="text">BeiträgerIn</roleTerm>
    </role>
    <role>
      <roleTerm authority="marcrelator" type="code">ctb</roleTerm>
    </role>
  </name>
  <name type="personal">
    <namePart>Pale, Thomas</namePart>
    <role>
      <roleTerm type="text">BeiträgerIn</roleTerm>
    </role>
    <role>
      <roleTerm authority="marcrelator" type="code">ctb</roleTerm>
    </role>
  </name>
  <name type="personal">
    <namePart>Bokemann, Joh.</namePart>
    <role>
      <roleTerm type="text">BeiträgerIn</roleTerm>
    </role>
    <role>
      <roleTerm authority="marcrelator" type="code">ctb</roleTerm>
    </role>
  </name>
  <name type="personal">
    <namePart>Stevens, Philippus Jacob</namePart>
    <role>
      <roleTerm type="text">BeiträgerIn</roleTerm>
    </role>
    <role>
      <roleTerm authority="marcrelator" type="code">ctb</roleTerm>
    </role>
  </name>
  <name type="personal">
    <namePart>Burenneius, Vergilius</namePart>
    <role>
      <roleTerm type="text">BeiträgerIn</roleTerm>
    </role>
    <role>
      <roleTerm authority="marcrelator" type="code">ctb</roleTerm>
    </role>
  </name>
  <name type="personal">
    <namePart>Mollerus, Johannes</namePart>
    <role>
      <roleTerm type="text">BeiträgerIn</roleTerm>
    </role>
    <role>
      <roleTerm authority="marcrelator" type="code">ctb</roleTerm>
    </role>
  </name>
  <name type="personal">
    <namePart>Reimer, Reinholdus</namePart>
    <role>
      <roleTerm type="text">BeiträgerIn</roleTerm>
    </role>
    <role>
      <roleTerm authority="marcrelator" type="code">ctb</roleTerm>
    </role>
  </name>
  <name type="personal">
    <namePart>Langelovius, Georgius</namePart>
    <role>
      <roleTerm type="text">BeiträgerIn</roleTerm>
    </role>
    <role>
      <roleTerm authority="marcrelator" type="code">ctb</roleTerm>
    </role>
  </name>
  <name type="personal">
    <namePart>Burchardi, Matthias</namePart>
    <role>
      <roleTerm type="text">BeiträgerIn</roleTerm>
    </role>
    <role>
      <roleTerm authority="marcrelator" type="code">ctb</roleTerm>
    </role>
  </name>
  <name type="personal">
    <namePart>Crügerus, Statius</namePart>
    <role>
      <roleTerm type="text">BeiträgerIn</roleTerm>
    </role>
    <role>
      <roleTerm authority="marcrelator" type="code">ctb</roleTerm>
    </role>
  </name>
  <name type="personal">
    <namePart>Clage, Thomas</namePart>
    <role>
      <roleTerm type="text">BeiträgerIn</roleTerm>
    </role>
    <role>
      <roleTerm authority="marcrelator" type="code">ctb</roleTerm>
    </role>
  </name>
  <name type="personal">
    <namePart>Radiginius, Fridericus Augustus</namePart>
    <role>
      <roleTerm type="text">BeiträgerIn</roleTerm>
    </role>
    <role>
      <roleTerm authority="marcrelator" type="code">ctb</roleTerm>
    </role>
  </name>
  <name type="personal">
    <namePart>Radiginius, Nicolaus Aemilius</namePart>
    <role>
      <roleTerm type="text">BeiträgerIn</roleTerm>
    </role>
    <role>
      <roleTerm authority="marcrelator" type="code">ctb</roleTerm>
    </role>
  </name>
  <name type="personal">
    <namePart>Fabricius, Jacobus</namePart>
    <role>
      <roleTerm type="text">BeiträgerIn</roleTerm>
    </role>
    <role>
      <roleTerm authority="marcrelator" type="code">ctb</roleTerm>
    </role>
  </name>
  <name type="personal">
    <namePart>Mollerus, Matthaeus</namePart>
    <role>
      <roleTerm type="text">BeiträgerIn</roleTerm>
    </role>
    <role>
      <roleTerm authority="marcrelator" type="code">ctb</roleTerm>
    </role>
  </name>
  <name type="personal">
    <namePart>Keil, Nikolaus</namePart>
    <namePart type="date">-1655</namePart>
    <role>
      <roleTerm authority="marcrelator" type="code">prt</roleTerm>
    </role>
    <nameIdentifier>(DE-588)103750562X (DE-627)007452691</nameIdentifier>
  </name>
  <typeOfResource>text</typeOfResource>
  <genre authority="rdacontent">nicht spezifiziert</genre>
  <genre authority="local">Gelegenheitsschrift:Tod</genre>
  <genre authority="local">Lyrik</genre>
  <originInfo>
    <place>
      <placeTerm type="code" authority="marccountry">xx</placeTerm>
    </place>
    <dateIssued encoding="marc">1640</dateIssued>
    <issuance>monographic</issuance>
  </originInfo>
  <originInfo eventType="publication">
    <place>
      <placeTerm type="text">Rostochii</placeTerm>
    </place>
    <publisher>Kilius</publisher>
    <dateIssued>1640</dateIssued>
  </originInfo>
  <language>
    <languageTerm authority="iso639-2b" type="code">lat</languageTerm>
  </language>
  <language>
    <languageTerm authority="iso639-2b" type="code">ger</languageTerm>
  </language>
  <physicalDescription>
    <form authority="marcform">print</form>
    <extent>[10] Bl 4°</extent>
    <form type="media" authority="rdamedia">nicht spezifiziert</form>
    <form type="carrier" authority="rdacarrier">nicht spezifiziert</form>
  </physicalDescription>
  <note type="statement of responsibility" altRepGroup="00">conscriptus ab Holsatis</note>
  <note type="action">Digitalisierung geplant Digitalisierung Regional durch UB Rostock pdager</note>
  <identifier type="vd17">28:726402S</identifier>
  <relatedItem>
    <location>
      <url displayLabel="Volltext" note="Kostenfrei">http://purl.uni-rostock.de/rosdok/ppn747413371</url>
    </location>
  </relatedItem>
  <recordInfo>
    <descriptionStandard>rakwb</descriptionStandard>
    <recordContentSource authority="marcorg">DE-627</recordContentSource>
    <recordCreationDate encoding="marc">130522</recordCreationDate>
    <recordChangeDate encoding="iso8601">20200310223422.0</recordChangeDate>
    <recordIdentifier source="DE-627-4">007376820</recordIdentifier>
    <recordOrigin>Converted from MARCXML to MODS version 3.6 using MARC21slim2MODS3-6.xsl
				(Revision 1.119 2018/06/21)</recordOrigin>
    <languageOfCataloging>
      <languageTerm authority="iso639-2b" type="code">ger</languageTerm>
    </languageOfCataloging>
  </recordInfo>
</mods></zs:recordData><zs:recordPosition>7</zs:recordPosition></zs:record><zs:record><zs:recordSchema>mods</zs:recordSchema><zs:recordXMLEscaping>xml</zs:recordXMLEscaping><zs:recordData><mods xmlns:xsi="http://www.w3.org/2001/XMLSchema-instance" xmlns="http://www.loc.gov/mods/v3" version="3.6" xsi:schemaLocation="http://www.loc.gov/mods/v3 http://www.loc.gov/standards/mods/v3/mods-3-6.xsd">
  <titleInfo>
    <title>Iusta Funebria In obitum ... Dn. Wilhelmi a Calheim dicti Lohausen/ supremi vigiliarum Praefecti, ... Dn. Adolphi Friderici, Ducis Megapolitani ... Placide 30. Ianuarii Rostoehii defuncti atq[ue] d. 15. Aprilis ibidem in D. Mariae perhonorifice humati</title>
  </titleInfo>
  <titleInfo type="alternative">
    <title>Rostochii</title>
  </titleInfo>
  <name type="personal">
    <namePart>Calchum, Wilhelm von</namePart>
    <namePart type="date">1584-1640</namePart>
    <role>
      <roleTerm authority="marcrelator" type="code">oth</roleTerm>
    </role>
    <nameIdentifier>(DE-588)104348348 (DE-627)004177533</nameIdentifier>
  </name>
  <name type="personal">
    <namePart>Clatten, Friederich</namePart>
    <role>
      <roleTerm type="text">BeiträgerIn</roleTerm>
    </role>
    <role>
      <roleTerm authority="marcrelator" type="code">ctb</roleTerm>
    </role>
  </name>
  <name type="personal">
    <namePart>Mithoff, Christian August</namePart>
    <role>
      <roleTerm type="text">BeiträgerIn</roleTerm>
    </role>
    <role>
      <roleTerm authority="marcrelator" type="code">ctb</roleTerm>
    </role>
  </name>
  <name type="personal">
    <namePart>Bokelman, Bernhard</namePart>
    <role>
      <roleTerm type="text">BeiträgerIn</roleTerm>
    </role>
    <role>
      <roleTerm authority="marcrelator" type="code">ctb</roleTerm>
    </role>
  </name>
  <name type="personal">
    <namePart>Wagnerus, Michael</namePart>
    <role>
      <roleTerm type="text">BeiträgerIn</roleTerm>
    </role>
    <role>
      <roleTerm authority="marcrelator" type="code">ctb</roleTerm>
    </role>
  </name>
  <name type="personal">
    <namePart>Krull, Tobias</namePart>
    <role>
      <roleTerm type="text">BeiträgerIn</roleTerm>
    </role>
    <role>
      <roleTerm authority="marcrelator" type="code">ctb</roleTerm>
    </role>
  </name>
  <name type="personal">
    <namePart>Mahler, Ascanius</namePart>
    <role>
      <roleTerm type="text">BeiträgerIn</roleTerm>
    </role>
    <role>
      <roleTerm authority="marcrelator" type="code">ctb</roleTerm>
    </role>
  </name>
  <name type="personal">
    <namePart>Cagen, Johannes</namePart>
    <role>
      <roleTerm type="text">BeiträgerIn</roleTerm>
    </role>
    <role>
      <roleTerm authority="marcrelator" type="code">ctb</roleTerm>
    </role>
  </name>
  <name type="personal">
    <namePart>Hopius, Georgius</namePart>
    <role>
      <roleTerm type="text">BeiträgerIn</roleTerm>
    </role>
    <role>
      <roleTerm authority="marcrelator" type="code">ctb</roleTerm>
    </role>
  </name>
  <name type="personal">
    <namePart>Schele, Andreas</namePart>
    <role>
      <roleTerm type="text">BeiträgerIn</roleTerm>
    </role>
    <role>
      <roleTerm authority="marcrelator" type="code">ctb</roleTerm>
    </role>
  </name>
  <name type="personal">
    <namePart>Wittörff, Christian von</namePart>
    <role>
      <roleTerm type="text">BeiträgerIn</roleTerm>
    </role>
    <role>
      <roleTerm authority="marcrelator" type="code">ctb</roleTerm>
    </role>
  </name>
  <name type="personal">
    <namePart>Borchardus, Joachimus</namePart>
    <role>
      <roleTerm type="text">BeiträgerIn</roleTerm>
    </role>
    <role>
      <roleTerm authority="marcrelator" type="code">ctb</roleTerm>
    </role>
  </name>
  <name type="personal">
    <namePart>Bokel, Hieronymus</namePart>
    <role>
      <roleTerm type="text">BeiträgerIn</roleTerm>
    </role>
    <role>
      <roleTerm authority="marcrelator" type="code">ctb</roleTerm>
    </role>
  </name>
  <name type="personal">
    <namePart>Drudius, Matthias</namePart>
    <role>
      <roleTerm type="text">BeiträgerIn</roleTerm>
    </role>
    <role>
      <roleTerm authority="marcrelator" type="code">ctb</roleTerm>
    </role>
  </name>
  <name type="personal">
    <namePart>Kolnen, Joh. Andreas</namePart>
    <role>
      <roleTerm type="text">BeiträgerIn</roleTerm>
    </role>
    <role>
      <roleTerm authority="marcrelator" type="code">ctb</roleTerm>
    </role>
  </name>
  <name type="personal">
    <namePart>Cruse, H. W.</namePart>
    <role>
      <roleTerm type="text">BeiträgerIn</roleTerm>
    </role>
    <role>
      <roleTerm authority="marcrelator" type="code">ctb</roleTerm>
    </role>
  </name>
  <name type="personal">
    <namePart>Bossen, Joan Henricus</namePart>
    <role>
      <roleTerm type="text">BeiträgerIn</roleTerm>
    </role>
    <role>
      <roleTerm authority="marcrelator" type="code">ctb</roleTerm>
    </role>
  </name>
  <name type="personal">
    <namePart>Clatten, Balthasar</namePart>
    <role>
      <roleTerm type="text">BeiträgerIn</roleTerm>
    </role>
    <role>
      <roleTerm authority="marcrelator" type="code">ctb</roleTerm>
    </role>
  </name>
  <name type="personal">
    <namePart>Balemannus, Georgius</namePart>
    <role>
      <roleTerm type="text">BeiträgerIn</roleTerm>
    </role>
    <role>
      <roleTerm authority="marcrelator" type="code">ctb</roleTerm>
    </role>
  </name>
  <name type="personal">
    <namePart>Specbötelius, Johannes</namePart>
    <role>
      <roleTerm type="text">BeiträgerIn</roleTerm>
    </role>
    <role>
      <roleTerm authority="marcrelator" type="code">ctb</roleTerm>
    </role>
  </name>
  <name type="personal">
    <namePart>Brauns, Georgius</namePart>
    <role>
      <roleTerm type="text">BeiträgerIn</roleTerm>
    </role>
    <role>
      <roleTerm authority="marcrelator" type="code">ctb</roleTerm>
    </role>
  </name>
  <name type="personal">
    <namePart>Keil, Nikolaus</namePart>
    <namePart type="date">-1655</namePart>
    <role>
      <roleTerm authority="marcrelator" type="code">prt</roleTerm>
    </role>
    <nameIdentifier>(DE-588)103750562X (DE-627)007452691</nameIdentifier>
  </name>
  <typeOfResource>text</typeOfResource>
  <genre authority="rdacontent">nicht spezifiziert</genre>
  <genre authority="local">Gelegenheitsschrift:Tod</genre>
  <genre authority="local">Lyrik</genre>
  <originInfo>
    <place>
      <placeTerm type="code" authority="marccountry">xx</placeTerm>
    </place>
    <dateIssued encoding="marc">1640</dateIssued>
    <issuance>monographic</issuance>
  </originInfo>
  <originInfo eventType="publication">
    <place>
      <placeTerm type="text">Rostochii</placeTerm>
    </place>
    <publisher>Kilius</publisher>
    <dateIssued>1640</dateIssued>
  </originInfo>
  <language>
    <languageTerm authority="iso639-2b" type="code">lat</languageTerm>
  </language>
  <language>
    <languageTerm authority="iso639-2b" type="code">ger</languageTerm>
  </language>
  <physicalDescription>
    <form authority="marcform">print</form>
    <extent>[6] Bl 4°</extent>
    <form type="media" authority="rdamedia">nicht spezifiziert</form>
    <form type="carrier" authority="rdacarrier">nicht spezifiziert</form>
  </physicalDescription>
  <note type="statement of responsibility" altRepGroup="00">Fusa a Brunsvicensibus ac Lunaeburgensibus</note>
  <note type="action">Digitalisierung geplant Digitalisierung Regional durch UB Rostock pdager</note>
  <identifier type="vd17">28:726401K</identifier>
  <relatedItem>
    <location>
      <url displayLabel="Volltext" note="Kostenfrei">http://purl.uni-rostock.de/rosdok/ppn747413274</url>
    </location>
  </relatedItem>
  <recordInfo>
    <descriptionStandard>rakwb</descriptionStandard>
    <recordContentSource authority="marcorg">DE-627</recordContentSource>
    <recordCreationDate encoding="marc">130522</recordCreationDate>
    <recordChangeDate encoding="iso8601">20200310223422.0</recordChangeDate>
    <recordIdentifier source="DE-627-4">007376804</recordIdentifier>
    <recordOrigin>Converted from MARCXML to MODS version 3.6 using MARC21slim2MODS3-6.xsl
				(Revision 1.119 2018/06/21)</recordOrigin>
    <languageOfCataloging>
      <languageTerm authority="iso639-2b" type="code">ger</languageTerm>
    </languageOfCataloging>
  </recordInfo>
</mods></zs:recordData><zs:recordPosition>8</zs:recordPosition></zs:record><zs:record><zs:recordSchema>mods</zs:recordSchema><zs:recordXMLEscaping>xml</zs:recordXMLEscaping><zs:recordData><mods xmlns:xsi="http://www.w3.org/2001/XMLSchema-instance" xmlns="http://www.loc.gov/mods/v3" version="3.6" xsi:schemaLocation="http://www.loc.gov/mods/v3 http://www.loc.gov/standards/mods/v3/mods-3-6.xsd">
  <titleInfo>
    <title>Epicedia In obitum ... Viri Dn. Wilhelmi a Calheim dicti Lohausen/ supremi vigiliarum Praefecti, ... Dn. Adolphi Friderici, Ducis Megapolitani ... Qui Placide obdormivit III. Calend. Feb. Rostochii, ibidemq[ue] XIV. Calend. Maii in templo Mariano honorifice terrae mandatus. M. D C. LX</title>
  </titleInfo>
  <name type="personal">
    <namePart>Calchum, Wilhelm von</namePart>
    <namePart type="date">1584-1640</namePart>
    <role>
      <roleTerm authority="marcrelator" type="code">oth</roleTerm>
    </role>
    <nameIdentifier>(DE-588)104348348 (DE-627)004177533</nameIdentifier>
  </name>
  <name type="personal">
    <namePart>Bruno, Samuel</namePart>
    <role>
      <roleTerm type="text">BeiträgerIn</roleTerm>
    </role>
    <role>
      <roleTerm authority="marcrelator" type="code">ctb</roleTerm>
    </role>
  </name>
  <name type="personal">
    <namePart>Schoff, Jacobus</namePart>
    <role>
      <roleTerm type="text">BeiträgerIn</roleTerm>
    </role>
    <role>
      <roleTerm authority="marcrelator" type="code">ctb</roleTerm>
    </role>
  </name>
  <name type="personal">
    <namePart>Bartholdi, Henricus</namePart>
    <role>
      <roleTerm type="text">BeiträgerIn</roleTerm>
    </role>
    <role>
      <roleTerm authority="marcrelator" type="code">ctb</roleTerm>
    </role>
  </name>
  <name type="personal">
    <namePart>Ritter, Joachim</namePart>
    <role>
      <roleTerm type="text">BeiträgerIn</roleTerm>
    </role>
    <role>
      <roleTerm authority="marcrelator" type="code">ctb</roleTerm>
    </role>
  </name>
  <name type="personal">
    <namePart>Slesius, Petrus</namePart>
    <role>
      <roleTerm type="text">BeiträgerIn</roleTerm>
    </role>
    <role>
      <roleTerm authority="marcrelator" type="code">ctb</roleTerm>
    </role>
  </name>
  <name type="personal">
    <namePart>Cotelman, Reimarus</namePart>
    <role>
      <roleTerm type="text">BeiträgerIn</roleTerm>
    </role>
    <role>
      <roleTerm authority="marcrelator" type="code">ctb</roleTerm>
    </role>
  </name>
  <name type="personal">
    <namePart>Idenius, Petrus</namePart>
    <role>
      <roleTerm type="text">BeiträgerIn</roleTerm>
    </role>
    <role>
      <roleTerm authority="marcrelator" type="code">ctb</roleTerm>
    </role>
  </name>
  <name type="personal">
    <namePart>Wasmundt, Nicolaus</namePart>
    <role>
      <roleTerm type="text">BeiträgerIn</roleTerm>
    </role>
    <role>
      <roleTerm authority="marcrelator" type="code">ctb</roleTerm>
    </role>
  </name>
  <name type="personal">
    <namePart>Hermes, Joachimus</namePart>
    <role>
      <roleTerm type="text">BeiträgerIn</roleTerm>
    </role>
    <role>
      <roleTerm authority="marcrelator" type="code">ctb</roleTerm>
    </role>
  </name>
  <name type="personal">
    <namePart>Bullaeus, Henricus</namePart>
    <role>
      <roleTerm type="text">BeiträgerIn</roleTerm>
    </role>
    <role>
      <roleTerm authority="marcrelator" type="code">ctb</roleTerm>
    </role>
  </name>
  <name type="personal">
    <namePart>Keil, Nikolaus</namePart>
    <namePart type="date">-1655</namePart>
    <role>
      <roleTerm authority="marcrelator" type="code">prt</roleTerm>
    </role>
    <nameIdentifier>(DE-588)103750562X (DE-627)007452691</nameIdentifier>
  </name>
  <typeOfResource>text</typeOfResource>
  <genre authority="rdacontent">nicht spezifiziert</genre>
  <genre authority="local">Gelegenheitsschrift:Tod</genre>
  <genre authority="local">Lyrik</genre>
  <originInfo>
    <place>
      <placeTerm type="code" authority="marccountry">xx</placeTerm>
    </place>
    <dateIssued encoding="marc">1640</dateIssued>
    <issuance>monographic</issuance>
  </originInfo>
  <originInfo eventType="publication">
    <place>
      <placeTerm type="text">Rostochii</placeTerm>
    </place>
    <publisher>Kilius</publisher>
    <dateIssued>1640</dateIssued>
  </originInfo>
  <language>
    <languageTerm authority="iso639-2b" type="code">lat</languageTerm>
  </language>
  <physicalDescription>
    <form authority="marcform">print</form>
    <extent>[4] Bl 4°</extent>
    <form type="media" authority="rdamedia">nicht spezifiziert</form>
    <form type="carrier" authority="rdacarrier">nicht spezifiziert</form>
  </physicalDescription>
  <note type="statement of responsibility" altRepGroup="00">Conscripta a Megapolitanis</note>
  <note type="action">Digitalisierung geplant Digitalisierung Regional durch UB Rostock pdager</note>
  <identifier type="vd17">28:726397H</identifier>
  <relatedItem>
    <location>
      <url displayLabel="Volltext" note="Kostenfrei">http://purl.uni-rostock.de/rosdok/ppn747413177</url>
    </location>
  </relatedItem>
  <recordInfo>
    <descriptionStandard>rakwb</descriptionStandard>
    <recordContentSource authority="marcorg">DE-627</recordContentSource>
    <recordCreationDate encoding="marc">130522</recordCreationDate>
    <recordChangeDate encoding="iso8601">20200310223422.0</recordChangeDate>
    <recordIdentifier source="DE-627-4">007376693</recordIdentifier>
    <recordOrigin>Converted from MARCXML to MODS version 3.6 using MARC21slim2MODS3-6.xsl
				(Revision 1.119 2018/06/21)</recordOrigin>
    <languageOfCataloging>
      <languageTerm authority="iso639-2b" type="code">ger</languageTerm>
    </languageOfCataloging>
  </recordInfo>
</mods></zs:recordData><zs:recordPosition>9</zs:recordPosition></zs:record><zs:record><zs:recordSchema>mods</zs:recordSchema><zs:recordXMLEscaping>xml</zs:recordXMLEscaping><zs:recordData><mods xmlns:xsi="http://www.w3.org/2001/XMLSchema-instance" xmlns="http://www.loc.gov/mods/v3" version="3.6" xsi:schemaLocation="http://www.loc.gov/mods/v3 http://www.loc.gov/standards/mods/v3/mods-3-6.xsd">
  <titleInfo>
    <title>Nenia Qua Luctuosißimum, ac beatum obitum Herois Illustris &amp; Generosi Domini, Dn. Wilhelmi a Calheim dicti Lohausen/ supremi vigiliarum Praefecti, ... Dn. Adolphi Friderici, Ducis Megapolitani ... Qui 30. die Ian. relicta hac vita ad alteram placida morte commigravit, Sympaschōn prosequitur Natio Westphalica</title>
  </titleInfo>
  <name type="personal">
    <namePart>Calchum, Wilhelm von</namePart>
    <namePart type="date">1584-1640</namePart>
    <role>
      <roleTerm authority="marcrelator" type="code">oth</roleTerm>
    </role>
    <nameIdentifier>(DE-588)104348348 (DE-627)004177533</nameIdentifier>
  </name>
  <name type="personal">
    <namePart>Keil, Nikolaus</namePart>
    <namePart type="date">-1655</namePart>
    <role>
      <roleTerm authority="marcrelator" type="code">prt</roleTerm>
    </role>
    <nameIdentifier>(DE-588)103750562X (DE-627)007452691</nameIdentifier>
  </name>
  <typeOfResource>text</typeOfResource>
  <genre authority="rdacontent">nicht spezifiziert</genre>
  <genre authority="local">Gelegenheitsschrift:Tod</genre>
  <genre authority="local">Lyrik</genre>
  <originInfo>
    <place>
      <placeTerm type="code" authority="marccountry">xx</placeTerm>
    </place>
    <dateIssued encoding="marc">1640</dateIssued>
    <issuance>monographic</issuance>
  </originInfo>
  <originInfo eventType="publication">
    <place>
      <placeTerm type="text">Rostochii</placeTerm>
    </place>
    <publisher>Kilius</publisher>
    <dateIssued>1640</dateIssued>
  </originInfo>
  <language>
    <languageTerm authority="iso639-2b" type="code">lat</languageTerm>
  </language>
  <physicalDescription>
    <form authority="marcform">print</form>
    <extent>[2] Bl 4°</extent>
    <form type="media" authority="rdamedia">nicht spezifiziert</form>
    <form type="carrier" authority="rdacarrier">nicht spezifiziert</form>
  </physicalDescription>
  <note type="action">Digitalisierung geplant Digitalisierung Regional durch UB Rostock pdager</note>
  <identifier type="vd17">28:726395T</identifier>
  <relatedItem>
    <location>
      <url displayLabel="Volltext" note="Kostenfrei">http://purl.uni-rostock.de/rosdok/ppn747413037</url>
    </location>
  </relatedItem>
  <recordInfo>
    <descriptionStandard>rakwb</descriptionStandard>
    <recordContentSource authority="marcorg">DE-627</recordContentSource>
    <recordCreationDate encoding="marc">130522</recordCreationDate>
    <recordChangeDate encoding="iso8601">20200310223422.0</recordChangeDate>
    <recordIdentifier source="DE-627-4">007376677</recordIdentifier>
    <recordOrigin>Converted from MARCXML to MODS version 3.6 using MARC21slim2MODS3-6.xsl
				(Revision 1.119 2018/06/21)</recordOrigin>
    <languageOfCataloging>
      <languageTerm authority="iso639-2b" type="code">ger</languageTerm>
    </languageOfCataloging>
  </recordInfo>
</mods></zs:recordData><zs:recordPosition>10</zs:recordPosition></zs:record><zs:record><zs:recordSchema>mods</zs:recordSchema><zs:recordXMLEscaping>xml</zs:recordXMLEscaping><zs:recordData><mods xmlns:xsi="http://www.w3.org/2001/XMLSchema-instance" xmlns="http://www.loc.gov/mods/v3" version="3.6" xsi:schemaLocation="http://www.loc.gov/mods/v3 http://www.loc.gov/standards/mods/v3/mods-3-6.xsd">
  <titleInfo>
    <title>Lachrymae In obitum ... Dn. Wilhelmi a Calheim dicti Lohausen/ Supremi Vigiliarum Praefecti, ... Dn. Adolphi Friderici, Ducis Megapolitani &amp; Consiliarii intimi ... Qui Pie placideq[ue] 30. Ianuarii Rostochii obdormivit, ibidemq[ue] 15. Aprilis in aede Mariana honorifice sepultus</title>
  </titleInfo>
  <name type="personal">
    <namePart>Calchum, Wilhelm von</namePart>
    <namePart type="date">1584-1640</namePart>
    <role>
      <roleTerm authority="marcrelator" type="code">oth</roleTerm>
    </role>
    <nameIdentifier>(DE-588)104348348 (DE-627)004177533</nameIdentifier>
  </name>
  <name type="personal">
    <namePart>Quistorpius, Johanes</namePart>
    <role>
      <roleTerm type="text">BeiträgerIn</roleTerm>
    </role>
    <role>
      <roleTerm authority="marcrelator" type="code">ctb</roleTerm>
    </role>
  </name>
  <name type="personal">
    <namePart>Schuckman, Heinrich</namePart>
    <role>
      <roleTerm type="text">BeiträgerIn</roleTerm>
    </role>
    <role>
      <roleTerm authority="marcrelator" type="code">ctb</roleTerm>
    </role>
  </name>
  <name type="personal">
    <namePart>Rahne, Henricus</namePart>
    <role>
      <roleTerm type="text">BeiträgerIn</roleTerm>
    </role>
    <role>
      <roleTerm authority="marcrelator" type="code">ctb</roleTerm>
    </role>
  </name>
  <name type="personal">
    <namePart>Varmeier, Theodor</namePart>
    <role>
      <roleTerm type="text">BeiträgerIn</roleTerm>
    </role>
    <role>
      <roleTerm authority="marcrelator" type="code">ctb</roleTerm>
    </role>
  </name>
  <name type="personal">
    <namePart>Getel, Johan</namePart>
    <role>
      <roleTerm type="text">BeiträgerIn</roleTerm>
    </role>
    <role>
      <roleTerm authority="marcrelator" type="code">ctb</roleTerm>
    </role>
  </name>
  <name type="personal">
    <namePart>Stockmann, Joachimus</namePart>
    <role>
      <roleTerm type="text">BeiträgerIn</roleTerm>
    </role>
    <role>
      <roleTerm authority="marcrelator" type="code">ctb</roleTerm>
    </role>
  </name>
  <name type="personal">
    <namePart>Taddel, Elias</namePart>
    <role>
      <roleTerm type="text">BeiträgerIn</roleTerm>
    </role>
    <role>
      <roleTerm authority="marcrelator" type="code">ctb</roleTerm>
    </role>
  </name>
  <name type="personal">
    <namePart>Stein, Johannes</namePart>
    <role>
      <roleTerm type="text">BeiträgerIn</roleTerm>
    </role>
    <role>
      <roleTerm authority="marcrelator" type="code">ctb</roleTerm>
    </role>
  </name>
  <name type="personal">
    <namePart>Tunderus, David</namePart>
    <role>
      <roleTerm type="text">BeiträgerIn</roleTerm>
    </role>
    <role>
      <roleTerm authority="marcrelator" type="code">ctb</roleTerm>
    </role>
  </name>
  <name type="personal">
    <namePart>Lohe, Matthias vom</namePart>
    <role>
      <roleTerm type="text">BeiträgerIn</roleTerm>
    </role>
    <role>
      <roleTerm authority="marcrelator" type="code">ctb</roleTerm>
    </role>
  </name>
  <name type="personal">
    <namePart>Käntzler, Johannes</namePart>
    <role>
      <roleTerm type="text">BeiträgerIn</roleTerm>
    </role>
    <role>
      <roleTerm authority="marcrelator" type="code">ctb</roleTerm>
    </role>
  </name>
  <name type="personal">
    <namePart>Sandhagen, Rembertus</namePart>
    <role>
      <roleTerm type="text">BeiträgerIn</roleTerm>
    </role>
    <role>
      <roleTerm authority="marcrelator" type="code">ctb</roleTerm>
    </role>
  </name>
  <name type="personal">
    <namePart>Harberding, Johanuas</namePart>
    <role>
      <roleTerm type="text">BeiträgerIn</roleTerm>
    </role>
    <role>
      <roleTerm authority="marcrelator" type="code">ctb</roleTerm>
    </role>
  </name>
  <name type="personal">
    <namePart>Lütkemann, Joachimus</namePart>
    <role>
      <roleTerm type="text">BeiträgerIn</roleTerm>
    </role>
    <role>
      <roleTerm authority="marcrelator" type="code">ctb</roleTerm>
    </role>
  </name>
  <name type="personal">
    <namePart>Corfinius, Johannes</namePart>
    <role>
      <roleTerm type="text">BeiträgerIn</roleTerm>
    </role>
    <role>
      <roleTerm authority="marcrelator" type="code">ctb</roleTerm>
    </role>
  </name>
  <name type="personal">
    <namePart>Müller, Samuel</namePart>
    <role>
      <roleTerm type="text">BeiträgerIn</roleTerm>
    </role>
    <role>
      <roleTerm authority="marcrelator" type="code">ctb</roleTerm>
    </role>
  </name>
  <name type="personal">
    <namePart>Keil, Nikolaus</namePart>
    <namePart type="date">-1655</namePart>
    <role>
      <roleTerm authority="marcrelator" type="code">prt</roleTerm>
    </role>
    <nameIdentifier>(DE-588)103750562X (DE-627)007452691</nameIdentifier>
  </name>
  <typeOfResource>text</typeOfResource>
  <genre authority="rdacontent">nicht spezifiziert</genre>
  <genre authority="local">Lyrik</genre>
  <genre authority="local">Gelegenheitsschrift:Tod</genre>
  <originInfo>
    <place>
      <placeTerm type="code" authority="marccountry">xx</placeTerm>
    </place>
    <dateIssued encoding="marc">1640</dateIssued>
    <issuance>monographic</issuance>
  </originInfo>
  <originInfo eventType="publication">
    <place>
      <placeTerm type="text">Rostochii</placeTerm>
    </place>
    <publisher>Kilius</publisher>
    <dateIssued>1640</dateIssued>
  </originInfo>
  <language>
    <languageTerm authority="iso639-2b" type="code">lat</languageTerm>
  </language>
  <physicalDescription>
    <form authority="marcform">print</form>
    <extent>[6] Bl 4°</extent>
    <form type="media" authority="rdamedia">nicht spezifiziert</form>
    <form type="carrier" authority="rdacarrier">nicht spezifiziert</form>
  </physicalDescription>
  <note type="statement of responsibility" altRepGroup="00">Anno 1640. Conscriptae a Reverend. &amp; Clariss. Dominis Professoribus ac Minist. Eccles.</note>
  <note type="action">Digitalisierung geplant Digitalisierung Regional durch UB Rostock pdager</note>
  <identifier type="vd17">28:726393C</identifier>
  <relatedItem>
    <location>
      <url displayLabel="Volltext" note="Kostenfrei">http://purl.uni-rostock.de/rosdok/ppn747412928</url>
    </location>
  </relatedItem>
  <recordInfo>
    <descriptionStandard>rakwb</descriptionStandard>
    <recordContentSource authority="marcorg">DE-627</recordContentSource>
    <recordCreationDate encoding="marc">130522</recordCreationDate>
    <recordChangeDate encoding="iso8601">20200310223422.0</recordChangeDate>
    <recordIdentifier source="DE-627-4">007376650</recordIdentifier>
    <recordOrigin>Converted from MARCXML to MODS version 3.6 using MARC21slim2MODS3-6.xsl
				(Revision 1.119 2018/06/21)</recordOrigin>
    <languageOfCataloging>
      <languageTerm authority="iso639-2b" type="code">ger</languageTerm>
    </languageOfCataloging>
  </recordInfo>
</mods></zs:recordData><zs:recordPosition>11</zs:recordPosition></zs:record><zs:record><zs:recordSchema>mods</zs:recordSchema><zs:recordXMLEscaping>xml</zs:recordXMLEscaping><zs:recordData><mods xmlns:xsi="http://www.w3.org/2001/XMLSchema-instance" xmlns="http://www.loc.gov/mods/v3" version="3.6" xsi:schemaLocation="http://www.loc.gov/mods/v3 http://www.loc.gov/standards/mods/v3/mods-3-6.xsd">
  <titleInfo>
    <title>Rector Universitatis Rostochiensis Johannes Quistorpius D. &amp; Theol. Facult. Senior. Ad Exequias Quas ... Dn. Wilhelmo a Calhein dicto Lohausen/ Generali Maiori &amp; apud Rostochienses Commendanti militiae supremo, Vidua moestißima In templo Mariano, ad horam Tertiam, paratas cupit, Omnes Academiae cives amanter invitat</title>
  </titleInfo>
  <name type="personal">
    <namePart>Quistorp, Johann</namePart>
    <namePart type="date">1584-1648</namePart>
    <role>
      <roleTerm authority="marcrelator" type="code">oth</roleTerm>
    </role>
    <nameIdentifier>(DE-588)117684058 (DE-627)004277953 (DE-576)291589510</nameIdentifier>
  </name>
  <name type="personal">
    <namePart>Calchum, Wilhelm von</namePart>
    <namePart type="date">1584-1640</namePart>
    <role>
      <roleTerm authority="marcrelator" type="code">oth</roleTerm>
    </role>
    <nameIdentifier>(DE-588)104348348 (DE-627)004177533</nameIdentifier>
  </name>
  <name type="personal">
    <namePart>Keil, Nikolaus</namePart>
    <namePart type="date">-1655</namePart>
    <role>
      <roleTerm authority="marcrelator" type="code">prt</roleTerm>
    </role>
    <nameIdentifier>(DE-588)103750562X (DE-627)007452691</nameIdentifier>
  </name>
  <typeOfResource>text</typeOfResource>
  <genre authority="rdacontent">nicht spezifiziert</genre>
  <genre authority="local">Gelegenheitsschrift:Einladung</genre>
  <genre authority="local">Hochschulschrift</genre>
  <genre authority="local">Gelegenheitsschrift:Tod</genre>
  <originInfo>
    <place>
      <placeTerm type="code" authority="marccountry">xx</placeTerm>
    </place>
    <dateIssued encoding="marc">1640</dateIssued>
    <issuance>monographic</issuance>
  </originInfo>
  <originInfo eventType="publication">
    <place>
      <placeTerm type="text">Rostochii</placeTerm>
    </place>
    <publisher>Kilius</publisher>
    <dateIssued>1640</dateIssued>
  </originInfo>
  <language>
    <languageTerm authority="iso639-2b" type="code">lat</languageTerm>
  </language>
  <physicalDescription>
    <form authority="marcform">print</form>
    <extent>[6] Bl</extent>
    <form type="media" authority="rdamedia">nicht spezifiziert</form>
    <form type="carrier" authority="rdacarrier">nicht spezifiziert</form>
  </physicalDescription>
  <note>Signaturformel: G-H2</note>
  <note type="action">Digitalisierung geplant Digitalisierung Regional durch UB Rostock pdager</note>
  <identifier type="vd17">28:726392V</identifier>
  <relatedItem>
    <location>
      <url displayLabel="Volltext" note="Kostenfrei">http://purl.uni-rostock.de/rosdok/ppn747412332</url>
    </location>
  </relatedItem>
  <recordInfo>
    <descriptionStandard>rakwb</descriptionStandard>
    <recordContentSource authority="marcorg">DE-627</recordContentSource>
    <recordCreationDate encoding="marc">130522</recordCreationDate>
    <recordChangeDate encoding="iso8601">20200310223422.0</recordChangeDate>
    <recordIdentifier source="DE-627-4">007376642</recordIdentifier>
    <recordOrigin>Converted from MARCXML to MODS version 3.6 using MARC21slim2MODS3-6.xsl
				(Revision 1.119 2018/06/21)</recordOrigin>
    <languageOfCataloging>
      <languageTerm authority="iso639-2b" type="code">ger</languageTerm>
    </languageOfCataloging>
  </recordInfo>
</mods></zs:recordData><zs:recordPosition>12</zs:recordPosition></zs:record><zs:record><zs:recordSchema>mods</zs:recordSchema><zs:recordXMLEscaping>xml</zs:recordXMLEscaping><zs:recordData><mods xmlns:xsi="http://www.w3.org/2001/XMLSchema-instance" xmlns="http://www.loc.gov/mods/v3" version="3.6" xsi:schemaLocation="http://www.loc.gov/mods/v3 http://www.loc.gov/standards/mods/v3/mods-3-6.xsd">
  <titleInfo>
    <title>Miles Christianus, Ein Christlicher Kriegsmann/ Das ist/ Leich und EhrenPredigt von rechtschaffenen Gott wolgefälligen Qualiteten beyde eines Tapffern Weltlichen Kriegsmanns/ im Kampff vieler leiblicher Feinde/ und dann auch eines rechtschaffenen Geistlichen Kriegsmanns/ und guten Streiters Christi ... Bey ... Begrebnuß des Weyland ... Herrn Wilhelm von Calheims/ genandt Lohausen/ GeneralMajoren/ auch Fürstl. Mechlenb. geheimen und KriegsRath/ bestalten Obristen und Commendanten der Stadt Rostock/ Den 15. April. Anno 1640. daselbst in der Hauptkirchen zu S. Marien gehalten</title>
  </titleInfo>
  <name type="personal" usage="primary">
    <namePart>Fiedler, Konstantin</namePart>
    <namePart type="date">1579-1644</namePart>
    <role>
      <roleTerm authority="marcrelator" type="code">aut</roleTerm>
    </role>
    <nameIdentifier>(DE-588)124862616 (DE-627)004918967</nameIdentifier>
  </name>
  <name type="personal">
    <namePart>Calchum, Wilhelm von</namePart>
    <namePart type="date">1584-1640</namePart>
    <role>
      <roleTerm authority="marcrelator" type="code">oth</roleTerm>
    </role>
    <nameIdentifier>(DE-588)104348348 (DE-627)004177533</nameIdentifier>
  </name>
  <name type="personal">
    <namePart>Keil, Nikolaus</namePart>
    <namePart type="date">-1655</namePart>
    <role>
      <roleTerm authority="marcrelator" type="code">prt</roleTerm>
    </role>
    <nameIdentifier>(DE-588)103750562X (DE-627)007452691</nameIdentifier>
  </name>
  <typeOfResource>text</typeOfResource>
  <genre authority="rdacontent">nicht spezifiziert</genre>
  <genre authority="local">Leichenpredigt</genre>
  <originInfo>
    <place>
      <placeTerm type="code" authority="marccountry">xx</placeTerm>
    </place>
    <dateIssued encoding="marc">1640</dateIssued>
    <issuance>monographic</issuance>
  </originInfo>
  <originInfo eventType="publication">
    <place>
      <placeTerm type="text">Rostock</placeTerm>
    </place>
    <publisher>Keyl</publisher>
    <dateIssued>1640</dateIssued>
  </originInfo>
  <language>
    <languageTerm authority="iso639-2b" type="code">ger</languageTerm>
  </language>
  <physicalDescription>
    <form authority="marcform">print</form>
    <extent>[35] Bl 4°</extent>
    <form type="media" authority="rdamedia">nicht spezifiziert</form>
    <form type="carrier" authority="rdacarrier">nicht spezifiziert</form>
  </physicalDescription>
  <note type="statement of responsibility" altRepGroup="00">Durch Constantinum Fidlerum, der jetztgedachten KirchenPastoren und Superintendenten daselbst</note>
  <note type="action">Digitalisierung geplant Digitalisierung Regional durch UB Rostock pdager</note>
  <identifier type="vd17">28:726390E</identifier>
  <relatedItem>
    <location>
      <url displayLabel="Volltext" note="Kostenfrei">http://purl.uni-rostock.de/rosdok/ppn747412057</url>
    </location>
  </relatedItem>
  <recordInfo>
    <descriptionStandard>rakwb</descriptionStandard>
    <recordContentSource authority="marcorg">DE-627</recordContentSource>
    <recordCreationDate encoding="marc">130521</recordCreationDate>
    <recordChangeDate encoding="iso8601">20200310223421.0</recordChangeDate>
    <recordIdentifier source="DE-627-4">007376553</recordIdentifier>
    <recordOrigin>Converted from MARCXML to MODS version 3.6 using MARC21slim2MODS3-6.xsl
				(Revision 1.119 2018/06/21)</recordOrigin>
    <languageOfCataloging>
      <languageTerm authority="iso639-2b" type="code">ger</languageTerm>
    </languageOfCataloging>
  </recordInfo>
</mods></zs:recordData><zs:recordPosition>13</zs:recordPosition></zs:record><zs:record><zs:recordSchema>mods</zs:recordSchema><zs:recordXMLEscaping>xml</zs:recordXMLEscaping><zs:recordData><mods xmlns:xsi="http://www.w3.org/2001/XMLSchema-instance" xmlns="http://www.loc.gov/mods/v3" version="3.6" xsi:schemaLocation="http://www.loc.gov/mods/v3 http://www.loc.gov/standards/mods/v3/mods-3-6.xsd">
  <titleInfo>
    <title>Sacra Parentalia Decessui &amp; Memoriae Generosi Ac Nobilissimi Herois Dn. Wilhelmi a Calcheim/ dicti Lohausen ... Ducis Megapolitani &amp;c. &amp;c. Consiliarii, rerum bellicarum Directoris, &amp; apud Rostochienses Praesidii militaris Moderatoris</title>
  </titleInfo>
  <name type="personal" usage="primary">
    <namePart>Bodock, Lorenz</namePart>
    <namePart type="date">1607-1663</namePart>
    <role>
      <roleTerm authority="marcrelator" type="code">aut</roleTerm>
    </role>
    <nameIdentifier>(DE-588)123139074 (DE-627)004638816 (DE-576)293573212</nameIdentifier>
  </name>
  <name type="personal">
    <namePart>Calchum, Wilhelm von</namePart>
    <namePart type="date">1584-1640</namePart>
    <role>
      <roleTerm authority="marcrelator" type="code">oth</roleTerm>
    </role>
    <nameIdentifier>(DE-588)104348348 (DE-627)004177533</nameIdentifier>
  </name>
  <name type="personal">
    <namePart>Adolphus Fridericus</namePart>
    <namePart type="termsOfAddress">Dux Megapolitanus</namePart>
    <role>
      <roleTerm type="text">WidmungsempfängerIn</roleTerm>
    </role>
    <role>
      <roleTerm authority="marcrelator" type="code">dte</roleTerm>
    </role>
  </name>
  <name type="personal">
    <namePart>Keil, Nikolaus</namePart>
    <namePart type="date">-1655</namePart>
    <role>
      <roleTerm authority="marcrelator" type="code">prt</roleTerm>
    </role>
    <nameIdentifier>(DE-588)103750562X (DE-627)007452691</nameIdentifier>
  </name>
  <name type="corporate">
    <namePart>Universität Rostock</namePart>
    <role>
      <roleTerm authority="marcrelator" type="code">oth</roleTerm>
    </role>
  </name>
  <typeOfResource>text</typeOfResource>
  <genre authority="rdacontent">nicht spezifiziert</genre>
  <genre authority="local">Hochschulschrift</genre>
  <genre authority="local">Rede</genre>
  <genre authority="local">Gelegenheitsschrift:Tod</genre>
  <originInfo>
    <place>
      <placeTerm type="code" authority="marccountry">xx</placeTerm>
    </place>
    <dateIssued encoding="marc">1640</dateIssued>
    <issuance>monographic</issuance>
  </originInfo>
  <originInfo eventType="publication">
    <place>
      <placeTerm type="text">Rostochii</placeTerm>
    </place>
    <publisher>Kilius</publisher>
    <dateIssued>1640</dateIssued>
  </originInfo>
  <language>
    <languageTerm authority="iso639-2b" type="code">lat</languageTerm>
  </language>
  <physicalDescription>
    <form authority="marcform">print</form>
    <extent>[10] Bl 4°</extent>
    <form type="media" authority="rdamedia">nicht spezifiziert</form>
    <form type="carrier" authority="rdacarrier">nicht spezifiziert</form>
  </physicalDescription>
  <note type="statement of responsibility" altRepGroup="00">Dicata &amp; habita Post solemnem funeris deductionem In Incluta Rosarum Academia, a M. Laurentio Bodock ...</note>
  <note>Schlüsselseiten aus dem Exemplar der SUB Göttingen: 8 H MECKL 8740</note>
  <identifier type="vd17">7:697753Y</identifier>
  <relatedItem>
    <location>
      <url displayLabel="Volltext" note="Kostenfrei">http://resolver.sub.uni-goettingen.de/purl?PPN598698531</url>
    </location>
  </relatedItem>
  <recordInfo>
    <descriptionStandard>rakwb</descriptionStandard>
    <recordContentSource authority="marcorg">DE-627</recordContentSource>
    <recordCreationDate encoding="marc">070711</recordCreationDate>
    <recordChangeDate encoding="iso8601">20200310222233.0</recordChangeDate>
    <recordIdentifier source="DE-627-4">00604493X</recordIdentifier>
    <recordOrigin>Converted from MARCXML to MODS version 3.6 using MARC21slim2MODS3-6.xsl
				(Revision 1.119 2018/06/21)</recordOrigin>
    <languageOfCataloging>
      <languageTerm authority="iso639-2b" type="code">ger</languageTerm>
    </languageOfCataloging>
  </recordInfo>
</mods></zs:recordData><zs:recordPosition>14</zs:recordPosition></zs:record><zs:record><zs:recordSchema>mods</zs:recordSchema><zs:recordXMLEscaping>xml</zs:recordXMLEscaping><zs:recordData><mods xmlns:xsi="http://www.w3.org/2001/XMLSchema-instance" xmlns="http://www.loc.gov/mods/v3" version="3.6" xsi:schemaLocation="http://www.loc.gov/mods/v3 http://www.loc.gov/standards/mods/v3/mods-3-6.xsd">
  <titleInfo>
    <nonSort xml:space="preserve">Petri  </nonSort>
    <title>Mederi Ceidinensis Saxonis Transylvani Mag. Phil. ... Anagrammatum Libri Tres. in quibus Partim Vitia huius seculi ut belli Causae breviter perstringuntur. Partim Encomia &amp; Laudes Generosi, Magnifici, ac Nobilissimi Viri, Dn. Gulielmi a Calcheim cognomento Lohausen, delineantur</title>
  </titleInfo>
  <name type="personal" usage="primary">
    <namePart>Meder, Peter</namePart>
    <namePart type="date">1602-1678</namePart>
    <role>
      <roleTerm authority="marcrelator" type="code">aut</roleTerm>
    </role>
    <nameIdentifier>(DE-588)120473968 (DE-627)004381726 (DE-576)292238630</nameIdentifier>
  </name>
  <name type="personal">
    <namePart>Calchum, Wilhelm von</namePart>
    <namePart type="date">1584-1640</namePart>
    <role>
      <roleTerm authority="marcrelator" type="code">oth</roleTerm>
    </role>
    <nameIdentifier>(DE-588)104348348 (DE-627)004177533</nameIdentifier>
  </name>
  <name type="personal">
    <namePart>Krugk, Georg</namePart>
    <role>
      <roleTerm type="text">BeiträgerIn</roleTerm>
    </role>
    <role>
      <roleTerm authority="marcrelator" type="code">ctb</roleTerm>
    </role>
    <nameIdentifier>(DE-588)122777190 (DE-627)00460881X (DE-576)29341680X</nameIdentifier>
  </name>
  <name type="personal">
    <namePart>Stein, Johann</namePart>
    <namePart type="date">1579-1663</namePart>
    <role>
      <roleTerm type="text">BeiträgerIn</roleTerm>
    </role>
    <role>
      <roleTerm authority="marcrelator" type="code">ctb</roleTerm>
    </role>
    <nameIdentifier>(DE-588)124718485 (DE-627)004710371 (DE-576)294464808</nameIdentifier>
  </name>
  <name type="personal">
    <namePart>Erasmi, Georg Nikolaus</namePart>
    <role>
      <roleTerm type="text">BeiträgerIn</roleTerm>
    </role>
    <role>
      <roleTerm authority="marcrelator" type="code">ctb</roleTerm>
    </role>
    <nameIdentifier>(DE-588)12135072X (DE-627)004443756 (DE-576)29266365X</nameIdentifier>
  </name>
  <name type="personal">
    <namePart>Schemtei, Benedictus</namePart>
    <role>
      <roleTerm type="text">BeiträgerIn</roleTerm>
    </role>
    <role>
      <roleTerm authority="marcrelator" type="code">ctb</roleTerm>
    </role>
    <nameIdentifier>(DE-588)10430927X (DE-627)004164970 (DE-576)289044758</nameIdentifier>
  </name>
  <name type="personal">
    <namePart>Hallervord, Johann</namePart>
    <namePart type="date">1581-1645</namePart>
    <role>
      <roleTerm authority="marcrelator" type="code">prt</roleTerm>
    </role>
    <nameIdentifier>(DE-588)129432989 (DE-627)005363233 (DE-576)29765764X</nameIdentifier>
  </name>
  <typeOfResource>text</typeOfResource>
  <genre authority="rdacontent">nicht spezifiziert</genre>
  <originInfo>
    <place>
      <placeTerm type="code" authority="marccountry">xx</placeTerm>
    </place>
    <dateIssued encoding="marc">1638</dateIssued>
    <issuance>monographic</issuance>
  </originInfo>
  <originInfo eventType="publication">
    <place>
      <placeTerm type="text">Rostochii</placeTerm>
    </place>
    <publisher>Hallervord</publisher>
    <dateIssued>1638</dateIssued>
  </originInfo>
  <language>
    <languageTerm authority="iso639-2b" type="code">lat</languageTerm>
  </language>
  <physicalDescription>
    <form authority="marcform">print</form>
    <extent>[60] Bl 12°</extent>
    <form type="media" authority="rdamedia">nicht spezifiziert</form>
    <form type="carrier" authority="rdacarrier">nicht spezifiziert</form>
  </physicalDescription>
  <note type="action">Digitalisierung geplant Digitalisierung Regional durch UB Rostock pdager</note>
  <identifier type="vd17">28:718257G</identifier>
  <relatedItem>
    <location>
      <url displayLabel="Volltext" note="Kostenfrei">http://purl.uni-rostock.de/rosdok/ppn727399306</url>
    </location>
  </relatedItem>
  <recordInfo>
    <descriptionStandard>rakwb</descriptionStandard>
    <recordContentSource authority="marcorg">DE-627</recordContentSource>
    <recordCreationDate encoding="marc">110829</recordCreationDate>
    <recordChangeDate encoding="iso8601">20200310223056.0</recordChangeDate>
    <recordIdentifier source="DE-627-4">006802974</recordIdentifier>
    <recordOrigin>Converted from MARCXML to MODS version 3.6 using MARC21slim2MODS3-6.xsl
				(Revision 1.119 2018/06/21)</recordOrigin>
    <languageOfCataloging>
      <languageTerm authority="iso639-2b" type="code">ger</languageTerm>
    </languageOfCataloging>
  </recordInfo>
</mods></zs:recordData><zs:recordPosition>15</zs:recordPosition></zs:record><zs:record><zs:recordSchema>mods</zs:recordSchema><zs:recordXMLEscaping>xml</zs:recordXMLEscaping><zs:recordData><mods xmlns:xsi="http://www.w3.org/2001/XMLSchema-instance" xmlns="http://www.loc.gov/mods/v3" version="3.6" xsi:schemaLocation="http://www.loc.gov/mods/v3 http://www.loc.gov/standards/mods/v3/mods-3-6.xsd">
  <titleInfo>
    <nonSort xml:space="preserve">Der  </nonSort>
    <title>Verfolgte David</title>
  </titleInfo>
  <titleInfo type="alternative">
    <title>italienischem Markgrafen deutsch</title>
  </titleInfo>
  <titleInfo type="uniform" nameTitleGroup="1">
    <title>Davide perseguitato &lt;dt.&gt;</title>
  </titleInfo>
  <name type="personal" usage="primary" nameTitleGroup="1">
    <namePart>Malvezzi, Virgilio</namePart>
    <namePart type="date">1595-1654</namePart>
    <role>
      <roleTerm authority="marcrelator" type="code">aut</roleTerm>
    </role>
    <nameIdentifier>(DE-588)119029510 (DE-627)004311485</nameIdentifier>
  </name>
  <name type="personal">
    <namePart>Calchum, Wilhelm von</namePart>
    <namePart type="date">1584-1640</namePart>
    <role>
      <roleTerm authority="marcrelator" type="code">oth</roleTerm>
    </role>
    <nameIdentifier>(DE-588)104348348 (DE-627)004177533</nameIdentifier>
  </name>
  <name type="personal">
    <namePart>Hallervord, Johann</namePart>
    <namePart type="date">1581-1645</namePart>
    <role>
      <roleTerm authority="marcrelator" type="code">prt</roleTerm>
    </role>
    <nameIdentifier>(DE-588)129432989 (DE-627)005363233 (DE-576)29765764X</nameIdentifier>
  </name>
  <name type="personal">
    <namePart>Meder, Michael</namePart>
    <namePart type="date">1614-1690</namePart>
    <role>
      <roleTerm authority="marcrelator" type="code">prt</roleTerm>
    </role>
    <nameIdentifier>(DE-588)124819443 (DE-627)004905113 (DE-576)294518835</nameIdentifier>
  </name>
  <typeOfResource>text</typeOfResource>
  <genre authority="rdacontent">nicht spezifiziert</genre>
  <genre authority="local">Kommentar: theol.</genre>
  <originInfo>
    <place>
      <placeTerm type="code" authority="marccountry">xx</placeTerm>
    </place>
    <dateIssued encoding="marc">1638</dateIssued>
    <issuance>monographic</issuance>
  </originInfo>
  <originInfo eventType="publication">
    <place>
      <placeTerm type="text">Rostock</placeTerm>
    </place>
    <publisher>Hallervort</publisher>
    <dateIssued>1638</dateIssued>
  </originInfo>
  <originInfo eventType="publication">
    <place>
      <placeTerm type="text">Rostock</placeTerm>
    </place>
    <publisher>Meder</publisher>
    <dateIssued>1638</dateIssued>
  </originInfo>
  <language>
    <languageTerm authority="iso639-2b" type="code">ger</languageTerm>
  </language>
  <physicalDescription>
    <form authority="marcform">print</form>
    <internetMediaType>image/jpeg</internetMediaType>
    <extent>[12] Bl., 263 S., [19] Bl 8°</extent>
    <form type="media" authority="rdamedia">nicht spezifiziert</form>
    <form type="carrier" authority="rdacarrier">nicht spezifiziert</form>
  </physicalDescription>
  <note type="statement of responsibility" altRepGroup="00">Auß Italianischem/ Herrn Marggraffen Virgilio Malvezzi. Teutsch ubergesetzt Durch Wilhelm von Kalcheim/ genant Lohausen ...</note>
  <note>Schlüsselseiten aus dem Exemplar der HAB Wolfenbüttel: C 77.8° Helmst</note>
  <note type="action">Digitalisierung geplant Digitalisierung Regional durch UB Rostock; bereits digitalisiert pdager</note>
  <relatedItem>
    <titleInfo>
      <title>Davide perseguitato &lt;dt.&gt;</title>
    </titleInfo>
    <name type="personal">
      <namePart>Malvezzi, Virgilio</namePart>
      <namePart type="date">1595-1654</namePart>
    </name>
  </relatedItem>
  <relatedItem>
    <internetMediaType>image/jpeg</internetMediaType>
  </relatedItem>
  <identifier type="vd17">23:275362B</identifier>
  <relatedItem>
    <location>
      <url displayLabel="Volltext" note="Kostenfrei">http://diglib.hab.de/drucke/c-77-8f-helmst/start.htm</url>
    </location>
  </relatedItem>
  <recordInfo>
    <descriptionStandard>rakwb</descriptionStandard>
    <recordContentSource authority="marcorg">DE-627</recordContentSource>
    <recordCreationDate encoding="marc">020901</recordCreationDate>
    <recordChangeDate encoding="iso8601">20200310205744.0</recordChangeDate>
    <recordIdentifier source="DE-627-4">00008686X</recordIdentifier>
    <recordOrigin>Converted from MARCXML to MODS version 3.6 using MARC21slim2MODS3-6.xsl
				(Revision 1.119 2018/06/21)</recordOrigin>
    <languageOfCataloging>
      <languageTerm authority="iso639-2b" type="code">ger</languageTerm>
    </languageOfCataloging>
  </recordInfo>
</mods></zs:recordData><zs:recordPosition>16</zs:recordPosition></zs:record><zs:record><zs:recordSchema>mods</zs:recordSchema><zs:recordXMLEscaping>xml</zs:recordXMLEscaping><zs:recordData><mods xmlns:xsi="http://www.w3.org/2001/XMLSchema-instance" xmlns="http://www.loc.gov/mods/v3" version="3.6" xsi:schemaLocation="http://www.loc.gov/mods/v3 http://www.loc.gov/standards/mods/v3/mods-3-6.xsd">
  <titleInfo>
    <title>Articvlen, So Ihr Excellents der Herr General Major Kniphausen an den Käyserlichen Contara Commandant in Kemnitz vergönnet</title>
    <subTitle>Vnd hernacher an den Käy: Obrist. Wachtmeister Moßer Commandant auffm Schloß Pleissenburg so an die Stadt Leipzig gelegen/ durch ein Trombter geschickt, sampt die darauff gefolgte Antwort</subTitle>
  </titleInfo>
  <titleInfo type="alternative">
    <title>Artikel Exzellenz kaiserlichen Kommandant Chemnitz</title>
  </titleInfo>
  <titleInfo type="alternative">
    <title>Articulen, So Ihr Excellents der Herr General Major Kniphausen an den Käyserlichen Contara Commandant in Kemnitz vergönnet</title>
  </titleInfo>
  <titleInfo type="uniform">
    <title>Articulen, So Ihr Excellents der Herr General Major Kniphausen an den Käyserlichen Contara Commandant in Kemnitz vergönnet</title>
  </titleInfo>
  <name type="personal">
    <namePart>Innhausen und Knyphausen, Dodo von</namePart>
    <namePart type="date">1583-1636</namePart>
    <role>
      <roleTerm type="text">VerfasserIn</roleTerm>
    </role>
    <role>
      <roleTerm authority="marcrelator" type="code">aut</roleTerm>
    </role>
    <nameIdentifier>(DE-588)122910311 (DE-627)004621034 (DE-576)293473404</nameIdentifier>
  </name>
  <name type="personal">
    <namePart>Calchum, Wilhelm von</namePart>
    <namePart type="date">1584-1640</namePart>
    <role>
      <roleTerm type="text">VerfasserIn</roleTerm>
    </role>
    <role>
      <roleTerm authority="marcrelator" type="code">aut</roleTerm>
    </role>
    <nameIdentifier>(DE-588)104348348 (DE-627)004177533</nameIdentifier>
  </name>
  <name type="personal">
    <namePart>Moßer, Melchior</namePart>
    <role>
      <roleTerm type="text">VerfasserIn</roleTerm>
    </role>
    <role>
      <roleTerm authority="marcrelator" type="code">aut</roleTerm>
    </role>
  </name>
  <typeOfResource>text</typeOfResource>
  <genre authority="rdacontent">Text</genre>
  <genre authority="local">Flugschrift</genre>
  <originInfo>
    <place>
      <placeTerm type="code" authority="marccountry">xx</placeTerm>
    </place>
    <dateIssued encoding="marc">1632</dateIssued>
    <issuance>monographic</issuance>
  </originInfo>
  <originInfo eventType="publication">
    <place>
      <placeTerm type="text">[Erscheinungsort nicht ermittelbar]</placeTerm>
    </place>
    <publisher>[Verlag nicht ermittelbar]</publisher>
    <dateIssued>[1632?]</dateIssued>
  </originInfo>
  <language>
    <languageTerm authority="iso639-2b" type="code">ger</languageTerm>
  </language>
  <physicalDescription>
    <form authority="marcform">print</form>
    <extent>4 ungezählte Seiten 4°</extent>
    <form type="media" authority="rdamedia">ohne Hilfsmittel zu benutzen</form>
    <form type="carrier" authority="rdacarrier">Band</form>
  </physicalDescription>
  <note type="statement of responsibility" altRepGroup="00">Dodo von Inhausen vnd Kniphausen</note>
  <note>Vorlageform der Veröffentlichungsangabe: Gedruckt im Jahr. - Am Textende datiert: Signatum 27. Novembris Anno 1632.</note>
  <note type="action">Digitalisierung geplant Digitalisierung UB Leipzig pdager</note>
  <identifier type="vd17">15:741944V</identifier>
  <recordInfo>
    <descriptionStandard>rda</descriptionStandard>
    <recordContentSource authority="marcorg">DE-627</recordContentSource>
    <recordCreationDate encoding="marc">170822</recordCreationDate>
    <recordChangeDate encoding="iso8601">20190507124651.0</recordChangeDate>
    <recordIdentifier source="DE-627-4">008406790</recordIdentifier>
    <recordOrigin>Converted from MARCXML to MODS version 3.6 using MARC21slim2MODS3-6.xsl
				(Revision 1.119 2018/06/21)</recordOrigin>
    <languageOfCataloging>
      <languageTerm authority="iso639-2b" type="code">ger</languageTerm>
    </languageOfCataloging>
  </recordInfo>
</mods></zs:recordData><zs:recordPosition>17</zs:recordPosition></zs:record><zs:record><zs:recordSchema>mods</zs:recordSchema><zs:recordXMLEscaping>xml</zs:recordXMLEscaping><zs:recordData><mods xmlns:xsi="http://www.w3.org/2001/XMLSchema-instance" xmlns="http://www.loc.gov/mods/v3" version="3.6" xsi:schemaLocation="http://www.loc.gov/mods/v3 http://www.loc.gov/standards/mods/v3/mods-3-6.xsd">
  <titleInfo>
    <nonSort xml:space="preserve">C.  </nonSort>
    <title>Crisp. Sal. Von Catilinischer rottierung und Jugurthischem Krieg verteuscht</title>
  </titleInfo>
  <titleInfo type="alternative">
    <title>Jugurtha Catilina KriegsDiscoursen Kriegsdiskursen</title>
  </titleInfo>
  <name type="personal" usage="primary">
    <namePart>Sallustius Crispus, Gaius</namePart>
    <namePart type="date">v86-v34</namePart>
    <role>
      <roleTerm authority="marcrelator" type="code">aut</roleTerm>
    </role>
    <nameIdentifier>(DE-588)118605097 (DE-627)004291980 (DE-576)162846754</nameIdentifier>
  </name>
  <name type="personal">
    <namePart>Calchum, Wilhelm von</namePart>
    <namePart type="date">1584-1640</namePart>
    <role>
      <roleTerm authority="marcrelator" type="code">oth</roleTerm>
    </role>
    <nameIdentifier>(DE-588)104348348 (DE-627)004177533</nameIdentifier>
  </name>
  <name type="personal">
    <namePart>Muntinck, G.</namePart>
    <role>
      <roleTerm type="text">BeiträgerIn k.</roleTerm>
    </role>
    <role>
      <roleTerm authority="marcrelator" type="code">ctb</roleTerm>
    </role>
  </name>
  <name type="personal">
    <namePart>Villiers, Berthold de</namePart>
    <role>
      <roleTerm authority="marcrelator" type="code">prt</roleTerm>
    </role>
    <nameIdentifier>(DE-588)123485290 (DE-627)004663489 (DE-576)293728968</nameIdentifier>
  </name>
  <typeOfResource>text</typeOfResource>
  <genre authority="rdacontent">nicht spezifiziert</genre>
  <genre authority="local">Chronik</genre>
  <originInfo>
    <place>
      <placeTerm type="code" authority="marccountry">xx</placeTerm>
    </place>
    <dateIssued encoding="marc">1629</dateIssued>
    <issuance>monographic</issuance>
  </originInfo>
  <originInfo eventType="publication">
    <place>
      <placeTerm type="text">Bremen</placeTerm>
    </place>
    <publisher>Villiers</publisher>
    <dateIssued>1629</dateIssued>
  </originInfo>
  <language>
    <languageTerm authority="iso639-2b" type="code">ger</languageTerm>
  </language>
  <language objectPart="translation">
    <languageTerm authority="iso639-2b" type="code">lat</languageTerm>
  </language>
  <physicalDescription>
    <form authority="marcform">print</form>
    <internetMediaType>image/jpeg</internetMediaType>
    <extent>[6] Bl., 619 [i.e. 561] S., [13] Bl Kupfert 4°</extent>
    <form type="media" authority="rdamedia">nicht spezifiziert</form>
    <form type="carrier" authority="rdacarrier">nicht spezifiziert</form>
  </physicalDescription>
  <note type="statement of responsibility" altRepGroup="00">Sambt Etlichen Anmerkungen Und Angehengten Kriegs Discoursen Durch Wilhelm von Calchum, g[ena]nt Lohause[n], Obristen</note>
  <note>Schlüsselseiten aus Exemplar der HAB Wolfenbüttel: 162.1 Hist</note>
  <note type="language">Aus dem Lat. übers.</note>
  <relatedItem>
    <internetMediaType>image/jpeg</internetMediaType>
  </relatedItem>
  <identifier type="vd17">23:236548M</identifier>
  <relatedItem>
    <location>
      <url displayLabel="Volltext" note="Kostenfrei">http://diglib.hab.de/drucke/162-1-hist/start.htm</url>
    </location>
  </relatedItem>
  <recordInfo>
    <descriptionStandard>rakwb</descriptionStandard>
    <recordContentSource authority="marcorg">DE-627</recordContentSource>
    <recordCreationDate encoding="marc">020901</recordCreationDate>
    <recordChangeDate encoding="iso8601">20200310213639.0</recordChangeDate>
    <recordIdentifier source="DE-627-4">001018264</recordIdentifier>
    <recordOrigin>Converted from MARCXML to MODS version 3.6 using MARC21slim2MODS3-6.xsl
				(Revision 1.119 2018/06/21)</recordOrigin>
    <languageOfCataloging>
      <languageTerm authority="iso639-2b" type="code">ger</languageTerm>
    </languageOfCataloging>
  </recordInfo>
</mods></zs:recordData><zs:recordPosition>18</zs:recordPosition></zs:record><zs:record><zs:recordSchema>mods</zs:recordSchema><zs:recordXMLEscaping>xml</zs:recordXMLEscaping><zs:recordData><mods xmlns:xsi="http://www.w3.org/2001/XMLSchema-instance" xmlns="http://www.loc.gov/mods/v3" version="3.6" xsi:schemaLocation="http://www.loc.gov/mods/v3 http://www.loc.gov/standards/mods/v3/mods-3-6.xsd">
  <titleInfo>
    <title>Zusamfassung Etlicher Geometrischen Aufgaben</title>
    <subTitle>So Durch die Rechenkunst allein aufzulösen, Benebenst kurtzem bericht von zehendzahlen</subTitle>
  </titleInfo>
  <titleInfo type="alternative">
    <title>Zusammenfassung geometrischer kurzem</title>
  </titleInfo>
  <name type="personal" usage="primary">
    <namePart>Calchum, Wilhelm von</namePart>
    <namePart type="date">1584-1640</namePart>
    <role>
      <roleTerm authority="marcrelator" type="code">aut</roleTerm>
    </role>
    <nameIdentifier>(DE-588)104348348 (DE-627)004177533</nameIdentifier>
  </name>
  <name type="personal">
    <namePart>Johann</namePart>
    <namePart type="termsOfAddress">Pfalzgraf bei Rhein</namePart>
    <role>
      <roleTerm type="text">Widmungsempfänger</roleTerm>
    </role>
    <role>
      <roleTerm authority="marcrelator" type="code">oth</roleTerm>
    </role>
  </name>
  <name type="personal">
    <namePart>G. M.</namePart>
    <role>
      <roleTerm type="text">BeiträgerIn k.</roleTerm>
    </role>
    <role>
      <roleTerm authority="marcrelator" type="code">ctb</roleTerm>
    </role>
  </name>
  <typeOfResource>text</typeOfResource>
  <genre authority="rdacontent">nicht spezifiziert</genre>
  <genre authority="local">Geometrie</genre>
  <originInfo>
    <place>
      <placeTerm type="code" authority="marccountry">xx</placeTerm>
    </place>
    <dateIssued encoding="marc">1629</dateIssued>
    <issuance>monographic</issuance>
  </originInfo>
  <originInfo eventType="publication">
    <place>
      <placeTerm type="text">Bremen</placeTerm>
    </place>
    <publisher/>
    <dateIssued>1629</dateIssued>
  </originInfo>
  <language>
    <languageTerm authority="iso639-2b" type="code">ger</languageTerm>
  </language>
  <physicalDescription>
    <form authority="marcform">print</form>
    <extent>[3] Bl., 136 S., [2] gef. Bl Kupfert., Ill. (Holzschn.), zahlr. graph. Darst. (Holzschn.) 2°</extent>
    <form type="media" authority="rdamedia">nicht spezifiziert</form>
    <form type="carrier" authority="rdacarrier">nicht spezifiziert</form>
  </physicalDescription>
  <note type="statement of responsibility" altRepGroup="00">Durch Wilhelm von Calchum g[e]n[ann]t Lohausen Obristen</note>
  <note>Schlüsselseiten aus dem Exemplar der UFB Erfurt/Gotha: Math 2° 22/1</note>
  <identifier type="vd17">39:124619R</identifier>
  <recordInfo>
    <descriptionStandard>rakwb</descriptionStandard>
    <recordContentSource authority="marcorg">DE-627</recordContentSource>
    <recordCreationDate encoding="marc">020901</recordCreationDate>
    <recordChangeDate encoding="iso8601">20200428144844.0</recordChangeDate>
    <recordIdentifier source="DE-627-4">000652369</recordIdentifier>
    <recordOrigin>Converted from MARCXML to MODS version 3.6 using MARC21slim2MODS3-6.xsl
				(Revision 1.119 2018/06/21)</recordOrigin>
    <languageOfCataloging>
      <languageTerm authority="iso639-2b" type="code">ger</languageTerm>
    </languageOfCataloging>
  </recordInfo>
</mods></zs:recordData><zs:recordPosition>19</zs:recordPosition></zs:record><zs:record><zs:recordSchema>mods</zs:recordSchema><zs:recordXMLEscaping>xml</zs:recordXMLEscaping><zs:recordData><mods xmlns:xsi="http://www.w3.org/2001/XMLSchema-instance" xmlns="http://www.loc.gov/mods/v3" version="3.6" xsi:schemaLocation="http://www.loc.gov/mods/v3 http://www.loc.gov/standards/mods/v3/mods-3-6.xsd">
  <titleInfo>
    <title>Anacreonticon Nuptiale</title>
    <subTitle>Dictum Missumque Magnifico, Nobilissimo Et experientissimo Domino Guilhelmo a Kalchum, dicto Lohausen ... Et ... Magdalenae a Stralendorf ... Arnoldi Steding ... relictae viduae ; Sposis lectissimis, Bremae nuptias die 10. Novemb. an. 1629. celebrantibus, Old</subTitle>
  </titleInfo>
  <name type="personal">
    <namePart>D. I. G.</namePart>
    <role>
      <roleTerm authority="marcrelator" type="code">oth</roleTerm>
    </role>
  </name>
  <name type="personal">
    <namePart>Calchum, Wilhelm von</namePart>
    <namePart type="date">1584-1640</namePart>
    <role>
      <roleTerm authority="marcrelator" type="code">oth</roleTerm>
    </role>
    <nameIdentifier>(DE-588)104348348 (DE-627)004177533</nameIdentifier>
  </name>
  <name type="personal">
    <namePart>Calchum, Magdalena von</namePart>
    <role>
      <roleTerm authority="marcrelator" type="code">oth</roleTerm>
    </role>
    <nameIdentifier>(DE-588)123527333 (DE-627)004665368 (DE-576)293749612</nameIdentifier>
  </name>
  <name type="personal">
    <namePart>Villiers, Berthold de</namePart>
    <role>
      <roleTerm authority="marcrelator" type="code">prt</roleTerm>
    </role>
    <nameIdentifier>(DE-588)123485290 (DE-627)004663489 (DE-576)293728968</nameIdentifier>
  </name>
  <typeOfResource>text</typeOfResource>
  <genre authority="rdacontent">nicht spezifiziert</genre>
  <genre authority="local">Gelegenheitsschrift:Hochzeit</genre>
  <genre authority="local">Lyrik</genre>
  <originInfo>
    <place>
      <placeTerm type="code" authority="marccountry">xx</placeTerm>
    </place>
    <dateIssued encoding="marc">1629</dateIssued>
    <issuance>monographic</issuance>
  </originInfo>
  <originInfo eventType="publication">
    <place>
      <placeTerm type="text">Bremae</placeTerm>
    </place>
    <publisher>Villiers</publisher>
    <dateIssued>1629</dateIssued>
  </originInfo>
  <language>
    <languageTerm authority="iso639-2b" type="code">lat</languageTerm>
  </language>
  <physicalDescription>
    <form authority="marcform">print</form>
    <internetMediaType>image/jpeg</internetMediaType>
    <extent>24 S 4°</extent>
    <form type="media" authority="rdamedia">nicht spezifiziert</form>
    <form type="carrier" authority="rdacarrier">nicht spezifiziert</form>
  </physicalDescription>
  <note type="statement of responsibility" altRepGroup="00">a D. I. G. ex poëta</note>
  <note type="action">Digitalisierung geplant Digitalisierung Unika durch HAB Wolfenbüttel pdager</note>
  <relatedItem>
    <internetMediaType>image/jpeg</internetMediaType>
  </relatedItem>
  <identifier type="vd17">23:317704R</identifier>
  <relatedItem>
    <location>
      <url displayLabel="Volltext" note="Kostenfrei">http://diglib.hab.de/drucke/db-2565-24s/start.htm</url>
    </location>
  </relatedItem>
  <recordInfo>
    <descriptionStandard>rakwb</descriptionStandard>
    <recordContentSource authority="marcorg">DE-627</recordContentSource>
    <recordCreationDate encoding="marc">020901</recordCreationDate>
    <recordChangeDate encoding="iso8601">20200310210803.0</recordChangeDate>
    <recordIdentifier source="DE-627-4">000533319</recordIdentifier>
    <recordOrigin>Converted from MARCXML to MODS version 3.6 using MARC21slim2MODS3-6.xsl
				(Revision 1.119 2018/06/21)</recordOrigin>
    <languageOfCataloging>
      <languageTerm authority="iso639-2b" type="code">ger</languageTerm>
    </languageOfCataloging>
  </recordInfo>
</mods></zs:recordData><zs:recordPosition>20</zs:recordPosition></zs:record></zs:records><zs:echoedSearchRetrieveRequest><zs:version>2.0</zs:version><zs:query>pica.nid=104348348</zs:query><zs:startRecord>1</zs:startRecord><zs:maximumRecords>500</zs:maximumRecords><zs:recordXMLEscaping>xml</zs:recordXMLEscaping><zs:recordSchema>mods</zs:recordSchema></zs:echoedSearchRetrieveRequest><zs:resultCountPrecision>exact</zs:resultCountPrecision></zs:searchRetrieveResponse>
