<?xml version="1.0" encoding="UTF-8"?>
<zs:searchRetrieveResponse xmlns:zs="http://docs.oasis-open.org/ns/search-ws/sruResponse"><zs:numberOfRecords>2</zs:numberOfRecords><zs:records><zs:record><zs:recordSchema>mods</zs:recordSchema><zs:recordXMLEscaping>xml</zs:recordXMLEscaping><zs:recordData><mods xmlns:xsi="http://www.w3.org/2001/XMLSchema-instance" xmlns="http://www.loc.gov/mods/v3" version="3.6" xsi:schemaLocation="http://www.loc.gov/mods/v3 http://www.loc.gov/standards/mods/v3/mods-3-6.xsd">
  <name type="personal" usage="primary">
    <namePart>Ziegler, Johann</namePart>
    <namePart type="date">1618-1682</namePart>
  </name>
  <typeOfResource/>
  <originInfo>
    <place>
      <placeTerm type="code" authority="marccountry">bbn</placeTerm>
    </place>
    <issuance/>
  </originInfo>
  <note xmlns:xlink="http://www.w3.org/1999/xlink" xlink:href="(DE-588)4177008-0">(DE-627)00693711X (DE-576)209974540 (DE-588)4177008-0 Ratsherr berc r Charakteristischer Beruf</note>
  <identifier type="uri">http://d-nb.info/gnd/128867876</identifier>
  <recordInfo>
    <recordCreationDate encoding="marc">040324</recordCreationDate>
    <recordChangeDate encoding="iso8601">202003151304.5</recordChangeDate>
    <recordIdentifier source="DE-627">005191793</recordIdentifier>
    <recordOrigin>Converted from MARCXML to MODS version 3.6 using MARC21slim2MODS3-6.xsl
				(Revision 1.119 2018/06/21)</recordOrigin>
  </recordInfo>
</mods></zs:recordData><zs:recordPosition>1</zs:recordPosition></zs:record><zs:record><zs:recordSchema>mods</zs:recordSchema><zs:recordXMLEscaping>xml</zs:recordXMLEscaping><zs:recordData><mods xmlns:xsi="http://www.w3.org/2001/XMLSchema-instance" xmlns="http://www.loc.gov/mods/v3" version="3.6" xsi:schemaLocation="http://www.loc.gov/mods/v3 http://www.loc.gov/standards/mods/v3/mods-3-6.xsd">
  <titleInfo>
    <nonSort xml:space="preserve">Der  </nonSort>
    <title>nach dem Himmel sich sehnende Raths-Herr/ Der Edle ... Herr Johannes Ziegler/ Bey hiesiger ... Policey wohl-verdient gewesener Anderer Raths-Meister/ eines Evangel. Wohl-Ehrw. Ministerii alhier/ ansehnlicher Assessor</title>
    <subTitle>Unter der Person des H. Apostels Pauli, aus seiner Epistel an die Philipper Cap. 1. v. 23. Bey dessen ansehnlichen und Volckreichen Leich-Bestattung/ So den 29. Decembr. 1682sten Jahrs ... verrichtet wurde</subTitle>
  </titleInfo>
  <titleInfo type="alternative">
    <title>Rats-herr Polizei Rats-meister</title>
  </titleInfo>
  <name type="personal" usage="primary">
    <namePart>Brümel, Caspar</namePart>
    <namePart type="date">-1683</namePart>
    <role>
      <roleTerm authority="marcrelator" type="code">aut</roleTerm>
    </role>
    <nameIdentifier>(DE-588)128867825 (DE-627)005191785 (DE-576)297371630</nameIdentifier>
  </name>
  <name type="personal">
    <namePart>Ziegler, Johann</namePart>
    <namePart type="date">1618-1682</namePart>
    <role>
      <roleTerm authority="marcrelator" type="code">oth</roleTerm>
    </role>
    <nameIdentifier>(DE-588)128867876 (DE-627)005191793 (DE-576)297371665</nameIdentifier>
  </name>
  <name type="personal">
    <namePart>Friese, J. B.</namePart>
    <role>
      <roleTerm type="text">BeiträgerIn</roleTerm>
    </role>
    <role>
      <roleTerm authority="marcrelator" type="code">ctb</roleTerm>
    </role>
  </name>
  <name type="personal">
    <namePart>Hattenbach, Johann</namePart>
    <role>
      <roleTerm type="text">BeiträgerIn</roleTerm>
    </role>
    <role>
      <roleTerm authority="marcrelator" type="code">ctb</roleTerm>
    </role>
  </name>
  <name type="personal">
    <namePart>Rumpel, Johann Heinrich</namePart>
    <role>
      <roleTerm type="text">BeiträgerIn</roleTerm>
    </role>
    <role>
      <roleTerm authority="marcrelator" type="code">ctb</roleTerm>
    </role>
  </name>
  <name type="personal">
    <namePart>Michael, Johann Bernhard</namePart>
    <role>
      <roleTerm authority="marcrelator" type="code">prt</roleTerm>
    </role>
    <nameIdentifier>(DE-588)1037520769 (DE-627)007473222 (DE-576)391545604</nameIdentifier>
  </name>
  <typeOfResource>text</typeOfResource>
  <genre authority="rdacontent">nicht spezifiziert</genre>
  <genre authority="local">Leichenpredigt</genre>
  <originInfo>
    <place>
      <placeTerm type="code" authority="marccountry">xx</placeTerm>
    </place>
    <dateIssued encoding="marc">1682</dateIssued>
    <issuance>monographic</issuance>
  </originInfo>
  <originInfo eventType="publication">
    <place>
      <placeTerm type="text">Erffurdt</placeTerm>
    </place>
    <publisher>Michael</publisher>
    <dateIssued>[ca. 1682]</dateIssued>
  </originInfo>
  <language>
    <languageTerm authority="iso639-2b" type="code">ger</languageTerm>
  </language>
  <physicalDescription>
    <form authority="marcform">print</form>
    <extent>[1] Bl., 50 S., [4] Bl., [1] gef. Bl [1] Ill. (Kupferst.) 4°</extent>
    <form type="media" authority="rdamedia">nicht spezifiziert</form>
    <form type="carrier" authority="rdacarrier">nicht spezifiziert</form>
  </physicalDescription>
  <note type="statement of responsibility" altRepGroup="00">In einer einfältigen Trauer-Rede/ auf Begehren vorgestellet Von M. Casparo Brümeln/ Augustin. Past. Philos. Facult. Assess. Chori Music. Senat. Inspect. &amp; Direct. [et]c.</note>
  <note>Schlüsselseiten aus dem Exemplar der FB Gotha: LP O 8° III, 00008 (22)</note>
  <note>Erscheinungsjahr nach dem Todesjahr</note>
  <identifier type="vd17">39:109363B</identifier>
  <recordInfo>
    <descriptionStandard>rakwb</descriptionStandard>
    <recordContentSource authority="marcorg">DE-627</recordContentSource>
    <recordCreationDate encoding="marc">020901</recordCreationDate>
    <recordChangeDate encoding="iso8601">20200224135744.0</recordChangeDate>
    <recordIdentifier source="DE-627-4">000239437</recordIdentifier>
    <recordOrigin>Converted from MARCXML to MODS version 3.6 using MARC21slim2MODS3-6.xsl
				(Revision 1.119 2018/06/21)</recordOrigin>
    <languageOfCataloging>
      <languageTerm authority="iso639-2b" type="code">ger</languageTerm>
    </languageOfCataloging>
  </recordInfo>
</mods></zs:recordData><zs:recordPosition>2</zs:recordPosition></zs:record></zs:records><zs:echoedSearchRetrieveRequest><zs:version>2.0</zs:version><zs:query>pica.nid=128867876</zs:query><zs:startRecord>1</zs:startRecord><zs:maximumRecords>500</zs:maximumRecords><zs:recordXMLEscaping>xml</zs:recordXMLEscaping><zs:recordSchema>mods</zs:recordSchema></zs:echoedSearchRetrieveRequest><zs:resultCountPrecision>exact</zs:resultCountPrecision></zs:searchRetrieveResponse>
