<?xml version="1.0" encoding="UTF-8"?>
<zs:searchRetrieveResponse xmlns:zs="http://docs.oasis-open.org/ns/search-ws/sruResponse"><zs:numberOfRecords>12</zs:numberOfRecords><zs:records><zs:record><zs:recordSchema>mods</zs:recordSchema><zs:recordXMLEscaping>xml</zs:recordXMLEscaping><zs:recordData><mods xmlns:xsi="http://www.w3.org/2001/XMLSchema-instance" xmlns="http://www.loc.gov/mods/v3" version="3.6" xsi:schemaLocation="http://www.loc.gov/mods/v3 http://www.loc.gov/standards/mods/v3/mods-3-6.xsd">
  <name type="personal" usage="primary">
    <namePart>Milag, Martin</namePart>
    <namePart type="date">1598-1657</namePart>
  </name>
  <typeOfResource/>
  <originInfo>
    <place>
      <placeTerm type="code" authority="marccountry">bbn</placeTerm>
    </place>
    <issuance/>
  </originInfo>
  <note xmlns:xlink="http://www.w3.org/1999/xlink" xlink:href="(DE-588)115795731">Milag, August</note>
  <note xmlns:xlink="http://www.w3.org/1999/xlink" xlink:href="(DE-588)4012401-0">(DE-627)006930085 (DE-588)4012401-0 Diplomat berc r Charakteristischer Beruf</note>
  <note xmlns:xlink="http://www.w3.org/1999/xlink" xlink:href="(DE-588)4029050-5">(DE-627)00693045X (DE-588)4029050-5 Jurist beru r Beruf</note>
  <note xmlns:xlink="http://www.w3.org/1999/xlink" xlink:href="(DE-588)4046517-2">(DE-627)006930077 (DE-588)4046517-2 Politiker beru r Beruf</note>
  <subject>
    <geographicCode authority="iso3166">XA-DE</geographicCode>
  </subject>
  <relatedItem type="isReferencedBy">
    <titleInfo>
      <title>Fruchtbringende Gesellschaft</title>
    </titleInfo>
    <part>
      <detail type="part">
        <number/>
      </detail>
    </part>
  </relatedItem>
  <identifier type="uri">http://d-nb.info/gnd/115795685</identifier>
  <recordInfo>
    <recordCreationDate encoding="marc">020621</recordCreationDate>
    <recordChangeDate encoding="iso8601">202003151226.4</recordChangeDate>
    <recordIdentifier source="DE-627">004218310</recordIdentifier>
    <recordOrigin>Converted from MARCXML to MODS version 3.6 using MARC21slim2MODS3-6.xsl
				(Revision 1.119 2018/06/21)</recordOrigin>
  </recordInfo>
</mods></zs:recordData><zs:recordPosition>1</zs:recordPosition></zs:record><zs:record><zs:recordSchema>mods</zs:recordSchema><zs:recordXMLEscaping>xml</zs:recordXMLEscaping><zs:recordData><mods xmlns:xsi="http://www.w3.org/2001/XMLSchema-instance" xmlns="http://www.loc.gov/mods/v3" version="3.6" xsi:schemaLocation="http://www.loc.gov/mods/v3 http://www.loc.gov/standards/mods/v3/mods-3-6.xsd">
  <titleInfo>
    <title>Idea. Boni Consiliarii. Das ist: Wahre Abbildung eines guten Rahts</title>
    <subTitle>Aus dem Sprüchlein Salomonis: Die zum Frieden rahten/ machen Freude. An dem Exempel des ... Herrn Martini Milagii, Hochberühmten ICti, Fürstlichen Anhaltischen Gesampten ... Als derselbe/ im 60. Jahre seines Alters den 28. Junii dieses 1657. Jahres ... verschieden: und darauff in hochansehnlicher Begleitung ... zu seiner Ruhe gebracht worden</subTitle>
  </titleInfo>
  <titleInfo type="alternative">
    <title>Rats</title>
  </titleInfo>
  <name type="personal" usage="primary">
    <namePart>Raumer, Georg</namePart>
    <namePart type="date">1610-1691</namePart>
    <role>
      <roleTerm authority="marcrelator" type="code">aut</roleTerm>
    </role>
    <nameIdentifier>(DE-588)10437814X (DE-627)008466173 (DE-576)28951097X</nameIdentifier>
  </name>
  <name type="personal">
    <namePart>Milag, Martin</namePart>
    <namePart type="date">1598-1657</namePart>
    <role>
      <roleTerm authority="marcrelator" type="code">oth</roleTerm>
    </role>
    <nameIdentifier>(DE-588)115795685 (DE-627)004218310 (DE-576)170361225</nameIdentifier>
  </name>
  <name type="personal">
    <namePart>J. M. D. C. A.</namePart>
    <role>
      <roleTerm type="text">BeiträgerIn</roleTerm>
    </role>
    <role>
      <roleTerm authority="marcrelator" type="code">ctb</roleTerm>
    </role>
  </name>
  <name type="personal">
    <namePart>Hoffmeisterus, Theodorus</namePart>
    <role>
      <roleTerm type="text">BeiträgerIn</roleTerm>
    </role>
    <role>
      <roleTerm authority="marcrelator" type="code">ctb</roleTerm>
    </role>
  </name>
  <name type="personal">
    <namePart>Alberti, Paullus</namePart>
    <role>
      <roleTerm type="text">BeiträgerIn</roleTerm>
    </role>
    <role>
      <roleTerm authority="marcrelator" type="code">ctb</roleTerm>
    </role>
  </name>
  <name type="personal">
    <namePart>Köppen, Johannes</namePart>
    <role>
      <roleTerm type="text">BeiträgerIn</roleTerm>
    </role>
    <role>
      <roleTerm authority="marcrelator" type="code">ctb</roleTerm>
    </role>
  </name>
  <name type="personal">
    <namePart>Werckmeisterus, Fridericus</namePart>
    <role>
      <roleTerm type="text">BeiträgerIn</roleTerm>
    </role>
    <role>
      <roleTerm authority="marcrelator" type="code">ctb</roleTerm>
    </role>
  </name>
  <name type="personal">
    <namePart>Sachsius, Daniel</namePart>
    <role>
      <roleTerm type="text">BeiträgerIn</roleTerm>
    </role>
    <role>
      <roleTerm authority="marcrelator" type="code">ctb</roleTerm>
    </role>
  </name>
  <name type="personal">
    <namePart>Albinus, Justus</namePart>
    <role>
      <roleTerm type="text">BeiträgerIn</roleTerm>
    </role>
    <role>
      <roleTerm authority="marcrelator" type="code">ctb</roleTerm>
    </role>
  </name>
  <name type="personal">
    <namePart>Röseler, J.</namePart>
    <role>
      <roleTerm type="text">BeiträgerIn</roleTerm>
    </role>
    <role>
      <roleTerm authority="marcrelator" type="code">ctb</roleTerm>
    </role>
  </name>
  <name type="personal">
    <namePart>Knichen, Rudolphus Gothofredus</namePart>
    <role>
      <roleTerm type="text">BeiträgerIn</roleTerm>
    </role>
    <role>
      <roleTerm authority="marcrelator" type="code">ctb</roleTerm>
    </role>
  </name>
  <name type="personal">
    <namePart>Heinsius, Simon</namePart>
    <role>
      <roleTerm type="text">BeiträgerIn</roleTerm>
    </role>
    <role>
      <roleTerm authority="marcrelator" type="code">ctb</roleTerm>
    </role>
  </name>
  <name type="personal">
    <namePart>Cremerus, Johannes</namePart>
    <role>
      <roleTerm type="text">BeiträgerIn</roleTerm>
    </role>
    <role>
      <roleTerm authority="marcrelator" type="code">ctb</roleTerm>
    </role>
  </name>
  <name type="personal">
    <namePart>Vechnerus, Zacharias</namePart>
    <role>
      <roleTerm type="text">BeiträgerIn</roleTerm>
    </role>
    <role>
      <roleTerm authority="marcrelator" type="code">ctb</roleTerm>
    </role>
  </name>
  <name type="personal">
    <namePart>Danco, Matthaeus</namePart>
    <role>
      <roleTerm type="text">BeiträgerIn</roleTerm>
    </role>
    <role>
      <roleTerm authority="marcrelator" type="code">ctb</roleTerm>
    </role>
  </name>
  <name type="personal">
    <namePart>Ludovicus, Paulus</namePart>
    <role>
      <roleTerm type="text">BeiträgerIn</roleTerm>
    </role>
    <role>
      <roleTerm authority="marcrelator" type="code">ctb</roleTerm>
    </role>
  </name>
  <name type="personal">
    <namePart>Buchius, Johannes</namePart>
    <role>
      <roleTerm type="text">BeiträgerIn</roleTerm>
    </role>
    <role>
      <roleTerm authority="marcrelator" type="code">ctb</roleTerm>
    </role>
  </name>
  <name type="personal">
    <namePart>Quelmaltzen, Zacharias</namePart>
    <role>
      <roleTerm type="text">BeiträgerIn</roleTerm>
    </role>
    <role>
      <roleTerm authority="marcrelator" type="code">ctb</roleTerm>
    </role>
  </name>
  <name type="personal">
    <namePart>Martini, Joachimus</namePart>
    <role>
      <roleTerm type="text">BeiträgerIn</roleTerm>
    </role>
    <role>
      <roleTerm authority="marcrelator" type="code">ctb</roleTerm>
    </role>
  </name>
  <name type="personal">
    <namePart>Mechovius, Joachimus</namePart>
    <role>
      <roleTerm type="text">BeiträgerIn</roleTerm>
    </role>
    <role>
      <roleTerm authority="marcrelator" type="code">ctb</roleTerm>
    </role>
  </name>
  <name type="personal">
    <namePart>T. H. S. D. R.</namePart>
    <role>
      <roleTerm type="text">BeiträgerIn</roleTerm>
    </role>
    <role>
      <roleTerm authority="marcrelator" type="code">ctb</roleTerm>
    </role>
  </name>
  <name type="personal">
    <namePart>Quelmaltzen, Martinus</namePart>
    <role>
      <roleTerm type="text">BeiträgerIn</roleTerm>
    </role>
    <role>
      <roleTerm authority="marcrelator" type="code">ctb</roleTerm>
    </role>
  </name>
  <name type="personal">
    <namePart>Brand, Jakob</namePart>
    <role>
      <roleTerm authority="marcrelator" type="code">prt</roleTerm>
    </role>
    <nameIdentifier>(DE-588)1037524993 (DE-627)007478178 (DE-576)391541404</nameIdentifier>
  </name>
  <typeOfResource>text</typeOfResource>
  <genre authority="rdacontent">nicht spezifiziert</genre>
  <genre authority="local">Leichenpredigt</genre>
  <originInfo>
    <place>
      <placeTerm type="code" authority="marccountry">xx</placeTerm>
    </place>
    <dateIssued encoding="marc">1657</dateIssued>
    <issuance>monographic</issuance>
  </originInfo>
  <originInfo eventType="publication">
    <place>
      <placeTerm type="text">Cöthen</placeTerm>
    </place>
    <publisher>Brand</publisher>
    <dateIssued>1657</dateIssued>
  </originInfo>
  <language>
    <languageTerm authority="iso639-2b" type="code">ger</languageTerm>
  </language>
  <physicalDescription>
    <form authority="marcform">print</form>
    <extent>[74] Bl., [1] gef. Bl 4°</extent>
    <form type="media" authority="rdamedia">nicht spezifiziert</form>
    <form type="carrier" authority="rdacarrier">nicht spezifiziert</form>
  </physicalDescription>
  <note type="statement of responsibility" altRepGroup="00">Fürgestellet/ in der Fürstlichen Schloß- und Stadtkirchen zu Dessau von Georgio Raumero, Hoffprediger und Superintendenten daselbst</note>
  <note>Schlüsselseiten aus Exemplar Av 1645 (SBB-PK)</note>
  <identifier type="vd17">1:048868Y</identifier>
  <relatedItem>
    <location>
      <url displayLabel="Volltext" note="Kostenfrei">http://resolver.staatsbibliothek-berlin.de/SBB0000253400000000</url>
    </location>
  </relatedItem>
  <recordInfo>
    <descriptionStandard>rakwb</descriptionStandard>
    <recordContentSource authority="marcorg">DE-627</recordContentSource>
    <recordCreationDate encoding="marc">020901</recordCreationDate>
    <recordChangeDate encoding="iso8601">20200310215815.0</recordChangeDate>
    <recordIdentifier source="DE-627-4">001721240</recordIdentifier>
    <recordOrigin>Converted from MARCXML to MODS version 3.6 using MARC21slim2MODS3-6.xsl
				(Revision 1.119 2018/06/21)</recordOrigin>
    <languageOfCataloging>
      <languageTerm authority="iso639-2b" type="code">ger</languageTerm>
    </languageOfCataloging>
  </recordInfo>
</mods></zs:recordData><zs:recordPosition>2</zs:recordPosition></zs:record><zs:record><zs:recordSchema>mods</zs:recordSchema><zs:recordXMLEscaping>xml</zs:recordXMLEscaping><zs:recordData><mods xmlns:xsi="http://www.w3.org/2001/XMLSchema-instance" xmlns="http://www.loc.gov/mods/v3" version="3.6" xsi:schemaLocation="http://www.loc.gov/mods/v3 http://www.loc.gov/standards/mods/v3/mods-3-6.xsd">
  <titleInfo>
    <title>Vindiciae Anhaltinae. Seu Celsissimorum Et Illustrissimorum Principum Anhaltinorum, Comitum Ascaniae, Dynastarum Servestanorum &amp; Bernburgensium, &amp;c. Iura liquidisssima in &amp; circa Antiquißimum Comitatum Ascaniae: Repraesentata in Manifesto Ascanensi, &amp; ab Eclipsi cuiusdam anonymi liberata</title>
    <subTitle>Accesserunt solennes protestationes pro conservandis Principum Anhaltinorum iuribus inter universalis Pacis tractatus publice exhibitae</subTitle>
  </titleInfo>
  <titleInfo type="alternative" displayLabel="Vortitelblatt m.d.T.">
    <title>Vindiciae Anhaltinae Pro Causa Ascaniensi : Iussu Principum Scriptae, Et Eclipsi Halberstadiensi oppositae</title>
  </titleInfo>
  <titleInfo type="alternative" displayLabel="Weiteres Titelblatt im Innern m.d.T.">
    <title>Manifestum Ascaniense, Seu Brevis &amp; Summaria Relatio</title>
  </titleInfo>
  <titleInfo type="alternative">
    <title>Vindiciae Anhaltinae Pro Causa Ascaniensi</title>
  </titleInfo>
  <titleInfo type="alternative">
    <title>Manifestum Ascaniense, Seu Brevis &amp; Summaria Relatio</title>
  </titleInfo>
  <name type="personal" usage="primary">
    <namePart>Milag, Martin</namePart>
    <namePart type="date">1598-1657</namePart>
    <role>
      <roleTerm authority="marcrelator" type="code">aut</roleTerm>
    </role>
    <nameIdentifier>(DE-588)115795685 (DE-627)004218310 (DE-576)170361225</nameIdentifier>
  </name>
  <name type="personal">
    <namePart>Augustus</namePart>
    <namePart type="termsOfAddress">Princeps Anhaltinus</namePart>
    <role>
      <roleTerm type="text">WidmungsempfängerIn</roleTerm>
    </role>
    <role>
      <roleTerm authority="marcrelator" type="code">dte</roleTerm>
    </role>
  </name>
  <name type="personal">
    <namePart>Ludovicus</namePart>
    <namePart type="termsOfAddress">Princeps Anhaltinus</namePart>
    <role>
      <roleTerm type="text">WidmungsempfängerIn</roleTerm>
    </role>
    <role>
      <roleTerm authority="marcrelator" type="code">dte</roleTerm>
    </role>
  </name>
  <name type="personal">
    <namePart>Johannes-Casimirus</namePart>
    <namePart type="termsOfAddress">Princeps Anhaltinus</namePart>
    <role>
      <roleTerm type="text">WidmungsempfängerIn</roleTerm>
    </role>
    <role>
      <roleTerm authority="marcrelator" type="code">dte</roleTerm>
    </role>
  </name>
  <name type="personal">
    <namePart>Christianus</namePart>
    <namePart type="termsOfAddress">Princeps Anhaltinus</namePart>
    <role>
      <roleTerm type="text">WidmungsempfängerIn</roleTerm>
    </role>
    <role>
      <roleTerm authority="marcrelator" type="code">dte</roleTerm>
    </role>
  </name>
  <name type="personal">
    <namePart>Fridericus</namePart>
    <namePart type="termsOfAddress">Princeps Anhaltinus</namePart>
    <role>
      <roleTerm type="text">WidmungsempfängerIn</roleTerm>
    </role>
    <role>
      <roleTerm authority="marcrelator" type="code">dte</roleTerm>
    </role>
  </name>
  <name type="personal">
    <namePart>Johannes</namePart>
    <namePart type="termsOfAddress">Princeps Anhaltinus</namePart>
    <role>
      <roleTerm type="text">WidmungsempfängerIn</roleTerm>
    </role>
    <role>
      <roleTerm authority="marcrelator" type="code">dte</roleTerm>
    </role>
  </name>
  <name type="personal">
    <namePart>J. M. D. C. A.</namePart>
    <role>
      <roleTerm type="text">BeiträgerIn</roleTerm>
    </role>
    <role>
      <roleTerm authority="marcrelator" type="code">ctb</roleTerm>
    </role>
  </name>
  <name type="personal">
    <namePart>M. F. W.</namePart>
    <role>
      <roleTerm type="text">BeiträgerIn</roleTerm>
    </role>
    <role>
      <roleTerm authority="marcrelator" type="code">ctb</roleTerm>
    </role>
  </name>
  <name type="personal">
    <namePart>E. W.</namePart>
    <role>
      <roleTerm type="text">BeiträgerIn</roleTerm>
    </role>
    <role>
      <roleTerm authority="marcrelator" type="code">ctb</roleTerm>
    </role>
  </name>
  <name type="personal">
    <namePart>Reusnerus, Elias</namePart>
    <role>
      <roleTerm type="text">BeiträgerIn</roleTerm>
    </role>
    <role>
      <roleTerm authority="marcrelator" type="code">ctb</roleTerm>
    </role>
  </name>
  <name type="personal">
    <namePart>Bernhardus III. Princeps Anhaltinus</namePart>
    <role>
      <roleTerm type="text">BeiträgerIn</roleTerm>
    </role>
    <role>
      <roleTerm authority="marcrelator" type="code">ctb</roleTerm>
    </role>
  </name>
  <typeOfResource>text</typeOfResource>
  <genre authority="rdacontent">nicht spezifiziert</genre>
  <genre authority="local">Genealogie</genre>
  <genre authority="local">Chronik</genre>
  <originInfo>
    <place>
      <placeTerm type="code" authority="marccountry">xx</placeTerm>
    </place>
    <dateIssued encoding="marc">1648</dateIssued>
    <issuance>monographic</issuance>
  </originInfo>
  <originInfo eventType="publication">
    <place>
      <placeTerm type="text">[S.l.]</placeTerm>
    </place>
    <publisher/>
    <dateIssued>1648</dateIssued>
  </originInfo>
  <language>
    <languageTerm authority="iso639-2b" type="code">lat</languageTerm>
  </language>
  <physicalDescription>
    <form authority="marcform">print</form>
    <extent>[6] Bl., 127 [i.e. 157] S., [1] Bl., [5] gef. Bl. Ill. (Holzschn.) 4°</extent>
    <form type="media" authority="rdamedia">nicht spezifiziert</form>
    <form type="carrier" authority="rdacarrier">nicht spezifiziert</form>
  </physicalDescription>
  <note type="statement of responsibility" altRepGroup="00">[Martin Milag]</note>
  <note>Ausg. früher auch unter VD17 14:074162G</note>
  <note>Alternativer Fingerprint, wo die ersten [2] Bl. (Vortitelblatt, Widmung und Gratulationsgedichte) fehlen: utI. e-lo i-n- ctsc 3 1648R</note>
  <note>Schlüsselseiten 1 - 2 aus dem Exemplar der BSB München: ESlg 4 Ded. 259 t. - Schlüsselseiten 3 - 7 aus dem Exemplar der ULB Halle: AB 154091 (1)</note>
  <note>Verf. ermittelt in: Holzmann-Bohatta, Bd. 4, Nr. 10195</note>
  <note>Signaturformel: [2], A - X4, [5]. - Seitenzählung springt von S. 88 auf 59 zurück</note>
  <note>Erscheinungsjahr auf dem Titelblatt im Innern: 1646</note>
  <note>Enth. außerdem: Tres Tabulae Genealogicae Antiquissimi Stemmatis Ascanii, Seu Principum Anhaltinorum, Comitum Ascaniae, Dominorum Berenburgensim Et Servestanorum</note>
  <identifier type="vd17">3:011433D</identifier>
  <identifier type="vd17"/>
  <relatedItem>
    <location>
      <url displayLabel="Volltext" note="Kostenfrei">http://www.mdz-nbn-resolving.de/urn/resolver.pl?urn=urn:nbn:de:bvb:12-bsb10650180-9</url>
    </location>
  </relatedItem>
  <recordInfo>
    <descriptionStandard>rakwb</descriptionStandard>
    <recordContentSource authority="marcorg">DE-627</recordContentSource>
    <recordCreationDate encoding="marc">020901</recordCreationDate>
    <recordChangeDate encoding="iso8601">20200310214024.0</recordChangeDate>
    <recordIdentifier source="DE-627-4">001090038</recordIdentifier>
    <recordOrigin>Converted from MARCXML to MODS version 3.6 using MARC21slim2MODS3-6.xsl
				(Revision 1.119 2018/06/21)</recordOrigin>
    <languageOfCataloging>
      <languageTerm authority="iso639-2b" type="code">ger</languageTerm>
    </languageOfCataloging>
  </recordInfo>
</mods></zs:recordData><zs:recordPosition>3</zs:recordPosition></zs:record><zs:record><zs:recordSchema>mods</zs:recordSchema><zs:recordXMLEscaping>xml</zs:recordXMLEscaping><zs:recordData><mods xmlns:xsi="http://www.w3.org/2001/XMLSchema-instance" xmlns="http://www.loc.gov/mods/v3" version="3.6" xsi:schemaLocation="http://www.loc.gov/mods/v3 http://www.loc.gov/standards/mods/v3/mods-3-6.xsd">
  <titleInfo>
    <title>Manifestum Ascaniense Seu Brevis Et Summaria relatio, quomodo Illustrissimi Principes Anhaltini, possessione antiquissimi &amp; per Maiores suos, in nonum iam seculum traductitii feudi sui Regalis, Comitatus nimirum Ascaniae, ab Episcopis &amp; Capitulo Halberstadensi per vim destituti, &amp; quomodo adversus destitutionem &amp; spolium istud, non modo iterata aliquot mandata inhibitoria, revocatoria &amp; restitutoria, Verum etiam in processu compromissario pro Principibus Anhaltinis, solenne Laudum ... versatur</title>
  </titleInfo>
  <name type="personal" usage="primary">
    <namePart>Milag, Martin</namePart>
    <namePart type="date">1598-1657</namePart>
    <role>
      <roleTerm authority="marcrelator" type="code">aut</roleTerm>
    </role>
    <nameIdentifier>(DE-588)115795685 (DE-627)004218310 (DE-576)170361225</nameIdentifier>
  </name>
  <name type="corporate">
    <namePart>Anhalt</namePart>
    <role>
      <roleTerm authority="marcrelator" type="code">oth</roleTerm>
    </role>
  </name>
  <typeOfResource>text</typeOfResource>
  <genre authority="rdacontent">nicht spezifiziert</genre>
  <genre authority="local">Genealogie</genre>
  <genre authority="local">Chronik</genre>
  <originInfo>
    <place>
      <placeTerm type="code" authority="marccountry">xx</placeTerm>
    </place>
    <dateIssued encoding="marc">1648</dateIssued>
    <issuance>monographic</issuance>
  </originInfo>
  <originInfo eventType="publication">
    <place>
      <placeTerm type="text">[S.l.]</placeTerm>
    </place>
    <publisher/>
    <dateIssued>[ca. 1648]</dateIssued>
  </originInfo>
  <language>
    <languageTerm authority="iso639-2b" type="code">lat</languageTerm>
  </language>
  <physicalDescription>
    <form authority="marcform">print</form>
    <extent>13 S 4°</extent>
    <form type="media" authority="rdamedia">nicht spezifiziert</form>
    <form type="carrier" authority="rdacarrier">nicht spezifiziert</form>
  </physicalDescription>
  <note type="statement of responsibility" altRepGroup="00">[Milag Martin]</note>
  <note>Verf. ermittelt in: Holzmann-Bohatta (Deutsches Anonymen-Lexikon)</note>
  <note>Schlüsselseiten aus dem Exemplar der SLUB Dresden: Hist.Anhalt.121</note>
  <identifier type="vd17">14:074605T</identifier>
  <relatedItem>
    <location>
      <url displayLabel="Volltext" note="Kostenfrei">http://digital.slub-dresden.de/id445350245</url>
    </location>
  </relatedItem>
  <recordInfo>
    <descriptionStandard>rakwb</descriptionStandard>
    <recordContentSource authority="marcorg">DE-627</recordContentSource>
    <recordCreationDate encoding="marc">020901</recordCreationDate>
    <recordChangeDate encoding="iso8601">20200310210904.0</recordChangeDate>
    <recordIdentifier source="DE-627-4">000566438</recordIdentifier>
    <recordOrigin>Converted from MARCXML to MODS version 3.6 using MARC21slim2MODS3-6.xsl
				(Revision 1.119 2018/06/21)</recordOrigin>
    <languageOfCataloging>
      <languageTerm authority="iso639-2b" type="code">ger</languageTerm>
    </languageOfCataloging>
  </recordInfo>
</mods></zs:recordData><zs:recordPosition>4</zs:recordPosition></zs:record><zs:record><zs:recordSchema>mods</zs:recordSchema><zs:recordXMLEscaping>xml</zs:recordXMLEscaping><zs:recordData><mods xmlns:xsi="http://www.w3.org/2001/XMLSchema-instance" xmlns="http://www.loc.gov/mods/v3" version="3.6" xsi:schemaLocation="http://www.loc.gov/mods/v3 http://www.loc.gov/standards/mods/v3/mods-3-6.xsd">
  <titleInfo>
    <title>Manifestum Ascaniense, Seu Brevis &amp; Summaria Relatio. Quomodo Illustrissimi Principes Anhaltini possessione antiquissimi, &amp; per maiores suos in nonum iam seculum traductitii Feudi sui Regalis, Comitatus nimirum Ascaniae, ab Episcopis &amp; Capitulo Halberstadensi per vim destituti</title>
    <subTitle>Exhibebatur Caesareis, Regiis, Electoralibus, Principum ... Legatis et Deputatis, universalis pacis causa congregatis in Westphalia</subTitle>
  </titleInfo>
  <name type="personal">
    <namePart>Milag, Martin</namePart>
    <namePart type="date">1598-1657</namePart>
    <role>
      <roleTerm authority="marcrelator" type="code">oth</roleTerm>
    </role>
    <nameIdentifier>(DE-588)115795685 (DE-627)004218310 (DE-576)170361225</nameIdentifier>
  </name>
  <typeOfResource>text</typeOfResource>
  <genre authority="rdacontent">nicht spezifiziert</genre>
  <genre authority="local">Genealogie</genre>
  <originInfo>
    <place>
      <placeTerm type="code" authority="marccountry">xx</placeTerm>
    </place>
    <dateIssued encoding="marc">1646</dateIssued>
    <issuance>monographic</issuance>
  </originInfo>
  <originInfo eventType="publication">
    <place>
      <placeTerm type="text">[S.l.]</placeTerm>
    </place>
    <publisher/>
    <dateIssued>1646</dateIssued>
  </originInfo>
  <language>
    <languageTerm authority="iso639-2b" type="code">lat</languageTerm>
  </language>
  <physicalDescription>
    <form authority="marcform">print</form>
    <extent>127 [i.e. 157] S., [5] gef. Bl 4°</extent>
    <form type="media" authority="rdamedia">nicht spezifiziert</form>
    <form type="carrier" authority="rdacarrier">nicht spezifiziert</form>
  </physicalDescription>
  <note>Mutmaßl. Verf.: Martin Milag. - Paginierungsfehler ab S. 57, Bogensign. I</note>
  <note>Schlüsselseiten aus dem Exemplar der HAAB Weimar: 4° XVIII : 104</note>
  <note>Auch in: Milag, Martin: Vindiciae Anhaltinae. Seu Celsissimorum Et Illustrissimorum Principum Anhaltinorum, Comitum Ascaniae, Dynastarum Servestanorum &amp; Bernburgensium, &amp;c. Iura liquidisssima in &amp; circa Antiquißimum Comitatum Ascaniae ... - 1648</note>
  <identifier type="vd17">32:628278D</identifier>
  <relatedItem>
    <location>
      <url displayLabel="Volltext" note="Kostenfrei">http://nbn-resolving.de/urn:nbn:de:gbv:3:1-98947</url>
    </location>
  </relatedItem>
  <recordInfo>
    <descriptionStandard>rakwb</descriptionStandard>
    <recordContentSource authority="marcorg">DE-627</recordContentSource>
    <recordCreationDate encoding="marc">030527</recordCreationDate>
    <recordChangeDate encoding="iso8601">20200310220416.0</recordChangeDate>
    <recordIdentifier source="DE-627-4">004861752</recordIdentifier>
    <recordOrigin>Converted from MARCXML to MODS version 3.6 using MARC21slim2MODS3-6.xsl
				(Revision 1.119 2018/06/21)</recordOrigin>
    <languageOfCataloging>
      <languageTerm authority="iso639-2b" type="code">ger</languageTerm>
    </languageOfCataloging>
  </recordInfo>
</mods></zs:recordData><zs:recordPosition>5</zs:recordPosition></zs:record><zs:record><zs:recordSchema>mods</zs:recordSchema><zs:recordXMLEscaping>xml</zs:recordXMLEscaping><zs:recordData><mods xmlns:xsi="http://www.w3.org/2001/XMLSchema-instance" xmlns="http://www.loc.gov/mods/v3" version="3.6" xsi:schemaLocation="http://www.loc.gov/mods/v3 http://www.loc.gov/standards/mods/v3/mods-3-6.xsd">
  <titleInfo>
    <nonSort xml:space="preserve">Der  </nonSort>
    <title>Singende Jesaia/ Oder Der Prophete Jesaia</title>
    <subTitle>In reine deutsche Reime gebracht/ Und In ein hundert und vierzehen Gesänge eingetheilt/ Die Nach den bekandten Frantzösischen melodeyen der Psalme D. Ambrosii Lobwassers gesungen werden können</subTitle>
  </titleInfo>
  <name type="personal" usage="primary">
    <namePart>Milag, Martin</namePart>
    <namePart type="date">1598-1657</namePart>
    <role>
      <roleTerm type="text">Pseud.</roleTerm>
    </role>
    <role>
      <roleTerm authority="marcrelator" type="code">aut</roleTerm>
    </role>
    <nameIdentifier>(DE-588)115795685 (DE-627)004218310 (DE-576)170361225</nameIdentifier>
  </name>
  <name type="personal">
    <namePart>Amalie Elisabeth</namePart>
    <namePart type="termsOfAddress">Landgräfin zu Hessen</namePart>
    <role>
      <roleTerm type="text">WidmungsempfängerIn</roleTerm>
    </role>
    <role>
      <roleTerm authority="marcrelator" type="code">dte</roleTerm>
    </role>
  </name>
  <name type="personal">
    <namePart>Spielende, Der</namePart>
    <role>
      <roleTerm type="text">BeiträgerIn</roleTerm>
    </role>
    <role>
      <roleTerm authority="marcrelator" type="code">ctb</roleTerm>
    </role>
  </name>
  <name type="personal">
    <namePart>Willius, Balthasar</namePart>
    <role>
      <roleTerm type="text">BeiträgerIn</roleTerm>
    </role>
    <role>
      <roleTerm authority="marcrelator" type="code">ctb</roleTerm>
    </role>
  </name>
  <name type="personal">
    <namePart>Hausstedius, Felix</namePart>
    <role>
      <roleTerm type="text">BeiträgerIn</roleTerm>
    </role>
    <role>
      <roleTerm authority="marcrelator" type="code">ctb</roleTerm>
    </role>
  </name>
  <name type="personal">
    <namePart>Crocius, Ludovicus</namePart>
    <role>
      <roleTerm type="text">BeiträgerIn</roleTerm>
    </role>
    <role>
      <roleTerm authority="marcrelator" type="code">ctb</roleTerm>
    </role>
  </name>
  <name type="personal">
    <namePart>Villiers, Berthold de</namePart>
    <role>
      <roleTerm authority="marcrelator" type="code">prt</roleTerm>
    </role>
    <nameIdentifier>(DE-588)123485290 (DE-627)004663489 (DE-576)293728968</nameIdentifier>
  </name>
  <typeOfResource>text</typeOfResource>
  <genre authority="rdacontent">nicht spezifiziert</genre>
  <genre authority="local">Liedersammlung</genre>
  <originInfo>
    <place>
      <placeTerm type="code" authority="marccountry">xx</placeTerm>
    </place>
    <dateIssued encoding="marc">1646</dateIssued>
    <issuance>monographic</issuance>
  </originInfo>
  <originInfo eventType="publication">
    <place>
      <placeTerm type="text">Bremen</placeTerm>
    </place>
    <publisher>Villiers</publisher>
    <dateIssued>1646</dateIssued>
  </originInfo>
  <language>
    <languageTerm authority="iso639-2b" type="code">ger</languageTerm>
  </language>
  <physicalDescription>
    <form authority="marcform">print</form>
    <extent>[20] Bl., 574 S., [1] Bl Noten 12°</extent>
    <form type="media" authority="rdamedia">nicht spezifiziert</form>
    <form type="carrier" authority="rdacarrier">nicht spezifiziert</form>
  </physicalDescription>
  <note type="statement of responsibility" altRepGroup="00">Gefertiget Durch den Mindernden Samt Einem anhange etlicher neuen und verbesserten Lieder [Martin Milag]</note>
  <note>Schlüsselseiten aus dem Exemplar der HAB Wolfenbüttel: Lo 5456</note>
  <note type="action">Digitalisierung geplant Digitalisierung Mainstream durch SUB Göttingen pdager</note>
  <note type="action">Digitalisierung geplant Digitalisierung Mainstream durch ULB Halle pdager</note>
  <note type="action">Digitalisierung geplant Digitalisierung Mainstream durch HAB Wolfenbüttel pdager</note>
  <identifier type="vd17">23:247961A</identifier>
  <relatedItem>
    <location>
      <url displayLabel="Volltext" note="Kostenfrei">http://resolver.sub.uni-goettingen.de/purl?PPN771770286</url>
    </location>
  </relatedItem>
  <recordInfo>
    <descriptionStandard>rakwb</descriptionStandard>
    <recordContentSource authority="marcorg">DE-627</recordContentSource>
    <recordCreationDate encoding="marc">020901</recordCreationDate>
    <recordChangeDate encoding="iso8601">20200310211231.0</recordChangeDate>
    <recordIdentifier source="DE-627-4">000695327</recordIdentifier>
    <recordOrigin>Converted from MARCXML to MODS version 3.6 using MARC21slim2MODS3-6.xsl
				(Revision 1.119 2018/06/21)</recordOrigin>
    <languageOfCataloging>
      <languageTerm authority="iso639-2b" type="code">ger</languageTerm>
    </languageOfCataloging>
  </recordInfo>
</mods></zs:recordData><zs:recordPosition>6</zs:recordPosition></zs:record><zs:record><zs:recordSchema>mods</zs:recordSchema><zs:recordXMLEscaping>xml</zs:recordXMLEscaping><zs:recordData><mods xmlns:xsi="http://www.w3.org/2001/XMLSchema-instance" xmlns="http://www.loc.gov/mods/v3" version="3.6" xsi:schemaLocation="http://www.loc.gov/mods/v3 http://www.loc.gov/standards/mods/v3/mods-3-6.xsd">
  <titleInfo>
    <title>Oratio Politica De Annonae Necessitate Et Subsidiis</title>
  </titleInfo>
  <name type="personal" usage="primary">
    <namePart>Milag, Martin</namePart>
    <namePart type="date">1598-1657</namePart>
    <role>
      <roleTerm authority="marcrelator" type="code">aut</roleTerm>
    </role>
    <nameIdentifier>(DE-588)115795685 (DE-627)004218310 (DE-576)170361225</nameIdentifier>
  </name>
  <name type="personal">
    <namePart>Dörffer, Zacharias</namePart>
    <namePart type="date">15XX-16XX</namePart>
    <role>
      <roleTerm authority="marcrelator" type="code">prt</roleTerm>
    </role>
    <nameIdentifier>(DE-588)1037518160 (DE-627)007481454 (DE-576)391548212</nameIdentifier>
  </name>
  <name type="corporate">
    <namePart>Regierung</namePart>
    <namePart>Zerbst</namePart>
    <role>
      <roleTerm type="text">WidmungsempfängerIn</roleTerm>
    </role>
    <role>
      <roleTerm authority="marcrelator" type="code">dte</roleTerm>
    </role>
  </name>
  <typeOfResource>text</typeOfResource>
  <genre authority="rdacontent">nicht spezifiziert</genre>
  <genre authority="local">Rede</genre>
  <originInfo>
    <place>
      <placeTerm type="code" authority="marccountry">xx</placeTerm>
    </place>
    <dateIssued encoding="marc">1625</dateIssued>
    <issuance>monographic</issuance>
  </originInfo>
  <originInfo eventType="publication">
    <place>
      <placeTerm type="text">Servestae</placeTerm>
    </place>
    <publisher>Dörfferus</publisher>
    <dateIssued>1625</dateIssued>
  </originInfo>
  <language>
    <languageTerm authority="iso639-2b" type="code">lat</languageTerm>
  </language>
  <physicalDescription>
    <form authority="marcform">print</form>
    <extent>[1] Bl., 29 S 4°</extent>
    <form type="media" authority="rdamedia">nicht spezifiziert</form>
    <form type="carrier" authority="rdacarrier">nicht spezifiziert</form>
  </physicalDescription>
  <note type="statement of responsibility" altRepGroup="00">In illustri Anhaltinorum  Gymnasio ... Habita a Martino Milagio ... d. 4. Ianuarii Anno M.DC.XXV.</note>
  <note>Schlüsselseiten aus dem Exemplar der ULB Halle: Lf 232 (2)</note>
  <note type="action">Digitalisierung geplant Digitalisierung Unika durch ULB Halle; ULB Halle 2017-07 digitalisiert pdager</note>
  <identifier type="vd17">3:622537L</identifier>
  <relatedItem>
    <location>
      <url displayLabel="Volltext" note="Kostenfrei">http://nbn-resolving.de/urn:nbn:de:gbv:3:1-583984</url>
    </location>
  </relatedItem>
  <relatedItem>
    <location>
      <url note="Kostenfrei">http://vd17.bibliothek.uni-halle.de/pict/2003/3:622537L/</url>
    </location>
  </relatedItem>
  <recordInfo>
    <descriptionStandard>rakwb</descriptionStandard>
    <recordContentSource authority="marcorg">DE-627</recordContentSource>
    <recordCreationDate encoding="marc">030109</recordCreationDate>
    <recordChangeDate encoding="iso8601">20200310220248.0</recordChangeDate>
    <recordIdentifier source="DE-627-4">004691075</recordIdentifier>
    <recordOrigin>Converted from MARCXML to MODS version 3.6 using MARC21slim2MODS3-6.xsl
				(Revision 1.119 2018/06/21)</recordOrigin>
    <languageOfCataloging>
      <languageTerm authority="iso639-2b" type="code">ger</languageTerm>
    </languageOfCataloging>
  </recordInfo>
</mods></zs:recordData><zs:recordPosition>7</zs:recordPosition></zs:record><zs:record><zs:recordSchema>mods</zs:recordSchema><zs:recordXMLEscaping>xml</zs:recordXMLEscaping><zs:recordData><mods xmlns:xsi="http://www.w3.org/2001/XMLSchema-instance" xmlns="http://www.loc.gov/mods/v3" version="3.6" xsi:schemaLocation="http://www.loc.gov/mods/v3 http://www.loc.gov/standards/mods/v3/mods-3-6.xsd">
  <titleInfo>
    <title>Discursus Politicus De Ratione Status Seu Regnativa Prudentia</title>
  </titleInfo>
  <name type="personal" usage="primary">
    <namePart>Milag, Martin</namePart>
    <namePart type="date">1598-1657</namePart>
    <role>
      <roleTerm authority="marcrelator" type="code">aut</roleTerm>
    </role>
    <nameIdentifier>(DE-588)115795685 (DE-627)004218310 (DE-576)170361225</nameIdentifier>
  </name>
  <name type="personal">
    <namePart>Christianus</namePart>
    <namePart type="termsOfAddress">Priceps Anhaltinus</namePart>
    <role>
      <roleTerm type="text">WidmungsempfängerIn</roleTerm>
    </role>
    <role>
      <roleTerm authority="marcrelator" type="code">dte</roleTerm>
    </role>
  </name>
  <name type="personal">
    <namePart>Augustus</namePart>
    <namePart type="termsOfAddress">Priceps Anhaltinus</namePart>
    <role>
      <roleTerm type="text">WidmungsempfängerIn</roleTerm>
    </role>
    <role>
      <roleTerm authority="marcrelator" type="code">dte</roleTerm>
    </role>
  </name>
  <name type="personal">
    <namePart>Ludovicus</namePart>
    <namePart type="termsOfAddress">Priceps Anhaltinus</namePart>
    <role>
      <roleTerm type="text">WidmungsempfängerIn</roleTerm>
    </role>
    <role>
      <roleTerm authority="marcrelator" type="code">dte</roleTerm>
    </role>
  </name>
  <name type="personal">
    <namePart>Johannes-Casimirus</namePart>
    <namePart type="termsOfAddress">Priceps Anhaltinus</namePart>
    <role>
      <roleTerm type="text">WidmungsempfängerIn</roleTerm>
    </role>
    <role>
      <roleTerm authority="marcrelator" type="code">dte</roleTerm>
    </role>
  </name>
  <name type="personal">
    <namePart>Dörffer, Zacharias</namePart>
    <namePart type="date">15XX-16XX</namePart>
    <role>
      <roleTerm authority="marcrelator" type="code">prt</roleTerm>
    </role>
    <nameIdentifier>(DE-588)1037518160 (DE-627)007481454 (DE-576)391548212</nameIdentifier>
  </name>
  <typeOfResource>text</typeOfResource>
  <genre authority="rdacontent">nicht spezifiziert</genre>
  <genre authority="local">Schulprogramm</genre>
  <originInfo>
    <place>
      <placeTerm type="code" authority="marccountry">xx</placeTerm>
    </place>
    <dateIssued encoding="marc">1624</dateIssued>
    <issuance>monographic</issuance>
  </originInfo>
  <originInfo eventType="publication">
    <place>
      <placeTerm type="text">Servestae</placeTerm>
    </place>
    <publisher>Dörfferus</publisher>
    <dateIssued>1624</dateIssued>
  </originInfo>
  <language>
    <languageTerm authority="iso639-2b" type="code">lat</languageTerm>
  </language>
  <physicalDescription>
    <form authority="marcform">print</form>
    <extent>[18] Bl 4°</extent>
    <form type="media" authority="rdamedia">nicht spezifiziert</form>
    <form type="carrier" authority="rdacarrier">nicht spezifiziert</form>
  </physicalDescription>
  <note type="statement of responsibility" altRepGroup="00">In Illustri Soraborum  Gymnasio ... recitatus a Martino Milagio ... d. 11. Maii Anno Christi 1624.</note>
  <note>Schlüsselseiten aus dem Exemplar der ULB Halle: Lf 232 (1)</note>
  <note type="action">Digitalisierung geplant Digitalisierung Unika durch ULB Halle; ULB Halle 2015-06 digitalisiert pdager</note>
  <identifier type="vd17">3:622533E</identifier>
  <relatedItem>
    <location>
      <url displayLabel="Volltext" note="Kostenfrei">http://nbn-resolving.de/urn:nbn:de:gbv:3:1-584673</url>
    </location>
  </relatedItem>
  <relatedItem>
    <location>
      <url note="Kostenfrei">http://vd17.bibliothek.uni-halle.de/pict/2003/3:622533E/</url>
    </location>
  </relatedItem>
  <recordInfo>
    <descriptionStandard>rakwb</descriptionStandard>
    <recordContentSource authority="marcorg">DE-627</recordContentSource>
    <recordCreationDate encoding="marc">030109</recordCreationDate>
    <recordChangeDate encoding="iso8601">20200310220248.0</recordChangeDate>
    <recordIdentifier source="DE-627-4">004690990</recordIdentifier>
    <recordOrigin>Converted from MARCXML to MODS version 3.6 using MARC21slim2MODS3-6.xsl
				(Revision 1.119 2018/06/21)</recordOrigin>
    <languageOfCataloging>
      <languageTerm authority="iso639-2b" type="code">ger</languageTerm>
    </languageOfCataloging>
  </recordInfo>
</mods></zs:recordData><zs:recordPosition>8</zs:recordPosition></zs:record><zs:record><zs:recordSchema>mods</zs:recordSchema><zs:recordXMLEscaping>xml</zs:recordXMLEscaping><zs:recordData><mods xmlns:xsi="http://www.w3.org/2001/XMLSchema-instance" xmlns="http://www.loc.gov/mods/v3" version="3.6" xsi:schemaLocation="http://www.loc.gov/mods/v3 http://www.loc.gov/standards/mods/v3/mods-3-6.xsd">
  <titleInfo>
    <title>Prosphōnēseis Gamēlioi Honoribus Viri Doctrina Humanitate ... Dn. Martini Milagii I. U. Candidati &amp; Advocati Servestani Sponsi Cum Virgine ... Maria ... Dn. Caspari Strubii ... Filia Sponsa. Servestae X. August: Nuptias celebrantis</title>
  </titleInfo>
  <name type="personal">
    <namePart>Milag, Martin</namePart>
    <namePart type="date">1598-1657</namePart>
    <role>
      <roleTerm authority="marcrelator" type="code">oth</roleTerm>
    </role>
    <nameIdentifier>(DE-588)115795685 (DE-627)004218310 (DE-576)170361225</nameIdentifier>
  </name>
  <name type="personal">
    <namePart>Milag, Maria</namePart>
    <role>
      <roleTerm authority="marcrelator" type="code">oth</roleTerm>
    </role>
    <nameIdentifier>(DE-588)123355001 (DE-627)004654250 (DE-576)29367227X</nameIdentifier>
  </name>
  <name type="personal">
    <namePart>Cremerus, Johannes</namePart>
    <role>
      <roleTerm type="text">BeiträgerIn</roleTerm>
    </role>
    <role>
      <roleTerm authority="marcrelator" type="code">ctb</roleTerm>
    </role>
  </name>
  <name type="personal">
    <namePart>Cremerus, Abrahamus</namePart>
    <namePart type="termsOfAddress">Senioror</namePart>
    <role>
      <roleTerm type="text">BeiträgerIn</roleTerm>
    </role>
    <role>
      <roleTerm authority="marcrelator" type="code">ctb</roleTerm>
    </role>
  </name>
  <name type="personal">
    <namePart>Cremerus, Abrahamus</namePart>
    <namePart type="termsOfAddress">Iunioror</namePart>
    <role>
      <roleTerm type="text">BeiträgerIn</roleTerm>
    </role>
    <role>
      <roleTerm authority="marcrelator" type="code">ctb</roleTerm>
    </role>
  </name>
  <name type="personal">
    <namePart>Haustedius, Felix</namePart>
    <role>
      <roleTerm type="text">BeiträgerIn</roleTerm>
    </role>
    <role>
      <roleTerm authority="marcrelator" type="code">ctb</roleTerm>
    </role>
  </name>
  <name type="personal">
    <namePart>Jena, Petrus a</namePart>
    <role>
      <roleTerm type="text">BeiträgerIn</roleTerm>
    </role>
    <role>
      <roleTerm authority="marcrelator" type="code">ctb</roleTerm>
    </role>
  </name>
  <name type="personal">
    <namePart>Schumannus, Johannes</namePart>
    <role>
      <roleTerm type="text">BeiträgerIn</roleTerm>
    </role>
    <role>
      <roleTerm authority="marcrelator" type="code">ctb</roleTerm>
    </role>
  </name>
  <name type="personal">
    <namePart>Dörffer, Zacharias</namePart>
    <namePart type="date">15XX-16XX</namePart>
    <role>
      <roleTerm authority="marcrelator" type="code">prt</roleTerm>
    </role>
    <nameIdentifier>(DE-588)1037518160 (DE-627)007481454 (DE-576)391548212</nameIdentifier>
  </name>
  <typeOfResource>text</typeOfResource>
  <genre authority="rdacontent">nicht spezifiziert</genre>
  <genre authority="local">Lyrik</genre>
  <genre authority="local">Gelegenheitsschrift:Hochzeit</genre>
  <originInfo>
    <place>
      <placeTerm type="code" authority="marccountry">xx</placeTerm>
    </place>
    <dateIssued encoding="marc">1624</dateIssued>
    <issuance>monographic</issuance>
  </originInfo>
  <originInfo eventType="publication">
    <place>
      <placeTerm type="text">Servestae</placeTerm>
    </place>
    <publisher>Dörfferus</publisher>
    <dateIssued>1624</dateIssued>
  </originInfo>
  <language>
    <languageTerm authority="iso639-2b" type="code">lat</languageTerm>
  </language>
  <physicalDescription>
    <form authority="marcform">print</form>
    <extent>[6] Bl 4°</extent>
    <form type="media" authority="rdamedia">nicht spezifiziert</form>
    <form type="carrier" authority="rdacarrier">nicht spezifiziert</form>
  </physicalDescription>
  <note type="statement of responsibility" altRepGroup="00">Dicta a Fautoribus ac Amicis</note>
  <note type="action">Digitalisierung geplant Digitalisierung Unika durch ULB Halle; ULB Halle 2015-07 digitalisiert pdager</note>
  <identifier type="vd17">3:019597P</identifier>
  <relatedItem>
    <location>
      <url displayLabel="Volltext" note="Kostenfrei">http://nbn-resolving.de/urn:nbn:de:gbv:3:1-584873</url>
    </location>
  </relatedItem>
  <recordInfo>
    <descriptionStandard>rakwb</descriptionStandard>
    <recordContentSource authority="marcorg">DE-627</recordContentSource>
    <recordCreationDate encoding="marc">020901</recordCreationDate>
    <recordChangeDate encoding="iso8601">20200310211022.0</recordChangeDate>
    <recordIdentifier source="DE-627-4">000614661</recordIdentifier>
    <recordOrigin>Converted from MARCXML to MODS version 3.6 using MARC21slim2MODS3-6.xsl
				(Revision 1.119 2018/06/21)</recordOrigin>
    <languageOfCataloging>
      <languageTerm authority="iso639-2b" type="code">ger</languageTerm>
    </languageOfCataloging>
  </recordInfo>
</mods></zs:recordData><zs:recordPosition>9</zs:recordPosition></zs:record><zs:record><zs:recordSchema>mods</zs:recordSchema><zs:recordXMLEscaping>xml</zs:recordXMLEscaping><zs:recordData><mods xmlns:xsi="http://www.w3.org/2001/XMLSchema-instance" xmlns="http://www.loc.gov/mods/v3" version="3.6" xsi:schemaLocation="http://www.loc.gov/mods/v3 http://www.loc.gov/standards/mods/v3/mods-3-6.xsd">
  <titleInfo>
    <title>Utilissima Expensarum tam Extraiudicialium quam Iudicialium Materia</title>
    <subTitle>Quatuor disputationibus exhibita</subTitle>
  </titleInfo>
  <name type="personal" usage="primary">
    <namePart>Milag, Martin</namePart>
    <namePart type="date">1598-1657</namePart>
    <role>
      <roleTerm authority="marcrelator" type="code">aut</roleTerm>
    </role>
    <nameIdentifier>(DE-588)115795685 (DE-627)004218310 (DE-576)170361225</nameIdentifier>
  </name>
  <name type="personal">
    <namePart>Siedler, Gottfried</namePart>
    <role>
      <roleTerm authority="marcrelator" type="code">oth</roleTerm>
    </role>
    <nameIdentifier>(DE-588)120602679 (DE-627)004389557 (DE-576)292295774</nameIdentifier>
  </name>
  <name type="personal">
    <namePart>Fridericus-Ulricus</namePart>
    <namePart type="termsOfAddress">Dux Brunsvicensis &amp; Lunaeburgensis</namePart>
    <role>
      <roleTerm type="text">WidmungsempfängerIn</roleTerm>
    </role>
    <role>
      <roleTerm authority="marcrelator" type="code">dte</roleTerm>
    </role>
  </name>
  <name type="personal">
    <namePart>Augustus</namePart>
    <namePart type="termsOfAddress">Princeps Alhaltinus</namePart>
    <role>
      <roleTerm type="text">WidmungsempfängerIn</roleTerm>
    </role>
    <role>
      <roleTerm authority="marcrelator" type="code">dte</roleTerm>
    </role>
  </name>
  <name type="personal">
    <namePart>Mollerus, Andreas</namePart>
    <role>
      <roleTerm type="text">WidmungsempfängerIn</roleTerm>
    </role>
    <role>
      <roleTerm authority="marcrelator" type="code">dte</roleTerm>
    </role>
  </name>
  <name type="personal">
    <namePart>Lehnmann, Martin</namePart>
    <role>
      <roleTerm authority="marcrelator" type="code">oth</roleTerm>
    </role>
    <nameIdentifier>(DE-588)120602784 (DE-627)004068858 (DE-576)292295855</nameIdentifier>
  </name>
  <name type="personal">
    <namePart>Frenzel, Balthasar</namePart>
    <role>
      <roleTerm authority="marcrelator" type="code">oth</roleTerm>
    </role>
    <nameIdentifier>(DE-588)120602806 (DE-627)004389611 (DE-576)292295863</nameIdentifier>
  </name>
  <name type="personal">
    <namePart>Friedland, Paul</namePart>
    <namePart type="date">1602-1639</namePart>
    <role>
      <roleTerm authority="marcrelator" type="code">oth</roleTerm>
    </role>
    <nameIdentifier>(DE-588)13238485X (DE-627)005927706 (DE-576)299112543</nameIdentifier>
  </name>
  <name type="personal">
    <namePart>Herdesianus, Cyr.</namePart>
    <role>
      <roleTerm type="text">BeiträgerIn</roleTerm>
    </role>
    <role>
      <roleTerm authority="marcrelator" type="code">ctb</roleTerm>
    </role>
  </name>
  <name type="personal">
    <namePart>Hartmannus, Joh. Christoph.</namePart>
    <role>
      <roleTerm type="text">BeiträgerIn</roleTerm>
    </role>
    <role>
      <roleTerm authority="marcrelator" type="code">ctb</roleTerm>
    </role>
  </name>
  <name type="personal">
    <namePart>Ebertus, Theodorus</namePart>
    <role>
      <roleTerm type="text">BeiträgerIn</roleTerm>
    </role>
    <role>
      <roleTerm authority="marcrelator" type="code">ctb</roleTerm>
    </role>
  </name>
  <name type="personal">
    <namePart>Lachmanus, Daniel</namePart>
    <role>
      <roleTerm type="text">BeiträgerIn</roleTerm>
    </role>
    <role>
      <roleTerm authority="marcrelator" type="code">ctb</roleTerm>
    </role>
  </name>
  <name type="personal">
    <namePart>Hartman, Friedrich</namePart>
    <namePart type="date">1563-1631</namePart>
    <role>
      <roleTerm authority="marcrelator" type="code">prt</roleTerm>
    </role>
    <nameIdentifier>(DE-588)137082010 (DE-627)006482627 (DE-576)302133178</nameIdentifier>
  </name>
  <name type="corporate">
    <namePart>Universität Frankfurt, Oder</namePart>
    <role>
      <roleTerm authority="marcrelator" type="code">oth</roleTerm>
    </role>
  </name>
  <typeOfResource>text</typeOfResource>
  <genre authority="rdacontent">nicht spezifiziert</genre>
  <genre authority="local">Dissertation:jur.</genre>
  <originInfo>
    <place>
      <placeTerm type="code" authority="marccountry">xx</placeTerm>
    </place>
    <dateIssued encoding="marc">1623</dateIssued>
    <issuance>monographic</issuance>
  </originInfo>
  <originInfo eventType="publication">
    <place>
      <placeTerm type="text">[Frankfurt, Oder]</placeTerm>
    </place>
    <publisher>Hartmannus</publisher>
    <dateIssued>1623</dateIssued>
  </originInfo>
  <language>
    <languageTerm authority="iso639-2b" type="code">lat</languageTerm>
  </language>
  <physicalDescription>
    <form authority="marcform">print</form>
    <extent>[47] Bl 4°</extent>
    <form type="media" authority="rdamedia">nicht spezifiziert</form>
    <form type="carrier" authority="rdacarrier">nicht spezifiziert</form>
  </physicalDescription>
  <note type="statement of responsibility" altRepGroup="00">de qua ... Auctore Ac Praeside Martino Milagio Torga-Misnico, dissertârunt Iuvenes LL. Studiosißimi, quorum Nomina singulis disputationibus sunt praefixa</note>
  <note>Ex. enth. 4 Dissertationen</note>
  <note>Schlüsselseiten aus dem Exemplar der ULB Halle: Frankfurt a.d.O., Diss., 1589-1623 (25)</note>
  <note type="action">Digitalisierung geplant Digitalisierung Unika durch ULB Halle; ULB Halle 2016-12 digitalisiert pdager</note>
  <identifier type="vd17">3:692563X</identifier>
  <relatedItem>
    <location>
      <url displayLabel="Volltext" note="Kostenfrei">http://nbn-resolving.de/urn:nbn:de:gbv:3:1-585527</url>
    </location>
  </relatedItem>
  <relatedItem>
    <location>
      <url note="Kostenfrei">http://vd17.bibliothek.uni-halle.de/pict/2006/3:692563X/</url>
    </location>
  </relatedItem>
  <recordInfo>
    <descriptionStandard>rakwb</descriptionStandard>
    <recordContentSource authority="marcorg">DE-627</recordContentSource>
    <recordCreationDate encoding="marc">061207</recordCreationDate>
    <recordChangeDate encoding="iso8601">20200310222055.0</recordChangeDate>
    <recordIdentifier source="DE-627-4">005927714</recordIdentifier>
    <recordOrigin>Converted from MARCXML to MODS version 3.6 using MARC21slim2MODS3-6.xsl
				(Revision 1.119 2018/06/21)</recordOrigin>
    <languageOfCataloging>
      <languageTerm authority="iso639-2b" type="code">ger</languageTerm>
    </languageOfCataloging>
  </recordInfo>
</mods></zs:recordData><zs:recordPosition>10</zs:recordPosition></zs:record><zs:record><zs:recordSchema>mods</zs:recordSchema><zs:recordXMLEscaping>xml</zs:recordXMLEscaping><zs:recordData><mods xmlns:xsi="http://www.w3.org/2001/XMLSchema-instance" xmlns="http://www.loc.gov/mods/v3" version="3.6" xsi:schemaLocation="http://www.loc.gov/mods/v3 http://www.loc.gov/standards/mods/v3/mods-3-6.xsd">
  <titleInfo>
    <title>Exercitatio Iuridica De Expensis</title>
  </titleInfo>
  <name type="personal" usage="primary">
    <namePart>Herdesianus, Cyriacus</namePart>
    <namePart type="date">1580-1631</namePart>
    <role>
      <roleTerm authority="marcrelator" type="code">aut</roleTerm>
    </role>
    <nameIdentifier>(DE-588)100165443 (DE-627)004091639 (DE-576)166772887</nameIdentifier>
  </name>
  <name type="personal">
    <namePart>Milag, Martin</namePart>
    <namePart type="date">1598-1657</namePart>
    <role>
      <roleTerm authority="marcrelator" type="code">aut</roleTerm>
    </role>
    <nameIdentifier>(DE-588)115795685 (DE-627)004218310 (DE-576)170361225</nameIdentifier>
  </name>
  <name type="personal">
    <namePart>Valentinius, Paulus</namePart>
    <role>
      <roleTerm type="text">BeiträgerIn</roleTerm>
    </role>
    <role>
      <roleTerm authority="marcrelator" type="code">ctb</roleTerm>
    </role>
  </name>
  <name type="personal">
    <namePart>Hartman, Friedrich</namePart>
    <namePart type="date">1563-1631</namePart>
    <role>
      <roleTerm authority="marcrelator" type="code">prt</roleTerm>
    </role>
    <nameIdentifier>(DE-588)137082010 (DE-627)006482627 (DE-576)302133178</nameIdentifier>
  </name>
  <name type="corporate">
    <namePart>Universität Frankfurt, Oder</namePart>
    <role>
      <roleTerm authority="marcrelator" type="code">oth</roleTerm>
    </role>
  </name>
  <typeOfResource>text</typeOfResource>
  <genre authority="rdacontent">nicht spezifiziert</genre>
  <genre authority="local">Dissertation:jur.</genre>
  <originInfo>
    <place>
      <placeTerm type="code" authority="marccountry">xx</placeTerm>
    </place>
    <dateIssued encoding="marc">1622</dateIssued>
    <issuance>monographic</issuance>
  </originInfo>
  <originInfo eventType="publication">
    <place>
      <placeTerm type="text">[Frankfurt, Oder]</placeTerm>
    </place>
    <publisher>Literis Hartmannianis</publisher>
    <dateIssued>1622</dateIssued>
  </originInfo>
  <language>
    <languageTerm authority="iso639-2b" type="code">lat</languageTerm>
  </language>
  <physicalDescription>
    <form authority="marcform">print</form>
    <extent>[18] Bl 4°</extent>
    <form type="media" authority="rdamedia">nicht spezifiziert</form>
    <form type="carrier" authority="rdacarrier">nicht spezifiziert</form>
  </physicalDescription>
  <note type="statement of responsibility" altRepGroup="00">Quam ... Sub Praesidio ... Cyriaci Herdesiani ... publice ventilandam exhibet Martinus Milagius ... ad d. [...] Octobr. M.DC.XXII.</note>
  <identifier type="vd17">12:174702C</identifier>
  <recordInfo>
    <descriptionStandard>rakwb</descriptionStandard>
    <recordContentSource authority="marcorg">DE-627</recordContentSource>
    <recordCreationDate encoding="marc">020901</recordCreationDate>
    <recordChangeDate encoding="iso8601">20200224150746.0</recordChangeDate>
    <recordIdentifier source="DE-627-4">001375814</recordIdentifier>
    <recordOrigin>Converted from MARCXML to MODS version 3.6 using MARC21slim2MODS3-6.xsl
				(Revision 1.119 2018/06/21)</recordOrigin>
    <languageOfCataloging>
      <languageTerm authority="iso639-2b" type="code">ger</languageTerm>
    </languageOfCataloging>
  </recordInfo>
</mods></zs:recordData><zs:recordPosition>11</zs:recordPosition></zs:record><zs:record><zs:recordSchema>mods</zs:recordSchema><zs:recordXMLEscaping>xml</zs:recordXMLEscaping><zs:recordData><mods xmlns:xsi="http://www.w3.org/2001/XMLSchema-instance" xmlns="http://www.loc.gov/mods/v3" version="3.6" xsi:schemaLocation="http://www.loc.gov/mods/v3 http://www.loc.gov/standards/mods/v3/mods-3-6.xsd">
  <titleInfo>
    <title>Disputatio Decimanona Collegii Institutionum Iustin. Imp. De Furto Et Rapina</title>
  </titleInfo>
  <name type="personal" usage="primary">
    <namePart>Wulckovius, Wilhelm</namePart>
    <role>
      <roleTerm authority="marcrelator" type="code">aut</roleTerm>
    </role>
    <nameIdentifier>(DE-588)124906915 (DE-627)004932463 (DE-576)171378741</nameIdentifier>
  </name>
  <name type="personal">
    <namePart>Milag, Martin</namePart>
    <namePart type="date">1598-1657</namePart>
    <role>
      <roleTerm authority="marcrelator" type="code">aut</roleTerm>
    </role>
    <nameIdentifier>(DE-588)115795685 (DE-627)004218310 (DE-576)170361225</nameIdentifier>
  </name>
  <name type="personal">
    <namePart>Herdesianus, Cyriacus</namePart>
    <role>
      <roleTerm type="text">WidmungsempfängerIn</roleTerm>
    </role>
    <role>
      <roleTerm authority="marcrelator" type="code">dte</roleTerm>
    </role>
  </name>
  <name type="personal">
    <namePart>Schultze, Petrus</namePart>
    <role>
      <roleTerm type="text">WidmungsempfängerIn</roleTerm>
    </role>
    <role>
      <roleTerm authority="marcrelator" type="code">dte</roleTerm>
    </role>
  </name>
  <name type="personal">
    <namePart>Hartman, Friedrich</namePart>
    <namePart type="date">1563-1631</namePart>
    <role>
      <roleTerm authority="marcrelator" type="code">prt</roleTerm>
    </role>
    <nameIdentifier>(DE-588)137082010 (DE-627)006482627 (DE-576)302133178</nameIdentifier>
  </name>
  <name type="corporate">
    <namePart>Universität Frankfurt, Oder</namePart>
    <role>
      <roleTerm authority="marcrelator" type="code">oth</roleTerm>
    </role>
  </name>
  <typeOfResource>text</typeOfResource>
  <genre authority="rdacontent">nicht spezifiziert</genre>
  <genre authority="local">Dissertation:jur.</genre>
  <originInfo>
    <place>
      <placeTerm type="code" authority="marccountry">xx</placeTerm>
    </place>
    <dateIssued encoding="marc">1621</dateIssued>
    <issuance>monographic</issuance>
  </originInfo>
  <originInfo eventType="publication">
    <place>
      <placeTerm type="text">[Frankfurt, Oder]</placeTerm>
    </place>
    <publisher>Literis Hartmannianis</publisher>
    <dateIssued>1621</dateIssued>
  </originInfo>
  <language>
    <languageTerm authority="iso639-2b" type="code">lat</languageTerm>
  </language>
  <physicalDescription>
    <form authority="marcform">print</form>
    <extent>[10] Bl 4°</extent>
    <form type="media" authority="rdamedia">nicht spezifiziert</form>
    <form type="carrier" authority="rdacarrier">nicht spezifiziert</form>
  </physicalDescription>
  <note type="statement of responsibility" altRepGroup="00">Quam ... Sub Praesidio Wilhelmi Wulckovii Luneburg. ... Exercitii gratia examinandam proponit Martinus Milagius Torga-Misnicus. Ad diem Iulii ... Anno M.DC.XXI.</note>
  <note>Schlüsselseiten aus dem Exemplar der ULB Halle: Frankfurt a.d.O., Diss., 1589-1623 (19)</note>
  <note type="action">Digitalisierung geplant Digitalisierung Unika durch ULB Halle; ULB Halle 2016-12 digitalisiert pdager</note>
  <identifier type="vd17">3:692530E</identifier>
  <relatedItem>
    <location>
      <url displayLabel="Volltext" note="Kostenfrei">http://nbn-resolving.de/urn:nbn:de:gbv:3:1-587557</url>
    </location>
  </relatedItem>
  <relatedItem>
    <location>
      <url note="Kostenfrei">http://vd17.bibliothek.uni-halle.de/pict/2006/3:692530E/</url>
    </location>
  </relatedItem>
  <recordInfo>
    <descriptionStandard>rakwb</descriptionStandard>
    <recordContentSource authority="marcorg">DE-627</recordContentSource>
    <recordCreationDate encoding="marc">061207</recordCreationDate>
    <recordChangeDate encoding="iso8601">20200310222055.0</recordChangeDate>
    <recordIdentifier source="DE-627-4">005927307</recordIdentifier>
    <recordOrigin>Converted from MARCXML to MODS version 3.6 using MARC21slim2MODS3-6.xsl
				(Revision 1.119 2018/06/21)</recordOrigin>
    <languageOfCataloging>
      <languageTerm authority="iso639-2b" type="code">ger</languageTerm>
    </languageOfCataloging>
  </recordInfo>
</mods></zs:recordData><zs:recordPosition>12</zs:recordPosition></zs:record></zs:records><zs:echoedSearchRetrieveRequest><zs:version>2.0</zs:version><zs:query>pica.nid=115795685</zs:query><zs:startRecord>1</zs:startRecord><zs:maximumRecords>500</zs:maximumRecords><zs:recordXMLEscaping>xml</zs:recordXMLEscaping><zs:recordSchema>mods</zs:recordSchema></zs:echoedSearchRetrieveRequest><zs:resultCountPrecision>exact</zs:resultCountPrecision></zs:searchRetrieveResponse>
