<?xml version="1.0" encoding="UTF-8"?>
<zs:searchRetrieveResponse xmlns:zs="http://docs.oasis-open.org/ns/search-ws/sruResponse"><zs:numberOfRecords>6</zs:numberOfRecords><zs:records><zs:record><zs:recordSchema>mods</zs:recordSchema><zs:recordXMLEscaping>xml</zs:recordXMLEscaping><zs:recordData><mods xmlns:xsi="http://www.w3.org/2001/XMLSchema-instance" xmlns="http://www.loc.gov/mods/v3" version="3.6" xsi:schemaLocation="http://www.loc.gov/mods/v3 http://www.loc.gov/standards/mods/v3/mods-3-6.xsd">
  <name type="personal" usage="primary">
    <namePart>Sveno Martial Edelnolph</namePart>
    <namePart type="termsOfAddress">Württemberg-Weiltingen, Herzog</namePart>
    <namePart type="date">1629-1656</namePart>
  </name>
  <typeOfResource/>
  <originInfo>
    <place>
      <placeTerm type="code" authority="marccountry">bbn</placeTerm>
    </place>
    <issuance/>
  </originInfo>
  <note xmlns:xlink="http://www.w3.org/1999/xlink" xlink:href="(DE-588)120064006">Julius Friedrich</note>
  <note xmlns:xlink="http://www.w3.org/1999/xlink" xlink:href="(DE-588)4000464-8">(DE-627)006929958 (DE-588)4000464-8 Adel obin r Oberbegriff instantiell</note>
  <subject>
    <geographicCode authority="iso3166">XA-DE</geographicCode>
  </subject>
  <identifier type="uri">http://d-nb.info/gnd/123432960</identifier>
  <recordInfo>
    <recordCreationDate encoding="marc">020621</recordCreationDate>
    <recordChangeDate encoding="iso8601">202003151256.1</recordChangeDate>
    <recordIdentifier source="DE-627">004660560</recordIdentifier>
    <recordOrigin>Converted from MARCXML to MODS version 3.6 using MARC21slim2MODS3-6.xsl
				(Revision 1.119 2018/06/21)</recordOrigin>
  </recordInfo>
</mods></zs:recordData><zs:recordPosition>1</zs:recordPosition></zs:record><zs:record><zs:recordSchema>mods</zs:recordSchema><zs:recordXMLEscaping>xml</zs:recordXMLEscaping><zs:recordData><mods xmlns:xsi="http://www.w3.org/2001/XMLSchema-instance" xmlns="http://www.loc.gov/mods/v3" version="3.6" xsi:schemaLocation="http://www.loc.gov/mods/v3 http://www.loc.gov/standards/mods/v3/mods-3-6.xsd">
  <titleInfo>
    <title>Diversis vicibus superiori anno bene incoatum Exercitiorum Scholasticorum Cursum pro sua virili continuabunt inferius denominati Ex Classe Gymnasii primaria Discipuli industrii</title>
    <subTitle>Cui ut interesse ... dignentur Principes Illustrissimi Et Celsissimi Dn. Manfredus, Dn. Sveno Martialis Edelnolphus, Duces Wirtembergici &amp; Teccae, Comites Montisbeligardi, Dynastae in Heydenheim ... Dn. Adolphus Fridericus, Liber Baro ab Herberstein/ &amp;c. Ut &amp; ... Utriusq[ue] Dicasterii Saxo-Gothani, qua Politici, qua Ecclesiastici Antistites &amp; Assessores, Cateriq[ue] Viri Consultissimi ... Literarii Ordinis Proceres &amp; Alumni ... rogantur</subTitle>
  </titleInfo>
  <name type="personal" usage="primary">
    <namePart>Reyher, Andreas</namePart>
    <namePart type="date">1601-1673</namePart>
    <role>
      <roleTerm authority="marcrelator" type="code">aut</roleTerm>
    </role>
    <nameIdentifier>(DE-588)119123053 (DE-627)004055985 (DE-576)165968524</nameIdentifier>
  </name>
  <name type="personal">
    <namePart>Manfred</namePart>
    <namePart type="termsOfAddress">I Württemberg-Weiltingen, Herzog</namePart>
    <namePart type="date">1626-1662</namePart>
    <role>
      <roleTerm authority="marcrelator" type="code">oth</roleTerm>
    </role>
    <nameIdentifier>(DE-588)122800877 (DE-627)004610652 (DE-576)293426392</nameIdentifier>
  </name>
  <name type="personal">
    <namePart>Sveno Martial Edelnolph</namePart>
    <namePart type="termsOfAddress">Württemberg-Weiltingen, Herzog</namePart>
    <namePart type="date">1629-1656</namePart>
    <role>
      <roleTerm authority="marcrelator" type="code">oth</roleTerm>
    </role>
    <nameIdentifier>(DE-588)123432960 (DE-627)004660560</nameIdentifier>
  </name>
  <name type="personal">
    <namePart>Herberstein, Adolph Friedrich von</namePart>
    <namePart type="date">-1683</namePart>
    <role>
      <roleTerm authority="marcrelator" type="code">oth</roleTerm>
    </role>
    <nameIdentifier>(DE-588)121855740 (DE-627)004526066 (DE-576)292920865</nameIdentifier>
  </name>
  <name type="corporate">
    <namePart>Gymnasium Gotha</namePart>
    <role>
      <roleTerm authority="marcrelator" type="code">oth</roleTerm>
    </role>
  </name>
  <typeOfResource>text</typeOfResource>
  <genre authority="rdacontent">nicht spezifiziert</genre>
  <genre authority="local">Einblattdruck</genre>
  <genre authority="local">Schulprogramm</genre>
  <genre authority="local">Gelegenheitsschrift:Einladung</genre>
  <originInfo>
    <place>
      <placeTerm type="code" authority="marccountry">xx</placeTerm>
    </place>
    <dateIssued encoding="marc">1647</dateIssued>
    <issuance>monographic</issuance>
  </originInfo>
  <originInfo eventType="publication">
    <place>
      <placeTerm type="text">[S.l.]</placeTerm>
    </place>
    <publisher/>
    <dateIssued>1647</dateIssued>
  </originInfo>
  <language>
    <languageTerm authority="iso639-2b" type="code">lat</languageTerm>
  </language>
  <physicalDescription>
    <form authority="marcform">print</form>
    <extent>[1] Bl</extent>
    <form type="media" authority="rdamedia">nicht spezifiziert</form>
    <form type="carrier" authority="rdacarrier">nicht spezifiziert</form>
  </physicalDescription>
  <note type="statement of responsibility" altRepGroup="00">Intimante vero M. Andrea Reyhero Gymnasii Rectore</note>
  <note>Format: ca. 38 x 31 cm</note>
  <note type="action">Digitalisierung geplant Digitalisierung Unika durch FB Gotha pdager</note>
  <note>Enth. Einladung und Programm für den 15. und 29. Januar</note>
  <identifier type="vd17">39:152069S</identifier>
  <recordInfo>
    <descriptionStandard>rakwb</descriptionStandard>
    <recordContentSource authority="marcorg">DE-627</recordContentSource>
    <recordCreationDate encoding="marc">020901</recordCreationDate>
    <recordChangeDate encoding="iso8601">20200224141720.0</recordChangeDate>
    <recordIdentifier source="DE-627-4">000580902</recordIdentifier>
    <recordOrigin>Converted from MARCXML to MODS version 3.6 using MARC21slim2MODS3-6.xsl
				(Revision 1.119 2018/06/21)</recordOrigin>
    <languageOfCataloging>
      <languageTerm authority="iso639-2b" type="code">ger</languageTerm>
    </languageOfCataloging>
  </recordInfo>
</mods></zs:recordData><zs:recordPosition>2</zs:recordPosition></zs:record><zs:record><zs:recordSchema>mods</zs:recordSchema><zs:recordXMLEscaping>xml</zs:recordXMLEscaping><zs:recordData><mods xmlns:xsi="http://www.w3.org/2001/XMLSchema-instance" xmlns="http://www.loc.gov/mods/v3" version="3.6" xsi:schemaLocation="http://www.loc.gov/mods/v3 http://www.loc.gov/standards/mods/v3/mods-3-6.xsd">
  <titleInfo>
    <title>Sub Auspicio ... Dn. Ernesti, Ducis Saxoniae ... Illustrissimi Principes ac Domini, Dn. Manfredus, Dn. Iulius Peregrinatius, Dn. Sveno Martialis Edelnolphus, Fratres Germani, Duces Wirtenbergici &amp; Teccae, Comites Montisbeligardi, Dynastae in Heidenheim ... Dn. Heinricus Ruthenus Senior, Dominus in Plauen/ &amp;c. ... Quos hic Gothae hoc tempore praesentes cognoscimus; Ad Ecercitationem Oratorio-Poeticam, Qua ex illo Xenophontis libr. 7. Kyru paideias dicto: technas pēgas phasi tōn kalōn, Artes dicunt fontes bonorum, Artium Liberalium Encomium, Ex illustri Gymnasio Discipuli ... Ad Crastinum syn tō Theō Diem 22. nempe Iulii a Concione matutina Suopte adornabunt Marte; Nomine Illustris, quod hic Gothae est, Gymnasii ... invitantur</title>
  </titleInfo>
  <name type="personal" usage="primary">
    <namePart>Reyher, Andreas</namePart>
    <namePart type="date">1601-1673</namePart>
    <role>
      <roleTerm authority="marcrelator" type="code">aut</roleTerm>
    </role>
    <nameIdentifier>(DE-588)119123053 (DE-627)004055985 (DE-576)165968524</nameIdentifier>
  </name>
  <name type="personal">
    <namePart>Manfred</namePart>
    <namePart type="termsOfAddress">I Württemberg-Weiltingen, Herzog</namePart>
    <namePart type="date">1626-1662</namePart>
    <role>
      <roleTerm authority="marcrelator" type="code">oth</roleTerm>
    </role>
    <nameIdentifier>(DE-588)122800877 (DE-627)004610652 (DE-576)293426392</nameIdentifier>
  </name>
  <name type="personal">
    <namePart>Julius Peregrinatius</namePart>
    <namePart type="termsOfAddress">Württemberg-Weiltingen, Herzog</namePart>
    <namePart type="date">1627-1645</namePart>
    <role>
      <roleTerm authority="marcrelator" type="code">oth</roleTerm>
    </role>
    <nameIdentifier>(DE-588)123432855 (DE-627)004660544 (DE-576)293707006</nameIdentifier>
  </name>
  <name type="personal">
    <namePart>Sveno Martial Edelnolph</namePart>
    <namePart type="termsOfAddress">Württemberg-Weiltingen, Herzog</namePart>
    <namePart type="date">1629-1656</namePart>
    <role>
      <roleTerm authority="marcrelator" type="code">oth</roleTerm>
    </role>
    <nameIdentifier>(DE-588)123432960 (DE-627)004660560</nameIdentifier>
  </name>
  <name type="personal">
    <namePart>Heinrich</namePart>
    <namePart type="termsOfAddress">II. Reuß-Gera</namePart>
    <namePart type="date">1602-1670</namePart>
    <role>
      <roleTerm authority="marcrelator" type="code">oth</roleTerm>
    </role>
    <nameIdentifier>(DE-588)102109214 (DE-627)004103254</nameIdentifier>
  </name>
  <name type="corporate">
    <namePart>Gymnasium Gotha</namePart>
    <role>
      <roleTerm authority="marcrelator" type="code">oth</roleTerm>
    </role>
  </name>
  <typeOfResource>text</typeOfResource>
  <genre authority="rdacontent">nicht spezifiziert</genre>
  <genre authority="local">Gelegenheitsschrift:Einladung</genre>
  <genre authority="local">Schulprogramm</genre>
  <genre authority="local">Einblattdruck</genre>
  <originInfo>
    <place>
      <placeTerm type="code" authority="marccountry">xx</placeTerm>
    </place>
    <dateIssued encoding="marc">1645</dateIssued>
    <issuance>monographic</issuance>
  </originInfo>
  <originInfo eventType="publication">
    <place>
      <placeTerm type="text">[S.l.]</placeTerm>
    </place>
    <publisher/>
    <dateIssued>1645</dateIssued>
  </originInfo>
  <language>
    <languageTerm authority="iso639-2b" type="code">lat</languageTerm>
  </language>
  <physicalDescription>
    <form authority="marcform">print</form>
    <extent>[1] Bl</extent>
    <form type="media" authority="rdamedia">nicht spezifiziert</form>
    <form type="carrier" authority="rdacarrier">nicht spezifiziert</form>
  </physicalDescription>
  <note type="statement of responsibility" altRepGroup="00">a M. Andrea Reyhero, Gymn. Rectore</note>
  <note>Format: ca. 38 x 31 cm</note>
  <note type="action">Digitalisierung geplant Digitalisierung Unika durch FB Gotha pdager</note>
  <identifier type="vd17">39:152064D</identifier>
  <recordInfo>
    <descriptionStandard>rakwb</descriptionStandard>
    <recordContentSource authority="marcorg">DE-627</recordContentSource>
    <recordCreationDate encoding="marc">020901</recordCreationDate>
    <recordChangeDate encoding="iso8601">20200224140545.0</recordChangeDate>
    <recordIdentifier source="DE-627-4">000371793</recordIdentifier>
    <recordOrigin>Converted from MARCXML to MODS version 3.6 using MARC21slim2MODS3-6.xsl
				(Revision 1.119 2018/06/21)</recordOrigin>
    <languageOfCataloging>
      <languageTerm authority="iso639-2b" type="code">ger</languageTerm>
    </languageOfCataloging>
  </recordInfo>
</mods></zs:recordData><zs:recordPosition>3</zs:recordPosition></zs:record><zs:record><zs:recordSchema>mods</zs:recordSchema><zs:recordXMLEscaping>xml</zs:recordXMLEscaping><zs:recordData><mods xmlns:xsi="http://www.w3.org/2001/XMLSchema-instance" xmlns="http://www.loc.gov/mods/v3" version="3.6" xsi:schemaLocation="http://www.loc.gov/mods/v3 http://www.loc.gov/standards/mods/v3/mods-3-6.xsd">
  <titleInfo>
    <title>Sub Auspicio ... Dn. Ernesti, Ducis Saxoniae ... Illustrissimi Principes ac Domini, Dn. Manfredus, Dn. Iulius Peregrinatius, Dn. Sveno Martialis Edelnolphus, Fratres Germani, Duces Wirtenbergici &amp; Teccae, Comites Montisbeligardi, Dynastae in Heidenheim ... Quos hic Gothae hoc tempore praesentes cognoscimus; Ad Exercitationem Oratoriam, Qua ex Nupera Dominica III. Epiphaniorum Evangelii pericope, Historia De Centurione Capernaitico, Per Discipulos Supremi in Gymnasio Ordinis ... Ad Crastinum syn tō Theō Diem 4. nempe Febr. a Concione matutina Repraesentabitur, Nomine Illustris, quod hic Gothae est, Gymnasii ... invitantur</title>
  </titleInfo>
  <name type="personal" usage="primary">
    <namePart>Reyher, Andreas</namePart>
    <namePart type="date">1601-1673</namePart>
    <role>
      <roleTerm authority="marcrelator" type="code">aut</roleTerm>
    </role>
    <nameIdentifier>(DE-588)119123053 (DE-627)004055985 (DE-576)165968524</nameIdentifier>
  </name>
  <name type="personal">
    <namePart>Manfred</namePart>
    <namePart type="termsOfAddress">I Württemberg-Weiltingen, Herzog</namePart>
    <namePart type="date">1626-1662</namePart>
    <role>
      <roleTerm authority="marcrelator" type="code">oth</roleTerm>
    </role>
    <nameIdentifier>(DE-588)122800877 (DE-627)004610652 (DE-576)293426392</nameIdentifier>
  </name>
  <name type="personal">
    <namePart>Julius Peregrinatius</namePart>
    <namePart type="termsOfAddress">Württemberg-Weiltingen, Herzog</namePart>
    <namePart type="date">1627-1645</namePart>
    <role>
      <roleTerm authority="marcrelator" type="code">oth</roleTerm>
    </role>
    <nameIdentifier>(DE-588)123432855 (DE-627)004660544 (DE-576)293707006</nameIdentifier>
  </name>
  <name type="personal">
    <namePart>Sveno Martial Edelnolph</namePart>
    <namePart type="termsOfAddress">Württemberg-Weiltingen, Herzog</namePart>
    <namePart type="date">1629-1656</namePart>
    <role>
      <roleTerm authority="marcrelator" type="code">oth</roleTerm>
    </role>
    <nameIdentifier>(DE-588)123432960 (DE-627)004660560</nameIdentifier>
  </name>
  <name type="corporate">
    <namePart>Gymnasium Gotha</namePart>
    <role>
      <roleTerm authority="marcrelator" type="code">oth</roleTerm>
    </role>
  </name>
  <typeOfResource>text</typeOfResource>
  <genre authority="rdacontent">nicht spezifiziert</genre>
  <genre authority="local">Schulprogramm</genre>
  <genre authority="local">Einblattdruck</genre>
  <genre authority="local">Gelegenheitsschrift:Einladung</genre>
  <originInfo>
    <place>
      <placeTerm type="code" authority="marccountry">xx</placeTerm>
    </place>
    <dateIssued encoding="marc">1645</dateIssued>
    <issuance>monographic</issuance>
  </originInfo>
  <originInfo eventType="publication">
    <place>
      <placeTerm type="text">[S.l.]</placeTerm>
    </place>
    <publisher/>
    <dateIssued>1645</dateIssued>
  </originInfo>
  <language>
    <languageTerm authority="iso639-2b" type="code">lat</languageTerm>
  </language>
  <physicalDescription>
    <form authority="marcform">print</form>
    <extent>[1] Bl</extent>
    <form type="media" authority="rdamedia">nicht spezifiziert</form>
    <form type="carrier" authority="rdacarrier">nicht spezifiziert</form>
  </physicalDescription>
  <note type="statement of responsibility" altRepGroup="00">a M. Andrea Reyhero, Gymn. Rectore</note>
  <note>Format: ca. 38 x 31 cm</note>
  <note type="action">Digitalisierung geplant Digitalisierung Unika durch FB Gotha pdager</note>
  <identifier type="vd17">39:152044R</identifier>
  <recordInfo>
    <descriptionStandard>rakwb</descriptionStandard>
    <recordContentSource authority="marcorg">DE-627</recordContentSource>
    <recordCreationDate encoding="marc">020901</recordCreationDate>
    <recordChangeDate encoding="iso8601">20200224140545.0</recordChangeDate>
    <recordIdentifier source="DE-627-4">000371696</recordIdentifier>
    <recordOrigin>Converted from MARCXML to MODS version 3.6 using MARC21slim2MODS3-6.xsl
				(Revision 1.119 2018/06/21)</recordOrigin>
    <languageOfCataloging>
      <languageTerm authority="iso639-2b" type="code">ger</languageTerm>
    </languageOfCataloging>
  </recordInfo>
</mods></zs:recordData><zs:recordPosition>4</zs:recordPosition></zs:record><zs:record><zs:recordSchema>mods</zs:recordSchema><zs:recordXMLEscaping>xml</zs:recordXMLEscaping><zs:recordData><mods xmlns:xsi="http://www.w3.org/2001/XMLSchema-instance" xmlns="http://www.loc.gov/mods/v3" version="3.6" xsi:schemaLocation="http://www.loc.gov/mods/v3 http://www.loc.gov/standards/mods/v3/mods-3-6.xsd">
  <titleInfo>
    <title>Sub Auspicio ... Dn. Ernesti, Ducis Saxoniae ... Illustrissimi Principes ac Domini Dn. Manfredus, Dn. Iulius Peregrinatius, Dn. Sveno Martialis Edelnolphus, Fratres Germani, Duces Wirtenbergici &amp; Teccae, Comites Montisbeligardi, Dynastae in Heidenheim ... Dn. Heinricus Ruthenus Senior, Dominus in Plauen/ &amp;c. ... Quos hic Gothae hoc tempore praesentes cognoscimus; Ad Exercitationem Logico-Rhetoricam, Qua pro Felici huius noviter ineuntis MDCXLV. Anni eisodiō Strena Didactica, Per Discipulos Superioris Ordinis ... Ad Crastinum syn tō Theō diem a Concione matutina Adornabitur, Nomine Illustris, quod hic Gothae est, Gymnasii ... invitantur</title>
  </titleInfo>
  <name type="personal" usage="primary">
    <namePart>Reyher, Andreas</namePart>
    <namePart type="date">1601-1673</namePart>
    <role>
      <roleTerm authority="marcrelator" type="code">aut</roleTerm>
    </role>
    <nameIdentifier>(DE-588)119123053 (DE-627)004055985 (DE-576)165968524</nameIdentifier>
  </name>
  <name type="personal">
    <namePart>Manfred</namePart>
    <namePart type="termsOfAddress">I Württemberg-Weiltingen, Herzog</namePart>
    <namePart type="date">1626-1662</namePart>
    <role>
      <roleTerm authority="marcrelator" type="code">oth</roleTerm>
    </role>
    <nameIdentifier>(DE-588)122800877 (DE-627)004610652 (DE-576)293426392</nameIdentifier>
  </name>
  <name type="personal">
    <namePart>Julius Peregrinatius</namePart>
    <namePart type="termsOfAddress">Württemberg-Weiltingen, Herzog</namePart>
    <namePart type="date">1627-1645</namePart>
    <role>
      <roleTerm authority="marcrelator" type="code">oth</roleTerm>
    </role>
    <nameIdentifier>(DE-588)123432855 (DE-627)004660544 (DE-576)293707006</nameIdentifier>
  </name>
  <name type="personal">
    <namePart>Sveno Martial Edelnolph</namePart>
    <namePart type="termsOfAddress">Württemberg-Weiltingen, Herzog</namePart>
    <namePart type="date">1629-1656</namePart>
    <role>
      <roleTerm authority="marcrelator" type="code">oth</roleTerm>
    </role>
    <nameIdentifier>(DE-588)123432960 (DE-627)004660560</nameIdentifier>
  </name>
  <name type="personal">
    <namePart>Heinrich</namePart>
    <namePart type="termsOfAddress">II. Reuß-Gera</namePart>
    <namePart type="date">1602-1670</namePart>
    <role>
      <roleTerm authority="marcrelator" type="code">oth</roleTerm>
    </role>
    <nameIdentifier>(DE-588)102109214 (DE-627)004103254</nameIdentifier>
  </name>
  <name type="corporate">
    <namePart>Gymnasium Gotha</namePart>
    <role>
      <roleTerm authority="marcrelator" type="code">oth</roleTerm>
    </role>
  </name>
  <typeOfResource>text</typeOfResource>
  <genre authority="rdacontent">nicht spezifiziert</genre>
  <genre authority="local">Gelegenheitsschrift:Einladung</genre>
  <genre authority="local">Schulprogramm</genre>
  <genre authority="local">Einblattdruck</genre>
  <originInfo>
    <place>
      <placeTerm type="code" authority="marccountry">xx</placeTerm>
    </place>
    <dateIssued encoding="marc">1645</dateIssued>
    <issuance>monographic</issuance>
  </originInfo>
  <originInfo eventType="publication">
    <place>
      <placeTerm type="text">[S.l.]</placeTerm>
    </place>
    <publisher/>
    <dateIssued>1645</dateIssued>
  </originInfo>
  <language>
    <languageTerm authority="iso639-2b" type="code">lat</languageTerm>
  </language>
  <physicalDescription>
    <form authority="marcform">print</form>
    <extent>[1] Bl</extent>
    <form type="media" authority="rdamedia">nicht spezifiziert</form>
    <form type="carrier" authority="rdacarrier">nicht spezifiziert</form>
  </physicalDescription>
  <note type="statement of responsibility" altRepGroup="00">a M. Andrea Reyhero, Gymn. Rectore</note>
  <note>Format: ca. 38 x 31 cm</note>
  <note type="action">Digitalisierung geplant Digitalisierung Unika durch FB Gotha pdager</note>
  <identifier type="vd17">39:152040L</identifier>
  <recordInfo>
    <descriptionStandard>rakwb</descriptionStandard>
    <recordContentSource authority="marcorg">DE-627</recordContentSource>
    <recordCreationDate encoding="marc">020901</recordCreationDate>
    <recordChangeDate encoding="iso8601">20200224140545.0</recordChangeDate>
    <recordIdentifier source="DE-627-4">00037167X</recordIdentifier>
    <recordOrigin>Converted from MARCXML to MODS version 3.6 using MARC21slim2MODS3-6.xsl
				(Revision 1.119 2018/06/21)</recordOrigin>
    <languageOfCataloging>
      <languageTerm authority="iso639-2b" type="code">ger</languageTerm>
    </languageOfCataloging>
  </recordInfo>
</mods></zs:recordData><zs:recordPosition>5</zs:recordPosition></zs:record><zs:record><zs:recordSchema>mods</zs:recordSchema><zs:recordXMLEscaping>xml</zs:recordXMLEscaping><zs:recordData><mods xmlns:xsi="http://www.w3.org/2001/XMLSchema-instance" xmlns="http://www.loc.gov/mods/v3" version="3.6" xsi:schemaLocation="http://www.loc.gov/mods/v3 http://www.loc.gov/standards/mods/v3/mods-3-6.xsd">
  <titleInfo>
    <title>Christo Jesu ... Annuente; Sub Auspicio ... Dn. Ernesti, Ducis Saxoniae ... Illustrissimi Principes ac Domini Dn. Manfredus, Dn. Iulius Peregrinatius, Dn. Sveno Martialis Edelnolphus, Fratres Germani, Duces Wirtenbergici, Comites Teccae, Domini in Heidenheim ... Dn. Heinricus Ruthenus Senior, Dominus in Plauen/ &amp;c. Quos hic Gothae hoc tempore praesentes cognoscimus; Ad Gymnasma Oratorium, ex Evangelica praeteritae Dominicae pericope De Censu Caesari Dando Adumbratam, Perque Discipulos Supremi Ordinis quatuor ... Subeuntes Crastino die syn tō Theō 26. nempe Novembris Producendum, Nomine Illustris, quod hic Gothae est, Gymnasii ... invitantur</title>
  </titleInfo>
  <name type="personal" usage="primary">
    <namePart>Reyher, Andreas</namePart>
    <namePart type="date">1601-1673</namePart>
    <role>
      <roleTerm authority="marcrelator" type="code">aut</roleTerm>
    </role>
    <nameIdentifier>(DE-588)119123053 (DE-627)004055985 (DE-576)165968524</nameIdentifier>
  </name>
  <name type="personal">
    <namePart>Manfred</namePart>
    <namePart type="termsOfAddress">I Württemberg-Weiltingen, Herzog</namePart>
    <namePart type="date">1626-1662</namePart>
    <role>
      <roleTerm authority="marcrelator" type="code">oth</roleTerm>
    </role>
    <nameIdentifier>(DE-588)122800877 (DE-627)004610652 (DE-576)293426392</nameIdentifier>
  </name>
  <name type="personal">
    <namePart>Julius Peregrinatius</namePart>
    <namePart type="termsOfAddress">Württemberg-Weiltingen, Herzog</namePart>
    <namePart type="date">1627-1645</namePart>
    <role>
      <roleTerm authority="marcrelator" type="code">oth</roleTerm>
    </role>
    <nameIdentifier>(DE-588)123432855 (DE-627)004660544 (DE-576)293707006</nameIdentifier>
  </name>
  <name type="personal">
    <namePart>Sveno Martial Edelnolph</namePart>
    <namePart type="termsOfAddress">Württemberg-Weiltingen, Herzog</namePart>
    <namePart type="date">1629-1656</namePart>
    <role>
      <roleTerm authority="marcrelator" type="code">oth</roleTerm>
    </role>
    <nameIdentifier>(DE-588)123432960 (DE-627)004660560</nameIdentifier>
  </name>
  <name type="personal">
    <namePart>Heinrich</namePart>
    <namePart type="termsOfAddress">II. Reuß-Gera</namePart>
    <namePart type="date">1602-1670</namePart>
    <role>
      <roleTerm authority="marcrelator" type="code">oth</roleTerm>
    </role>
    <nameIdentifier>(DE-588)102109214 (DE-627)004103254</nameIdentifier>
  </name>
  <name type="corporate">
    <namePart>Gymnasium Gotha</namePart>
    <role>
      <roleTerm authority="marcrelator" type="code">oth</roleTerm>
    </role>
  </name>
  <typeOfResource>text</typeOfResource>
  <genre authority="rdacontent">nicht spezifiziert</genre>
  <genre authority="local">Einblattdruck</genre>
  <genre authority="local">Schulprogramm</genre>
  <genre authority="local">Gelegenheitsschrift:Einladung</genre>
  <originInfo>
    <place>
      <placeTerm type="code" authority="marccountry">xx</placeTerm>
    </place>
    <dateIssued encoding="marc">1644</dateIssued>
    <issuance>monographic</issuance>
  </originInfo>
  <originInfo eventType="publication">
    <place>
      <placeTerm type="text">[S.l.]</placeTerm>
    </place>
    <publisher/>
    <dateIssued>1644</dateIssued>
  </originInfo>
  <language>
    <languageTerm authority="iso639-2b" type="code">lat</languageTerm>
  </language>
  <physicalDescription>
    <form authority="marcform">print</form>
    <extent>[1] Bl</extent>
    <form type="media" authority="rdamedia">nicht spezifiziert</form>
    <form type="carrier" authority="rdacarrier">nicht spezifiziert</form>
  </physicalDescription>
  <note type="statement of responsibility" altRepGroup="00">a M. Andrea Reyhero, Gymnasii Rectore</note>
  <note>Schlüsselseiten aus dem Exemplar der FB Gotha: P 2° 00143 (02,159)</note>
  <note>Format: ca. 38 x 31 cm</note>
  <note type="action">Digitalisierung geplant Digitalisierung Unika durch FB Gotha pdager</note>
  <identifier type="vd17">39:152034K</identifier>
  <recordInfo>
    <descriptionStandard>rakwb</descriptionStandard>
    <recordContentSource authority="marcorg">DE-627</recordContentSource>
    <recordCreationDate encoding="marc">020901</recordCreationDate>
    <recordChangeDate encoding="iso8601">20200224145302.0</recordChangeDate>
    <recordIdentifier source="DE-627-4">001138642</recordIdentifier>
    <recordOrigin>Converted from MARCXML to MODS version 3.6 using MARC21slim2MODS3-6.xsl
				(Revision 1.119 2018/06/21)</recordOrigin>
    <languageOfCataloging>
      <languageTerm authority="iso639-2b" type="code">ger</languageTerm>
    </languageOfCataloging>
  </recordInfo>
</mods></zs:recordData><zs:recordPosition>6</zs:recordPosition></zs:record></zs:records><zs:echoedSearchRetrieveRequest><zs:version>2.0</zs:version><zs:query>pica.nid=123432960</zs:query><zs:startRecord>1</zs:startRecord><zs:maximumRecords>500</zs:maximumRecords><zs:recordXMLEscaping>xml</zs:recordXMLEscaping><zs:recordSchema>mods</zs:recordSchema></zs:echoedSearchRetrieveRequest><zs:resultCountPrecision>exact</zs:resultCountPrecision></zs:searchRetrieveResponse>
