<?xml version="1.0" encoding="UTF-8"?>
<zs:searchRetrieveResponse xmlns:zs="http://docs.oasis-open.org/ns/search-ws/sruResponse"><zs:numberOfRecords>2</zs:numberOfRecords><zs:records><zs:record><zs:recordSchema>mods</zs:recordSchema><zs:recordXMLEscaping>xml</zs:recordXMLEscaping><zs:recordData><mods xmlns:xsi="http://www.w3.org/2001/XMLSchema-instance" xmlns="http://www.loc.gov/mods/v3" version="3.6" xsi:schemaLocation="http://www.loc.gov/mods/v3 http://www.loc.gov/standards/mods/v3/mods-3-6.xsd">
  <name type="personal" usage="primary">
    <namePart>Angelocrator, Michael</namePart>
  </name>
  <typeOfResource/>
  <originInfo>
    <place>
      <placeTerm type="code" authority="marccountry">bbn</placeTerm>
    </place>
    <issuance/>
  </originInfo>
  <note xmlns:xlink="http://www.w3.org/1999/xlink" xlink:href="(DE-588)122595297">Angelocrator, Daniel</note>
  <subject>
    <geographicCode authority="iso3166">XA-DE</geographicCode>
  </subject>
  <identifier type="uri">http://d-nb.info/gnd/1042780358</identifier>
  <recordInfo>
    <recordCreationDate encoding="marc">131010</recordCreationDate>
    <recordChangeDate encoding="iso8601">202003151348.5</recordChangeDate>
    <recordIdentifier source="DE-627">007541872</recordIdentifier>
    <recordOrigin>Converted from MARCXML to MODS version 3.6 using MARC21slim2MODS3-6.xsl
				(Revision 1.119 2018/06/21)</recordOrigin>
  </recordInfo>
</mods></zs:recordData><zs:recordPosition>1</zs:recordPosition></zs:record><zs:record><zs:recordSchema>mods</zs:recordSchema><zs:recordXMLEscaping>xml</zs:recordXMLEscaping><zs:recordData><mods xmlns:xsi="http://www.w3.org/2001/XMLSchema-instance" xmlns="http://www.loc.gov/mods/v3" version="3.6" xsi:schemaLocation="http://www.loc.gov/mods/v3 http://www.loc.gov/standards/mods/v3/mods-3-6.xsd">
  <titleInfo>
    <nonSort xml:space="preserve">Ein  </nonSort>
    <title>Kling-Gedichte Von der SiebenLust</title>
    <subTitle>Darinn alle Wundersachen/ so in der Siebenzahl nach göttlicher und menschlicher Weißheit offenbahret sind/ mit Lust erzehlet werden</subTitle>
  </titleInfo>
  <titleInfo type="alternative">
    <title>erzählet</title>
  </titleInfo>
  <name type="personal">
    <namePart>Banér, Johan</namePart>
    <namePart type="date">1596-1641</namePart>
    <role>
      <roleTerm type="text">WidmungsempfängerIn</roleTerm>
    </role>
    <role>
      <roleTerm authority="marcrelator" type="code">dte</roleTerm>
    </role>
    <nameIdentifier>(DE-588)116048611 (DE-627)004228847 (DE-576)21438554X</nameIdentifier>
  </name>
  <name type="personal">
    <namePart>Leslie, Alexander</namePart>
    <namePart type="date">1580-1661</namePart>
    <role>
      <roleTerm type="text">WidmungsempfängerIn</roleTerm>
    </role>
    <role>
      <roleTerm authority="marcrelator" type="code">dte</roleTerm>
    </role>
    <nameIdentifier>(DE-588)116948906 (DE-627)004254546 (DE-576)290981034</nameIdentifier>
  </name>
  <name type="personal">
    <namePart>Torstenson, Lennart</namePart>
    <namePart type="date">1603-1651</namePart>
    <role>
      <roleTerm type="text">WidmungsempfängerIn</roleTerm>
    </role>
    <role>
      <roleTerm authority="marcrelator" type="code">dte</roleTerm>
    </role>
    <nameIdentifier>(DE-588)117407186 (DE-627)004268385 (DE-576)214399214</nameIdentifier>
  </name>
  <name type="personal">
    <namePart>Angelocrator, Michael</namePart>
    <role>
      <roleTerm type="text">WidmendeR</roleTerm>
    </role>
    <role>
      <roleTerm authority="marcrelator" type="code">dto</roleTerm>
    </role>
    <nameIdentifier>(DE-588)1042780358 (DE-627)007541872 (DE-576)394214609</nameIdentifier>
  </name>
  <typeOfResource>text</typeOfResource>
  <genre authority="rdacontent">Text</genre>
  <genre authority="local">Lyrik</genre>
  <originInfo>
    <place>
      <placeTerm type="code" authority="marccountry">xx</placeTerm>
    </place>
    <dateIssued encoding="marc">1636</dateIssued>
    <issuance>monographic</issuance>
  </originInfo>
  <originInfo eventType="publication">
    <place>
      <placeTerm type="text">[Erscheinungsort nicht ermittelbar]</placeTerm>
    </place>
    <publisher>[Verlag nicht ermittelbar]</publisher>
    <dateIssued>1636</dateIssued>
  </originInfo>
  <language>
    <languageTerm authority="iso639-2b" type="code">ger</languageTerm>
  </language>
  <physicalDescription>
    <form authority="marcform">print</form>
    <extent>31 Seiten 8°</extent>
    <form type="media" authority="rdamedia">ohne Hilfsmittel zu benutzen</form>
    <form type="carrier" authority="rdacarrier">Band</form>
  </physicalDescription>
  <note>Kleines Oktavformat</note>
  <note>Schlüsselseiten aus dem Exemplar der HAAB Weimar: 263913 - A</note>
  <note>Vorlageform des Erscheinungsvermerks: Im Jahr/ 1636.</note>
  <identifier type="vd17">32:739389H</identifier>
  <recordInfo>
    <descriptionStandard>rda</descriptionStandard>
    <recordContentSource authority="marcorg">DE-627</recordContentSource>
    <recordCreationDate encoding="marc">160607</recordCreationDate>
    <recordChangeDate encoding="iso8601">20200224225951.0</recordChangeDate>
    <recordIdentifier source="DE-627-4">00821462X</recordIdentifier>
    <recordOrigin>Converted from MARCXML to MODS version 3.6 using MARC21slim2MODS3-6.xsl
				(Revision 1.119 2018/06/21)</recordOrigin>
    <languageOfCataloging>
      <languageTerm authority="iso639-2b" type="code">ger</languageTerm>
    </languageOfCataloging>
  </recordInfo>
</mods></zs:recordData><zs:recordPosition>2</zs:recordPosition></zs:record></zs:records><zs:echoedSearchRetrieveRequest><zs:version>2.0</zs:version><zs:query>pica.nid=1042780358</zs:query><zs:startRecord>1</zs:startRecord><zs:maximumRecords>500</zs:maximumRecords><zs:recordXMLEscaping>xml</zs:recordXMLEscaping><zs:recordSchema>mods</zs:recordSchema></zs:echoedSearchRetrieveRequest><zs:resultCountPrecision>exact</zs:resultCountPrecision></zs:searchRetrieveResponse>
