<?xml version="1.0" encoding="UTF-8"?>
<zs:searchRetrieveResponse xmlns:zs="http://docs.oasis-open.org/ns/search-ws/sruResponse"><zs:numberOfRecords>5</zs:numberOfRecords><zs:records><zs:record><zs:recordSchema>mods</zs:recordSchema><zs:recordXMLEscaping>xml</zs:recordXMLEscaping><zs:recordData><mods xmlns:xsi="http://www.w3.org/2001/XMLSchema-instance" xmlns="http://www.loc.gov/mods/v3" version="3.6" xsi:schemaLocation="http://www.loc.gov/mods/v3 http://www.loc.gov/standards/mods/v3/mods-3-6.xsd">
  <name type="personal" usage="primary">
    <namePart>Griesheim, Wolf Melchior von</namePart>
    <namePart type="date">1595-1668</namePart>
  </name>
  <typeOfResource/>
  <originInfo>
    <place>
      <placeTerm type="code" authority="marccountry">bbn</placeTerm>
    </place>
    <issuance/>
  </originInfo>
  <note xmlns:xlink="http://www.w3.org/1999/xlink" xlink:href="(DE-588)128882085">Griesheim, Margaretha Regina von</note>
  <note xmlns:xlink="http://www.w3.org/1999/xlink" xlink:href="(DE-588)4142294-6">(DE-627)006947379 (DE-576)209717610 (DE-588)4142294-6 Amtmann berc r Charakteristischer Beruf</note>
  <subject>
    <geographicCode authority="iso3166">XA-DE</geographicCode>
  </subject>
  <identifier type="uri">http://d-nb.info/gnd/1017378975</identifier>
  <recordInfo>
    <recordCreationDate encoding="marc">111202</recordCreationDate>
    <recordChangeDate encoding="iso8601">202003151327.2</recordChangeDate>
    <recordIdentifier source="DE-627">006860435</recordIdentifier>
    <recordOrigin>Converted from MARCXML to MODS version 3.6 using MARC21slim2MODS3-6.xsl
				(Revision 1.119 2018/06/21)</recordOrigin>
  </recordInfo>
</mods></zs:recordData><zs:recordPosition>1</zs:recordPosition></zs:record><zs:record><zs:recordSchema>mods</zs:recordSchema><zs:recordXMLEscaping>xml</zs:recordXMLEscaping><zs:recordData><mods xmlns:xsi="http://www.w3.org/2001/XMLSchema-instance" xmlns="http://www.loc.gov/mods/v3" version="3.6" xsi:schemaLocation="http://www.loc.gov/mods/v3 http://www.loc.gov/standards/mods/v3/mods-3-6.xsd">
  <titleInfo>
    <nonSort xml:space="preserve">Der  </nonSort>
    <title>allervergnüglichste Christen-Wuntsch</title>
    <subTitle>Aus dem LXXIII. Psalm v. 25. &amp; 26. in einer Predigt fürgetragen/ Als Dem ... Herrn Wolf Melchior von Grießheimb/ uff Dörnfeld/ Herda und Dornheimb/ Gräfl. Schwartzburgischen Rath und Ober-Ambt-Mann zu Arnstadt/ so den 21. Maii ... eingeschlaffen/ und den 23. Eiusd. ... beygesetzet worden/ Das Christ-Adeliche Leichenbegängniß uff den 28. Junii ... gehalten wurde</subTitle>
  </titleInfo>
  <titleInfo type="alternative">
    <title>Christenwunsch Rat Oberamtmann Leichenbegängnis Dornheim Schwarzburgischen Mai eingeschlafen beigesetzt Juni</title>
  </titleInfo>
  <titleInfo type="alternative">
    <title>Pietas Musarum ex Parnasso: Erga Virum Nobilissimum: Dn. Wolffgangum Melchiorem A Grießheim: Nostrum olim Fautorem Magnum: Nunc Aeternitatis haeredem beatum</title>
  </titleInfo>
  <name type="personal" usage="primary">
    <namePart>Weber, Laurentius</namePart>
    <namePart type="date">1622-1670</namePart>
    <role>
      <roleTerm authority="marcrelator" type="code">aut</roleTerm>
    </role>
    <nameIdentifier>(DE-588)121317544 (DE-627)004438493 (DE-576)29264406X</nameIdentifier>
  </name>
  <name type="personal">
    <namePart>Griesheim, Wolf Melchior von</namePart>
    <namePart type="date">1595-1668</namePart>
    <role>
      <roleTerm authority="marcrelator" type="code">oth</roleTerm>
    </role>
    <nameIdentifier>(DE-588)1017378975 (DE-627)006860435 (DE-576)353627852</nameIdentifier>
  </name>
  <name type="personal">
    <namePart>Kircheim, Johannes</namePart>
    <role>
      <roleTerm type="text">BeiträgerIn</roleTerm>
    </role>
    <role>
      <roleTerm authority="marcrelator" type="code">ctb</roleTerm>
    </role>
  </name>
  <name type="personal">
    <namePart>Fricke, Christian Günther</namePart>
    <role>
      <roleTerm type="text">BeiträgerIn</roleTerm>
    </role>
    <role>
      <roleTerm authority="marcrelator" type="code">ctb</roleTerm>
    </role>
  </name>
  <name type="personal">
    <namePart>Schenck, Georg Christian</namePart>
    <role>
      <roleTerm type="text">BeiträgerIn</roleTerm>
    </role>
    <role>
      <roleTerm authority="marcrelator" type="code">ctb</roleTerm>
    </role>
  </name>
  <name type="personal">
    <namePart>Stechanius, Andreas</namePart>
    <role>
      <roleTerm type="text">BeiträgerIn</roleTerm>
    </role>
    <role>
      <roleTerm authority="marcrelator" type="code">ctb</roleTerm>
    </role>
  </name>
  <name type="personal">
    <namePart>Hänisch, Zacharias</namePart>
    <role>
      <roleTerm type="text">BeiträgerIn</roleTerm>
    </role>
    <role>
      <roleTerm authority="marcrelator" type="code">ctb</roleTerm>
    </role>
  </name>
  <name type="personal">
    <namePart>Tümpffel, Johann Christian</namePart>
    <role>
      <roleTerm type="text">BeiträgerIn</roleTerm>
    </role>
    <role>
      <roleTerm authority="marcrelator" type="code">ctb</roleTerm>
    </role>
  </name>
  <name type="personal">
    <namePart>Heyndorff, Johann Friedrich</namePart>
    <role>
      <roleTerm type="text">BeiträgerIn</roleTerm>
    </role>
    <role>
      <roleTerm authority="marcrelator" type="code">ctb</roleTerm>
    </role>
  </name>
  <name type="personal">
    <namePart>Schumann, Johann Wolff</namePart>
    <role>
      <roleTerm type="text">BeiträgerIn</roleTerm>
    </role>
    <role>
      <roleTerm authority="marcrelator" type="code">ctb</roleTerm>
    </role>
  </name>
  <name type="personal">
    <namePart>Keull, Johann Volcm.</namePart>
    <role>
      <roleTerm type="text">BeiträgerIn</roleTerm>
    </role>
    <role>
      <roleTerm authority="marcrelator" type="code">ctb</roleTerm>
    </role>
  </name>
  <name type="personal">
    <namePart>Stida, Maurit-Christophorus</namePart>
    <role>
      <roleTerm type="text">BeiträgerIn</roleTerm>
    </role>
    <role>
      <roleTerm authority="marcrelator" type="code">ctb</roleTerm>
    </role>
  </name>
  <name type="personal">
    <namePart>Kiesewetter, Oswaldus</namePart>
    <role>
      <roleTerm type="text">BeiträgerIn</roleTerm>
    </role>
    <role>
      <roleTerm authority="marcrelator" type="code">ctb</roleTerm>
    </role>
  </name>
  <name type="personal">
    <namePart>Hedenus, Johannes Quirinus</namePart>
    <role>
      <roleTerm type="text">BeiträgerIn</roleTerm>
    </role>
    <role>
      <roleTerm authority="marcrelator" type="code">ctb</roleTerm>
    </role>
  </name>
  <name type="personal">
    <namePart>Singe, Nikolaus</namePart>
    <role>
      <roleTerm authority="marcrelator" type="code">prt</roleTerm>
    </role>
    <nameIdentifier>(DE-588)1037527739 (DE-627)007481365 (DE-576)391538659</nameIdentifier>
  </name>
  <typeOfResource>text</typeOfResource>
  <genre authority="rdacontent">nicht spezifiziert</genre>
  <genre authority="local">Leichenpredigt</genre>
  <originInfo>
    <place>
      <placeTerm type="code" authority="marccountry">xx</placeTerm>
    </place>
    <dateIssued encoding="marc">1668</dateIssued>
    <issuance>monographic</issuance>
  </originInfo>
  <originInfo eventType="publication">
    <place>
      <placeTerm type="text">Arnstadt</placeTerm>
    </place>
    <publisher>Singe</publisher>
    <dateIssued>1668</dateIssued>
  </originInfo>
  <language>
    <languageTerm authority="iso639-2b" type="code">ger</languageTerm>
  </language>
  <physicalDescription>
    <form authority="marcform">print</form>
    <extent>[50] Bl Ill. (Holzschn.) 4°</extent>
    <form type="media" authority="rdamedia">nicht spezifiziert</form>
    <form type="carrier" authority="rdacarrier">nicht spezifiziert</form>
  </physicalDescription>
  <note type="statement of responsibility" altRepGroup="00">Welche Predigt uff sonderbares Begehren gehalten M. Laurentius Weber/ Pfarrer und Superintendens in patria doselbst</note>
  <note>Schlüsselseiten aus Exemplar LP Q 8° III, 28 (25) (UFB Erfurt/Gotha)</note>
  <note>Vorlageform des Erscheinungsvermerks: Arnstadt/ druckts Nicolaus Singe/ Im Jahr 1668.</note>
  <note type="action">Digitalisierung geplant Digitalisierung Unika durch SBB-PK Berlin pdager</note>
  <note>Enth. außerdem: Pietas Musarum ex Parnasso: Erga Virum Nobilissimum: Dn. Wolffgangum Melchiorem A Grießheim: Nostrum olim Fautorem Magnum: Nunc Aeternitatis haeredem beatum</note>
  <identifier type="vd17">39:112640E</identifier>
  <relatedItem>
    <location>
      <url displayLabel="Volltext" note="Kostenfrei">http://resolver.staatsbibliothek-berlin.de/SBB0001C59400000000</url>
    </location>
  </relatedItem>
  <recordInfo>
    <descriptionStandard>rakwb</descriptionStandard>
    <recordContentSource authority="marcorg">DE-627</recordContentSource>
    <recordCreationDate encoding="marc">020901</recordCreationDate>
    <recordChangeDate encoding="iso8601">20200310210117.0</recordChangeDate>
    <recordIdentifier source="DE-627-4">000252786</recordIdentifier>
    <recordOrigin>Converted from MARCXML to MODS version 3.6 using MARC21slim2MODS3-6.xsl
				(Revision 1.119 2018/06/21)</recordOrigin>
    <languageOfCataloging>
      <languageTerm authority="iso639-2b" type="code">ger</languageTerm>
    </languageOfCataloging>
  </recordInfo>
</mods></zs:recordData><zs:recordPosition>2</zs:recordPosition></zs:record><zs:record><zs:recordSchema>mods</zs:recordSchema><zs:recordXMLEscaping>xml</zs:recordXMLEscaping><zs:recordData><mods xmlns:xsi="http://www.w3.org/2001/XMLSchema-instance" xmlns="http://www.loc.gov/mods/v3" version="3.6" xsi:schemaLocation="http://www.loc.gov/mods/v3 http://www.loc.gov/standards/mods/v3/mods-3-6.xsd">
  <titleInfo>
    <title>Aqvilæ Nidus Das ist/ Des Adlers Sitz vnd Nest</title>
    <subTitle>In einer Predigt erkläret Da ... Fraw Margaretha Regina Vogeln/ Des ... Herrn Wolff Melchiors von Grießheim ... OberAmptmanns zu Arnstadt HaußEhre den 11. Januarij Anno 1646. zu Arnstatt in der BarfüsserKirchen begraben worden</subTitle>
  </titleInfo>
  <titleInfo type="alternative">
    <title>frau wolf griesheim oberamtmanns hausehre ianuarii</title>
  </titleInfo>
  <titleInfo type="alternative">
    <title>Aquilae Nidus Das ist/ Des Adlers Sitz und Nest</title>
  </titleInfo>
  <name type="personal" usage="primary">
    <namePart>Lappe, Nicodemus</namePart>
    <namePart type="date">1582-1663</namePart>
    <role>
      <roleTerm type="text">VerfasserIn</roleTerm>
    </role>
    <role>
      <roleTerm authority="marcrelator" type="code">aut</roleTerm>
    </role>
    <nameIdentifier>(DE-588)104134933 (DE-627)004132351 (DE-576)17924468X</nameIdentifier>
  </name>
  <name type="personal">
    <namePart>Griesheim, Margaretha Regina von</namePart>
    <namePart type="date">1602-1646</namePart>
    <role>
      <roleTerm type="text">GefeierteR</roleTerm>
    </role>
    <role>
      <roleTerm authority="marcrelator" type="code">hnr</roleTerm>
    </role>
    <nameIdentifier>(DE-588)128882085 (DE-627)005208068 (DE-576)297380893</nameIdentifier>
  </name>
  <name type="personal">
    <namePart>Griesheim, Wolf Melchior von</namePart>
    <namePart type="date">1595-1668</namePart>
    <role>
      <roleTerm type="text">Sonstige Person, Familie und Körperschaft</roleTerm>
    </role>
    <role>
      <roleTerm authority="marcrelator" type="code">oth</roleTerm>
    </role>
    <nameIdentifier>(DE-588)1017378975 (DE-627)006860435 (DE-576)353627852</nameIdentifier>
  </name>
  <name type="personal">
    <namePart>Schmidt, Peter</namePart>
    <namePart type="date">-1678</namePart>
    <role>
      <roleTerm type="text">DruckerIn</roleTerm>
    </role>
    <role>
      <roleTerm authority="marcrelator" type="code">prt</roleTerm>
    </role>
    <nameIdentifier>(DE-588)1037533852 (DE-627)007483120 (DE-576)391608886</nameIdentifier>
  </name>
  <typeOfResource>text</typeOfResource>
  <genre authority="rdacontent">Text</genre>
  <genre authority="local">Leichenpredigt</genre>
  <originInfo>
    <place>
      <placeTerm type="code" authority="marccountry">xx</placeTerm>
    </place>
    <place>
      <placeTerm type="code" authority="iso3166">XA-DXDE</placeTerm>
    </place>
    <dateIssued encoding="marc">1647</dateIssued>
    <issuance>monographic</issuance>
  </originInfo>
  <originInfo eventType="publication">
    <place>
      <placeTerm type="text">[Arnstadt]</placeTerm>
    </place>
    <publisher>Gedruckt daselbst bey Peter Schmiden</publisher>
    <dateIssued>Anno MDCXLVII.</dateIssued>
  </originInfo>
  <language>
    <languageTerm authority="iso639-2b" type="code">ger</languageTerm>
  </language>
  <physicalDescription>
    <form authority="marcform">print</form>
    <extent>48 Seiten 4°</extent>
    <form type="media" authority="rdamedia">ohne Hilfsmittel zu benutzen</form>
    <form type="carrier" authority="rdacarrier">Band</form>
  </physicalDescription>
  <note type="statement of responsibility" altRepGroup="00">Nunmehr auff Begehren zum Druck verfertiget von M. Nicodemo Lappio, Pfarrern vnd Superintendenten zu Arnstadt</note>
  <note>In: Lappe, Nicodemus: Aqvilæ Volatus &amp; Aqvilæ Nidus. Das ist/ Des Adlers Flug vnd Zug Vnd Des Adlers Nest vnd Sitz</note>
  <note>Schlüsselseiten liegen noch nicht vor</note>
  <note>Signaturformel: A-F4</note>
  <identifier type="vd17">547:743878Y</identifier>
  <recordInfo>
    <descriptionStandard>rda</descriptionStandard>
    <recordContentSource authority="marcorg">DE-627</recordContentSource>
    <recordCreationDate encoding="marc">180807</recordCreationDate>
    <recordChangeDate encoding="iso8601">20191002145812.0</recordChangeDate>
    <recordIdentifier source="DE-627-4">008575118</recordIdentifier>
    <recordOrigin>Converted from MARCXML to MODS version 3.6 using MARC21slim2MODS3-6.xsl
				(Revision 1.119 2018/06/21)</recordOrigin>
    <languageOfCataloging>
      <languageTerm authority="iso639-2b" type="code">ger</languageTerm>
    </languageOfCataloging>
  </recordInfo>
</mods></zs:recordData><zs:recordPosition>3</zs:recordPosition></zs:record><zs:record><zs:recordSchema>mods</zs:recordSchema><zs:recordXMLEscaping>xml</zs:recordXMLEscaping><zs:recordData><mods xmlns:xsi="http://www.w3.org/2001/XMLSchema-instance" xmlns="http://www.loc.gov/mods/v3" version="3.6" xsi:schemaLocation="http://www.loc.gov/mods/v3 http://www.loc.gov/standards/mods/v3/mods-3-6.xsd">
  <titleInfo>
    <title>Aqvilæ Volatus &amp; Aqvilæ Nidus. Das ist/ Des Adlers Flug vnd Zug Vnd Des Adlers Nest vnd Sitz</title>
    <subTitle>In zweyen Predigten in der Oberkirchen zun Barfüssern in Arnstadt erkläret/ Als das Erste/ Da ... Fraw Dorothea Vogeln/ Des ... Jost von Reckerods/ auff Brandeburg/ Lauchroden/ Neüenhoff vnd LangenElxlöben/ HaußEhre den 2. Aprilis Anno 1638. Vnd das Andere/ Als ... Fraw Margaretha Regina Vogeln/ Des ... H. Wolff Melchiors von Grießheim ... OberAmptmanns zu Arnstadt HaußEhre/ den 11. Jan. 1646. als zwo leibliche Schwestern beyde zu Arnstadt begraben worden</subTitle>
  </titleInfo>
  <titleInfo type="alternative">
    <title>zweien frau lauchröden neuenhof langen-elxleben oberamtmanns hausehre wolf griesheim beide</title>
  </titleInfo>
  <titleInfo type="alternative">
    <title>Aquilae Volatus &amp; Aquilae Nidus. Das ist/ Des Adlers Flug und Zug Und Des Adlers Nest und Sitz</title>
  </titleInfo>
  <name type="personal" usage="primary">
    <namePart>Lappe, Nicodemus</namePart>
    <namePart type="date">1582-1663</namePart>
    <role>
      <roleTerm type="text">VerfasserIn</roleTerm>
    </role>
    <role>
      <roleTerm authority="marcrelator" type="code">aut</roleTerm>
    </role>
    <nameIdentifier>(DE-588)104134933 (DE-627)004132351 (DE-576)17924468X</nameIdentifier>
  </name>
  <name type="personal">
    <namePart>Reckerod, Dorothea von</namePart>
    <namePart type="date">1603-1638</namePart>
    <role>
      <roleTerm type="text">GefeierteR</roleTerm>
    </role>
    <role>
      <roleTerm authority="marcrelator" type="code">hnr</roleTerm>
    </role>
    <nameIdentifier>(DE-588)1129192091 (DE-627)008361673 (DE-576)486255271</nameIdentifier>
  </name>
  <name type="personal">
    <namePart>Griesheim, Margaretha Regina von</namePart>
    <namePart type="date">1602-1646</namePart>
    <role>
      <roleTerm type="text">GefeierteR</roleTerm>
    </role>
    <role>
      <roleTerm authority="marcrelator" type="code">hnr</roleTerm>
    </role>
    <nameIdentifier>(DE-588)128882085 (DE-627)005208068 (DE-576)297380893</nameIdentifier>
  </name>
  <name type="personal">
    <namePart>Griesheim, Wolf Melchior von</namePart>
    <namePart type="date">1595-1668</namePart>
    <role>
      <roleTerm type="text">Sonstige Person, Familie und Körperschaft</roleTerm>
    </role>
    <role>
      <roleTerm authority="marcrelator" type="code">oth</roleTerm>
    </role>
    <nameIdentifier>(DE-588)1017378975 (DE-627)006860435 (DE-576)353627852</nameIdentifier>
  </name>
  <name type="personal">
    <namePart>Schmidt, Peter</namePart>
    <namePart type="date">-1678</namePart>
    <role>
      <roleTerm type="text">DruckerIn</roleTerm>
    </role>
    <role>
      <roleTerm authority="marcrelator" type="code">prt</roleTerm>
    </role>
    <nameIdentifier>(DE-588)1037533852 (DE-627)007483120 (DE-576)391608886</nameIdentifier>
  </name>
  <typeOfResource>text</typeOfResource>
  <genre authority="rdacontent">Text</genre>
  <genre authority="local">Leichenpredigt</genre>
  <originInfo>
    <place>
      <placeTerm type="code" authority="marccountry">xx</placeTerm>
    </place>
    <place>
      <placeTerm type="code" authority="iso3166">XA-DXDE</placeTerm>
    </place>
    <dateIssued encoding="marc">1647</dateIssued>
    <issuance>monographic</issuance>
  </originInfo>
  <originInfo eventType="publication">
    <place>
      <placeTerm type="text">[Arnstadt]</placeTerm>
    </place>
    <publisher>Gedruckt daselbsten bey Peter Schmiden</publisher>
    <dateIssued>Anno MDCXLVII.</dateIssued>
  </originInfo>
  <language>
    <languageTerm authority="iso639-2b" type="code">ger</languageTerm>
  </language>
  <physicalDescription>
    <form authority="marcform">print</form>
    <extent>40, 48 Seiten 4°</extent>
    <form type="media" authority="rdamedia">ohne Hilfsmittel zu benutzen</form>
    <form type="carrier" authority="rdacarrier">Band</form>
  </physicalDescription>
  <note type="statement of responsibility" altRepGroup="00">Nunmehr auff Begehren zum Druck verfertiget von M. Nicodemo Lappio Pfarrern vnd Superintendenten zu Arnstadt</note>
  <note>Enth. auch: Lappe, Nicodemus: Aqvilæ Nidus Das ist/ Des Adlers Sitz vnd Nest</note>
  <note>Schlüsselseiten liegen noch nicht vor</note>
  <note>Signaturformel: A-E4, A-F4</note>
  <identifier type="vd17">547:743877R</identifier>
  <recordInfo>
    <descriptionStandard>rda</descriptionStandard>
    <recordContentSource authority="marcorg">DE-627</recordContentSource>
    <recordCreationDate encoding="marc">180807</recordCreationDate>
    <recordChangeDate encoding="iso8601">20191002145813.0</recordChangeDate>
    <recordIdentifier source="DE-627-4">00857510X</recordIdentifier>
    <recordOrigin>Converted from MARCXML to MODS version 3.6 using MARC21slim2MODS3-6.xsl
				(Revision 1.119 2018/06/21)</recordOrigin>
    <languageOfCataloging>
      <languageTerm authority="iso639-2b" type="code">ger</languageTerm>
    </languageOfCataloging>
  </recordInfo>
</mods></zs:recordData><zs:recordPosition>4</zs:recordPosition></zs:record><zs:record><zs:recordSchema>mods</zs:recordSchema><zs:recordXMLEscaping>xml</zs:recordXMLEscaping><zs:recordData><mods xmlns:xsi="http://www.w3.org/2001/XMLSchema-instance" xmlns="http://www.loc.gov/mods/v3" version="3.6" xsi:schemaLocation="http://www.loc.gov/mods/v3 http://www.loc.gov/standards/mods/v3/mods-3-6.xsd">
  <titleInfo>
    <title>Fünff Liebliche TrostBilder</title>
    <subTitle>Bey dem Leichbegängniß Der ... Frawen Margarethen Reginen/ vermählter von Grießheimb/ geborner Vogelin/ Des ... Herrn Wolff Melchiors von Grießheimb/ auff Dörnfeldt und Herda/ Gräffl. Schwartzb. und Honsteinischen wohlverordneten Raths unnd OberAmptmanns zu Arnstadt ... HaußEhre/ welche den 3. Tag Ianuarii des jetzteingetretenen 1646. lieben Newen Jahrs ... entschlaffen/ und hernach ... war der 11. Tag Ianuarii ... beygesetzet worden/ aus dem 7. 8. und 9. vers. des 116. Psalms zu Grießheimb auffgerichtet</subTitle>
  </titleInfo>
  <titleInfo type="alternative">
    <title>fünf Leichenbegängnis Rats Oberamtmanns</title>
  </titleInfo>
  <name type="personal" usage="primary">
    <namePart>Werner, Michael</namePart>
    <namePart type="date">1611-1674</namePart>
    <role>
      <roleTerm authority="marcrelator" type="code">aut</roleTerm>
    </role>
    <nameIdentifier>(DE-588)128882069 (DE-627)00520805X</nameIdentifier>
  </name>
  <name type="personal">
    <namePart>Griesheim, Margaretha Regina von</namePart>
    <namePart type="date">1602-1646</namePart>
    <role>
      <roleTerm authority="marcrelator" type="code">oth</roleTerm>
    </role>
    <nameIdentifier>(DE-588)128882085 (DE-627)005208068 (DE-576)297380893</nameIdentifier>
  </name>
  <name type="personal">
    <namePart>Griesheim, Wolf Melchior von</namePart>
    <namePart type="date">1595-1668</namePart>
    <role>
      <roleTerm authority="marcrelator" type="code">oth</roleTerm>
    </role>
    <nameIdentifier>(DE-588)1017378975 (DE-627)006860435 (DE-576)353627852</nameIdentifier>
  </name>
  <name type="personal">
    <namePart>Schmidt, Peter</namePart>
    <namePart type="date">-1678</namePart>
    <role>
      <roleTerm authority="marcrelator" type="code">prt</roleTerm>
    </role>
    <nameIdentifier>(DE-588)1037533852 (DE-627)007483120 (DE-576)391608886</nameIdentifier>
  </name>
  <typeOfResource>text</typeOfResource>
  <genre authority="rdacontent">nicht spezifiziert</genre>
  <genre authority="local">Leichenpredigt</genre>
  <originInfo>
    <place>
      <placeTerm type="code" authority="marccountry">xx</placeTerm>
    </place>
    <dateIssued encoding="marc">1647</dateIssued>
    <issuance>monographic</issuance>
  </originInfo>
  <originInfo eventType="publication">
    <place>
      <placeTerm type="text">Arnstadt</placeTerm>
    </place>
    <publisher>Schmid</publisher>
    <dateIssued>1647</dateIssued>
  </originInfo>
  <language>
    <languageTerm authority="iso639-2b" type="code">ger</languageTerm>
  </language>
  <physicalDescription>
    <form authority="marcform">print</form>
    <extent>[16] Bl. 4°</extent>
    <form type="media" authority="rdamedia">nicht spezifiziert</form>
    <form type="carrier" authority="rdacarrier">nicht spezifiziert</form>
  </physicalDescription>
  <note type="statement of responsibility" altRepGroup="00">von Michaele Wernero Bucho. Thannensi, Ecclesiae Griesheimensis &amp; vicinarum Pastore</note>
  <note type="action">Digitalisierung geplant Digitalisierung Unika durch FB Gotha pdager</note>
  <identifier type="vd17">39:109172Q</identifier>
  <recordInfo>
    <descriptionStandard>rakwb</descriptionStandard>
    <recordContentSource authority="marcorg">DE-627</recordContentSource>
    <recordCreationDate encoding="marc">020901</recordCreationDate>
    <recordChangeDate encoding="iso8601">20200224135741.0</recordChangeDate>
    <recordIdentifier source="DE-627-4">00023866X</recordIdentifier>
    <recordOrigin>Converted from MARCXML to MODS version 3.6 using MARC21slim2MODS3-6.xsl
				(Revision 1.119 2018/06/21)</recordOrigin>
    <languageOfCataloging>
      <languageTerm authority="iso639-2b" type="code">ger</languageTerm>
    </languageOfCataloging>
  </recordInfo>
</mods></zs:recordData><zs:recordPosition>5</zs:recordPosition></zs:record></zs:records><zs:echoedSearchRetrieveRequest><zs:version>2.0</zs:version><zs:query>pica.nid=1017378975</zs:query><zs:startRecord>1</zs:startRecord><zs:maximumRecords>500</zs:maximumRecords><zs:recordXMLEscaping>xml</zs:recordXMLEscaping><zs:recordSchema>mods</zs:recordSchema></zs:echoedSearchRetrieveRequest><zs:resultCountPrecision>exact</zs:resultCountPrecision></zs:searchRetrieveResponse>
