<?xml version="1.0" encoding="UTF-8"?>
<zs:searchRetrieveResponse xmlns:zs="http://docs.oasis-open.org/ns/search-ws/sruResponse"><zs:numberOfRecords>3</zs:numberOfRecords><zs:records><zs:record><zs:recordSchema>mods</zs:recordSchema><zs:recordXMLEscaping>xml</zs:recordXMLEscaping><zs:recordData><mods xmlns:xsi="http://www.w3.org/2001/XMLSchema-instance" xmlns="http://www.loc.gov/mods/v3" version="3.6" xsi:schemaLocation="http://www.loc.gov/mods/v3 http://www.loc.gov/standards/mods/v3/mods-3-6.xsd">
  <name type="personal" usage="primary">
    <namePart>Hohenfeld, Johannes von</namePart>
  </name>
  <typeOfResource/>
  <originInfo>
    <place>
      <placeTerm type="code" authority="marccountry">bbn</placeTerm>
    </place>
    <issuance/>
  </originInfo>
  <subject>
    <geographicCode authority="iso3166">XA-DE</geographicCode>
  </subject>
  <identifier type="uri">http://d-nb.info/gnd/128866799</identifier>
  <recordInfo>
    <recordCreationDate encoding="marc">040319</recordCreationDate>
    <recordChangeDate encoding="iso8601">202003151304.5</recordChangeDate>
    <recordIdentifier source="DE-627">005181798</recordIdentifier>
    <recordOrigin>Converted from MARCXML to MODS version 3.6 using MARC21slim2MODS3-6.xsl
				(Revision 1.119 2018/06/21)</recordOrigin>
  </recordInfo>
</mods></zs:recordData><zs:recordPosition>1</zs:recordPosition></zs:record><zs:record><zs:recordSchema>mods</zs:recordSchema><zs:recordXMLEscaping>xml</zs:recordXMLEscaping><zs:recordData><mods xmlns:xsi="http://www.w3.org/2001/XMLSchema-instance" xmlns="http://www.loc.gov/mods/v3" version="3.6" xsi:schemaLocation="http://www.loc.gov/mods/v3 http://www.loc.gov/standards/mods/v3/mods-3-6.xsd">
  <titleInfo>
    <title>L. Sonderbare Geschichten mit Lehrreicher betrachtung</title>
  </titleInfo>
  <titleInfo type="alternative">
    <title>50 Fünfzig Mitglied Fruchbringenden Gesellschaft</title>
  </titleInfo>
  <name type="personal" usage="primary">
    <namePart>Hohenfeld, Johannes von</namePart>
    <role>
      <roleTerm type="text">Pseud.</roleTerm>
    </role>
    <role>
      <roleTerm authority="marcrelator" type="code">aut</roleTerm>
    </role>
    <nameIdentifier>(DE-588)128866799 (DE-627)005181798 (DE-576)297371134</nameIdentifier>
  </name>
  <name type="personal">
    <namePart>Kühn, Balthasar</namePart>
    <namePart type="date">1615-1667</namePart>
    <role>
      <roleTerm authority="marcrelator" type="code">prt</roleTerm>
    </role>
    <nameIdentifier>(DE-588)121489116 (DE-627)004471857 (DE-576)169375803</nameIdentifier>
  </name>
  <name type="corporate">
    <namePart>Fruchtbringende Gesellschaft</namePart>
    <role>
      <roleTerm authority="marcrelator" type="code">oth</roleTerm>
    </role>
  </name>
  <typeOfResource>text</typeOfResource>
  <genre authority="rdacontent">nicht spezifiziert</genre>
  <genre authority="local">Gesellschaftsschrift</genre>
  <genre authority="local">Anthologie</genre>
  <originInfo>
    <place>
      <placeTerm type="code" authority="marccountry">xx</placeTerm>
    </place>
    <dateIssued encoding="marc">1660</dateIssued>
    <issuance>monographic</issuance>
  </originInfo>
  <originInfo eventType="publication">
    <place>
      <placeTerm type="text">Ulm</placeTerm>
    </place>
    <publisher>Kühn</publisher>
    <dateIssued>[ca. 1660]</dateIssued>
  </originInfo>
  <language>
    <languageTerm authority="iso639-2b" type="code">ger</languageTerm>
  </language>
  <physicalDescription>
    <form authority="marcform">print</form>
    <extent>305 S., [3] Bl Kupfert 12°</extent>
    <form type="media" authority="rdamedia">nicht spezifiziert</form>
    <form type="carrier" authority="rdacarrier">nicht spezifiziert</form>
  </physicalDescription>
  <note type="statement of responsibility" altRepGroup="00">für gestellet, von dem Grüenenden mitglid der Früchtbringenden Gesellschafft</note>
  <note>Schlüsselseiten aus dem Exemplar der HAB Wolfenbüttel: 595.11 Hist. (3)</note>
  <note>Der Grünende ist ein Pseudonym für Johannes von Hohenfeld</note>
  <identifier type="vd17">23:255663U</identifier>
  <relatedItem>
    <location>
      <url displayLabel="Volltext" note="Kostenfrei">http://www.mdz-nbn-resolving.de/urn/resolver.pl?urn=urn:nbn:de:bvb:12-bsb10919588-2</url>
    </location>
  </relatedItem>
  <recordInfo>
    <descriptionStandard>rakwb</descriptionStandard>
    <recordContentSource authority="marcorg">DE-627</recordContentSource>
    <recordCreationDate encoding="marc">020901</recordCreationDate>
    <recordChangeDate encoding="iso8601">20200310205629.0</recordChangeDate>
    <recordIdentifier source="DE-627-4">000022136</recordIdentifier>
    <recordOrigin>Converted from MARCXML to MODS version 3.6 using MARC21slim2MODS3-6.xsl
				(Revision 1.119 2018/06/21)</recordOrigin>
    <languageOfCataloging>
      <languageTerm authority="iso639-2b" type="code">ger</languageTerm>
    </languageOfCataloging>
  </recordInfo>
</mods></zs:recordData><zs:recordPosition>2</zs:recordPosition></zs:record><zs:record><zs:recordSchema>mods</zs:recordSchema><zs:recordXMLEscaping>xml</zs:recordXMLEscaping><zs:recordData><mods xmlns:xsi="http://www.w3.org/2001/XMLSchema-instance" xmlns="http://www.loc.gov/mods/v3" version="3.6" xsi:schemaLocation="http://www.loc.gov/mods/v3 http://www.loc.gov/standards/mods/v3/mods-3-6.xsd">
  <titleInfo>
    <title>Funfftzig Andachten/ über Die verborgene Wolthaten Gottes</title>
  </titleInfo>
  <titleInfo type="alternative">
    <title>fünfzig verborgenen Wohltaten</title>
  </titleInfo>
  <name type="personal" usage="primary">
    <namePart>Hohenfeld, Johannes von</namePart>
    <role>
      <roleTerm authority="marcrelator" type="code">aut</roleTerm>
    </role>
    <nameIdentifier>(DE-588)128866799 (DE-627)005181798 (DE-576)297371134</nameIdentifier>
  </name>
  <name type="personal">
    <namePart>Schütz, Johann</namePart>
    <role>
      <roleTerm authority="marcrelator" type="code">prt</roleTerm>
    </role>
    <nameIdentifier>(DE-588)1028305834 (DE-627)007247117 (DE-576)375799087</nameIdentifier>
  </name>
  <name type="personal">
    <namePart>Schadewitz, Salomon</namePart>
    <namePart type="date">1605-1682</namePart>
    <role>
      <roleTerm authority="marcrelator" type="code">prt</roleTerm>
    </role>
    <nameIdentifier>(DE-588)124246125 (DE-627)004732022 (DE-576)215569806</nameIdentifier>
  </name>
  <typeOfResource>text</typeOfResource>
  <genre authority="rdacontent">nicht spezifiziert</genre>
  <genre authority="local">Predigtsammlung</genre>
  <originInfo>
    <place>
      <placeTerm type="code" authority="marccountry">xx</placeTerm>
    </place>
    <dateIssued encoding="marc">1659</dateIssued>
    <issuance>monographic</issuance>
  </originInfo>
  <originInfo eventType="publication">
    <place>
      <placeTerm type="text">Cassel</placeTerm>
    </place>
    <publisher>Schütz</publisher>
    <dateIssued>1659</dateIssued>
  </originInfo>
  <originInfo eventType="publication">
    <place>
      <placeTerm type="text">Cassel</placeTerm>
    </place>
    <publisher>Schadewitz</publisher>
    <dateIssued>1659</dateIssued>
  </originInfo>
  <language>
    <languageTerm authority="iso639-2b" type="code">ger</languageTerm>
  </language>
  <physicalDescription>
    <form authority="marcform">print</form>
    <extent>[13] Bl., 208 S., [1] Bl 12°</extent>
    <form type="media" authority="rdamedia">nicht spezifiziert</form>
    <form type="carrier" authority="rdacarrier">nicht spezifiziert</form>
  </physicalDescription>
  <note type="statement of responsibility" altRepGroup="00">Zusammen getragen von dem Grünenden [i.e. Johann Frh. von Hohenfeld] Mit-Glied der hochlöblichen Frucht-bringenden Gesellschafft</note>
  <note>Verf. ermittelt in: BSB-AK</note>
  <note>Schlüsselseiten aus dem Exemplar der BSB München: Asc. 5537 w</note>
  <identifier type="vd17">12:105826H</identifier>
  <recordInfo>
    <descriptionStandard>rakwb</descriptionStandard>
    <recordContentSource authority="marcorg">DE-627</recordContentSource>
    <recordCreationDate encoding="marc">020901</recordCreationDate>
    <recordChangeDate encoding="iso8601">20200224143140.0</recordChangeDate>
    <recordIdentifier source="DE-627-4">000813591</recordIdentifier>
    <recordOrigin>Converted from MARCXML to MODS version 3.6 using MARC21slim2MODS3-6.xsl
				(Revision 1.119 2018/06/21)</recordOrigin>
    <languageOfCataloging>
      <languageTerm authority="iso639-2b" type="code">ger</languageTerm>
    </languageOfCataloging>
  </recordInfo>
</mods></zs:recordData><zs:recordPosition>3</zs:recordPosition></zs:record></zs:records><zs:echoedSearchRetrieveRequest><zs:version>2.0</zs:version><zs:query>pica.nid=128866799</zs:query><zs:startRecord>1</zs:startRecord><zs:maximumRecords>500</zs:maximumRecords><zs:recordXMLEscaping>xml</zs:recordXMLEscaping><zs:recordSchema>mods</zs:recordSchema></zs:echoedSearchRetrieveRequest><zs:resultCountPrecision>exact</zs:resultCountPrecision></zs:searchRetrieveResponse>
