<?xml version="1.0" encoding="UTF-8"?>
<zs:searchRetrieveResponse xmlns:zs="http://docs.oasis-open.org/ns/search-ws/sruResponse"><zs:numberOfRecords>2</zs:numberOfRecords><zs:records><zs:record><zs:recordSchema>mods</zs:recordSchema><zs:recordXMLEscaping>xml</zs:recordXMLEscaping><zs:recordData><mods xmlns:xsi="http://www.w3.org/2001/XMLSchema-instance" xmlns="http://www.loc.gov/mods/v3" version="3.6" xsi:schemaLocation="http://www.loc.gov/mods/v3 http://www.loc.gov/standards/mods/v3/mods-3-6.xsd">
  <name type="personal" usage="primary">
    <namePart>Friesen, Carl von</namePart>
    <namePart type="date">1622-1685</namePart>
  </name>
  <typeOfResource/>
  <originInfo>
    <place>
      <placeTerm type="code" authority="marccountry">bbn</placeTerm>
    </place>
    <issuance/>
  </originInfo>
  <note xmlns:xlink="http://www.w3.org/1999/xlink" xlink:href="(DE-588)107746102X">Friesen, Eva Elisabeth von</note>
  <note xmlns:xlink="http://www.w3.org/1999/xlink" xlink:href="(DE-588)123328055">Friesen, Moritz Dietrich von</note>
  <note xmlns:xlink="http://www.w3.org/1999/xlink" xlink:href="(DE-588)4139103-2">(DE-627)006934366 (DE-588)4139103-2 Rat beru r Beruf</note>
  <subject>
    <geographicCode authority="iso3166">XA-DE</geographicCode>
  </subject>
  <identifier type="uri">http://d-nb.info/gnd/124861148</identifier>
  <recordInfo>
    <recordCreationDate encoding="marc">030725</recordCreationDate>
    <recordChangeDate encoding="iso8601">202003151300.5</recordChangeDate>
    <recordIdentifier source="DE-627">004918576</recordIdentifier>
    <recordOrigin>Converted from MARCXML to MODS version 3.6 using MARC21slim2MODS3-6.xsl
				(Revision 1.119 2018/06/21)</recordOrigin>
  </recordInfo>
</mods></zs:recordData><zs:recordPosition>1</zs:recordPosition></zs:record><zs:record><zs:recordSchema>mods</zs:recordSchema><zs:recordXMLEscaping>xml</zs:recordXMLEscaping><zs:recordData><mods xmlns:xsi="http://www.w3.org/2001/XMLSchema-instance" xmlns="http://www.loc.gov/mods/v3" version="3.6" xsi:schemaLocation="http://www.loc.gov/mods/v3 http://www.loc.gov/standards/mods/v3/mods-3-6.xsd">
  <titleInfo>
    <nonSort xml:space="preserve">Der  </nonSort>
    <title>wahren Kinder Gottes Wunderbare Führung/ unter so vielen Trübsaln dieses Lebens durch ein seliges Ende zur him[m]lischen Freude und Seligkeit</title>
    <subTitle>Aus den Worten des Propheten Esaiae XXXVIII. v. 17. Sihe umb Trost war mir sehr bange [et]c. Bey dem ... Leich-Begängnis Des ... Herrn Carol von Friesen/ HochFürstlichen Sächs. Raths und des hohen Stiffts Naumburg Senioris und Custodis, Welcher den 10. Novembr. Anno 1685. in dem LXIV Jahr seines Alters ... entschlafen</subTitle>
  </titleInfo>
  <name type="personal" usage="primary">
    <namePart>Lossius, Petrus</namePart>
    <namePart type="date">1588-1639</namePart>
    <role>
      <roleTerm authority="marcrelator" type="code">aut</roleTerm>
    </role>
    <nameIdentifier>(DE-588)129125504 (DE-627)005277183 (DE-576)297506552</nameIdentifier>
  </name>
  <name type="personal">
    <namePart>Friesen, Carl von</namePart>
    <namePart type="date">1622-1685</namePart>
    <role>
      <roleTerm authority="marcrelator" type="code">oth</roleTerm>
    </role>
    <nameIdentifier>(DE-588)124861148 (DE-627)004918576 (DE-576)294539840</nameIdentifier>
  </name>
  <name type="personal">
    <namePart>Barthausen, Berthold</namePart>
    <role>
      <roleTerm type="text">BeiträgerIn</roleTerm>
    </role>
    <role>
      <roleTerm authority="marcrelator" type="code">ctb</roleTerm>
    </role>
  </name>
  <name type="personal">
    <namePart>Hetstedt, Friedemann</namePart>
    <namePart type="date">1637-1688</namePart>
    <role>
      <roleTerm authority="marcrelator" type="code">prt</roleTerm>
    </role>
    <nameIdentifier>(DE-588)12060888X (DE-627)004390628 (DE-576)292300042</nameIdentifier>
  </name>
  <typeOfResource>text</typeOfResource>
  <genre authority="rdacontent">nicht spezifiziert</genre>
  <genre authority="local">Leichenpredigt</genre>
  <originInfo>
    <place>
      <placeTerm type="code" authority="marccountry">xx</placeTerm>
    </place>
    <dateIssued encoding="marc">1685</dateIssued>
    <issuance>monographic</issuance>
  </originInfo>
  <originInfo eventType="publication">
    <place>
      <placeTerm type="text">Zeitz</placeTerm>
    </place>
    <publisher>Hetstädt</publisher>
    <dateIssued>1685</dateIssued>
  </originInfo>
  <language>
    <languageTerm authority="iso639-2b" type="code">ger</languageTerm>
  </language>
  <physicalDescription>
    <form authority="marcform">print</form>
    <extent>44 S 2°</extent>
    <form type="media" authority="rdamedia">nicht spezifiziert</form>
    <form type="carrier" authority="rdacarrier">nicht spezifiziert</form>
  </physicalDescription>
  <note type="statement of responsibility" altRepGroup="00">Dargestellet In einer Christlichen Leich-Predigt am 22. Novembr. dieses Jahres in der Dom-Kirchen zur Naumburg von M. Petro Lossio, Dom-Prediger ...</note>
  <note>Schlüsselseiten aus Exemplar Ee 700-986 : 4° (SBB-PK)</note>
  <note>Erscheinungsjahr nach Datierung der Beisetzung</note>
  <identifier type="vd17">1:023833N</identifier>
  <relatedItem>
    <location>
      <url displayLabel="Volltext" note="Kostenfrei">http://resolver.staatsbibliothek-berlin.de/SBB00005F1F00000000</url>
    </location>
  </relatedItem>
  <recordInfo>
    <descriptionStandard>rakwb</descriptionStandard>
    <recordContentSource authority="marcorg">DE-627</recordContentSource>
    <recordCreationDate encoding="marc">020901</recordCreationDate>
    <recordChangeDate encoding="iso8601">20200310215448.0</recordChangeDate>
    <recordIdentifier source="DE-627-4">001636839</recordIdentifier>
    <recordOrigin>Converted from MARCXML to MODS version 3.6 using MARC21slim2MODS3-6.xsl
				(Revision 1.119 2018/06/21)</recordOrigin>
    <languageOfCataloging>
      <languageTerm authority="iso639-2b" type="code">ger</languageTerm>
    </languageOfCataloging>
  </recordInfo>
</mods></zs:recordData><zs:recordPosition>2</zs:recordPosition></zs:record></zs:records><zs:echoedSearchRetrieveRequest><zs:version>2.0</zs:version><zs:query>pica.nid=124861148</zs:query><zs:startRecord>1</zs:startRecord><zs:maximumRecords>500</zs:maximumRecords><zs:recordXMLEscaping>xml</zs:recordXMLEscaping><zs:recordSchema>mods</zs:recordSchema></zs:echoedSearchRetrieveRequest><zs:resultCountPrecision>exact</zs:resultCountPrecision></zs:searchRetrieveResponse>
