<?xml version="1.0" encoding="UTF-8"?>
<zs:searchRetrieveResponse xmlns:zs="http://docs.oasis-open.org/ns/search-ws/sruResponse"><zs:numberOfRecords>9</zs:numberOfRecords><zs:records><zs:record><zs:recordSchema>mods</zs:recordSchema><zs:recordXMLEscaping>xml</zs:recordXMLEscaping><zs:recordData><mods xmlns:xsi="http://www.w3.org/2001/XMLSchema-instance" xmlns="http://www.loc.gov/mods/v3" version="3.6" xsi:schemaLocation="http://www.loc.gov/mods/v3 http://www.loc.gov/standards/mods/v3/mods-3-6.xsd">
  <name type="personal" usage="primary">
    <namePart>Franz Albrecht</namePart>
    <namePart type="termsOfAddress">Sachsen-Lauenburg, Herzog</namePart>
    <namePart type="date">1598-1642</namePart>
  </name>
  <name type="personal">
    <namePart>Frantz Albrecht</namePart>
    <namePart type="termsOfAddress">Sachsen-Lauenburg, Hertzog</namePart>
    <namePart type="date">1598-1642</namePart>
  </name>
  <name type="personal">
    <namePart>Frantz Albrecht</namePart>
    <namePart type="termsOfAddress">Sachsen-Engern-Westphalen, Hertzog</namePart>
    <namePart type="date">1598-1642</namePart>
  </name>
  <name type="personal">
    <namePart>Frantz Albrecht</namePart>
    <namePart type="termsOfAddress">Sachsen, Hertzog</namePart>
    <namePart type="date">1598-1642</namePart>
  </name>
  <typeOfResource/>
  <originInfo>
    <place>
      <placeTerm type="code" authority="marccountry">bbn</placeTerm>
    </place>
    <issuance/>
  </originInfo>
  <note xmlns:xlink="http://www.w3.org/1999/xlink" xlink:href="(DE-588)122811429">Christine Margarethe</note>
  <note xmlns:xlink="http://www.w3.org/1999/xlink" xlink:href="(DE-588)4000464-8">(DE-627)006929958 (DE-588)4000464-8 Adel berc r Charakteristischer Beruf</note>
  <note xmlns:xlink="http://www.w3.org/1999/xlink" xlink:href="(DE-588)4238876-4">(DE-627)006935133 (DE-576)210416734 (DE-588)4238876-4 Feldherr beru r Beruf</note>
  <subject>
    <geographicCode authority="iso3166">XA-DE</geographicCode>
    <geographicCode authority="iso3166">XA-PL</geographicCode>
  </subject>
  <identifier type="uri">http://d-nb.info/gnd/122811364</identifier>
  <recordInfo>
    <recordCreationDate encoding="marc">020621</recordCreationDate>
    <recordChangeDate encoding="iso8601">202003151254.4</recordChangeDate>
    <recordIdentifier source="DE-627">004611519</recordIdentifier>
    <recordOrigin>Converted from MARCXML to MODS version 3.6 using MARC21slim2MODS3-6.xsl
				(Revision 1.119 2018/06/21)</recordOrigin>
  </recordInfo>
</mods></zs:recordData><zs:recordPosition>1</zs:recordPosition></zs:record><zs:record><zs:recordSchema>mods</zs:recordSchema><zs:recordXMLEscaping>xml</zs:recordXMLEscaping><zs:recordData><mods xmlns:xsi="http://www.w3.org/2001/XMLSchema-instance" xmlns="http://www.loc.gov/mods/v3" version="3.6" xsi:schemaLocation="http://www.loc.gov/mods/v3 http://www.loc.gov/standards/mods/v3/mods-3-6.xsd">
  <titleInfo>
    <title>Ode An den Durchlauchtigen/ Hochgebornen Fürsten und Herren/ Herrn Franß Albrecht Hertzogen zu Sachsen/ Engern und Westphalen</title>
    <subTitle>Der Röm. Kayserlichen Maytt. und Churfürstl: Durchl: zu Sachsen Wolverordneten General Feld-Marschallen/ und bestellten Obristen zu Roß und Fuß ; Seinen gnädigen Fürsten und Herren</subTitle>
  </titleInfo>
  <name type="personal" usage="primary">
    <namePart>Tscherning, Andreas</namePart>
    <namePart type="date">1611-1659</namePart>
    <role>
      <roleTerm authority="marcrelator" type="code">aut</roleTerm>
    </role>
    <nameIdentifier>(DE-588)118802879 (DE-627)004301234 (DE-576)167804081</nameIdentifier>
  </name>
  <name type="personal">
    <namePart>Franz Albrecht</namePart>
    <namePart type="termsOfAddress">Sachsen-Lauenburg, Herzog</namePart>
    <namePart type="date">1598-1642</namePart>
    <role>
      <roleTerm authority="marcrelator" type="code">oth</roleTerm>
    </role>
    <nameIdentifier>(DE-588)122811364 (DE-627)004611519 (DE-576)170400433</nameIdentifier>
  </name>
  <typeOfResource>text</typeOfResource>
  <genre authority="rdacontent">nicht spezifiziert</genre>
  <genre authority="local">Lyrik</genre>
  <genre authority="local">Gelegenheitsschrift:Sieg</genre>
  <originInfo>
    <place>
      <placeTerm type="code" authority="marccountry">xx</placeTerm>
    </place>
    <dateIssued encoding="marc">1642</dateIssued>
    <issuance>monographic</issuance>
  </originInfo>
  <originInfo eventType="publication">
    <place>
      <placeTerm type="text">[S.l.]</placeTerm>
    </place>
    <publisher/>
    <dateIssued>[vor 1642]</dateIssued>
  </originInfo>
  <language>
    <languageTerm authority="iso639-2b" type="code">ger</languageTerm>
  </language>
  <physicalDescription>
    <form authority="marcform">print</form>
    <extent>[4] Bl 4°</extent>
    <form type="media" authority="rdamedia">nicht spezifiziert</form>
    <form type="carrier" authority="rdacarrier">nicht spezifiziert</form>
  </physicalDescription>
  <note type="statement of responsibility" altRepGroup="00">geschrieben von Ihr Fürstl: Gn. unterthänigstem Diener Andreas Tscherning</note>
  <note>Schlüsselseiten aus dem Exemplar der SBB-PK Berlin: Yi 1461 = R</note>
  <note>Geschätztes Erscheinungsjahr nach Dünnhaupt</note>
  <note type="action">Digitalisierung geplant Digitalisierung Unika durch SBB-PK Berlin pdager</note>
  <note>Ode an Franz Albrecht, Herzog zu Sachsen, Engern und Westfalen, anläßlich seines kürzlich errungenen Sieges</note>
  <relatedItem type="isReferencedBy">
    <titleInfo>
      <title>Dünnhaupt (2. Aufl.), S. 4133, 141</title>
    </titleInfo>
    <part>
      <detail type="part">
        <number/>
      </detail>
    </part>
  </relatedItem>
  <identifier type="vd17">1:636538P</identifier>
  <relatedItem>
    <location>
      <url displayLabel="Volltext" note="Kostenfrei">http://resolver.staatsbibliothek-berlin.de/SBB0001C6F500000000</url>
    </location>
  </relatedItem>
  <recordInfo>
    <descriptionStandard>rakwb</descriptionStandard>
    <recordContentSource authority="marcorg">DE-627</recordContentSource>
    <recordCreationDate encoding="marc">031031</recordCreationDate>
    <recordChangeDate encoding="iso8601">20200310220630.0</recordChangeDate>
    <recordIdentifier source="DE-627-4">00499812X</recordIdentifier>
    <recordOrigin>Converted from MARCXML to MODS version 3.6 using MARC21slim2MODS3-6.xsl
				(Revision 1.119 2018/06/21)</recordOrigin>
    <languageOfCataloging>
      <languageTerm authority="iso639-2b" type="code">ger</languageTerm>
    </languageOfCataloging>
  </recordInfo>
</mods></zs:recordData><zs:recordPosition>2</zs:recordPosition></zs:record><zs:record><zs:recordSchema>mods</zs:recordSchema><zs:recordXMLEscaping>xml</zs:recordXMLEscaping><zs:recordData><mods xmlns:xsi="http://www.w3.org/2001/XMLSchema-instance" xmlns="http://www.loc.gov/mods/v3" version="3.6" xsi:schemaLocation="http://www.loc.gov/mods/v3 http://www.loc.gov/standards/mods/v3/mods-3-6.xsd">
  <titleInfo>
    <title>Zwo HochzeitPredigten/ Auff dem Furstlichen Beylager Des ... Herrn Frantz Albrecht/ Hertzogen zu Sachsen/ Engern/ und Westphalen/ etc. Und Desen Hochgeliebten Gemahlin/ Der ... Frawen Christina Margaretha/ Hertzogin zu Sachsen/ Engern/ und Westphalen/ Gebohrner Hertzogin zu Mecklenburg</title>
  </titleInfo>
  <titleInfo type="alternative">
    <title>zwei Hochzeitspredigten fürstlichen Beilager</title>
  </titleInfo>
  <name type="personal" usage="primary">
    <namePart>Schnabel, Wilhelm</namePart>
    <namePart type="date">1602-1673</namePart>
    <role>
      <roleTerm authority="marcrelator" type="code">aut</roleTerm>
    </role>
    <nameIdentifier>(DE-588)120766191 (DE-627)004398572 (DE-576)292375263</nameIdentifier>
  </name>
  <name type="personal">
    <namePart>Franz Albrecht</namePart>
    <namePart type="termsOfAddress">Sachsen-Lauenburg, Herzog</namePart>
    <namePart type="date">1598-1642</namePart>
    <role>
      <roleTerm authority="marcrelator" type="code">oth</roleTerm>
    </role>
    <nameIdentifier>(DE-588)122811364 (DE-627)004611519 (DE-576)170400433</nameIdentifier>
  </name>
  <name type="personal">
    <namePart>Christine Margarethe</namePart>
    <namePart type="termsOfAddress">Mecklenburg-Schwerin, Herzogin</namePart>
    <namePart type="date">1615-1666</namePart>
    <role>
      <roleTerm authority="marcrelator" type="code">oth</roleTerm>
    </role>
    <nameIdentifier>(DE-588)122811429 (DE-627)004611535 (DE-576)293430543</nameIdentifier>
  </name>
  <name type="corporate">
    <namePart>Johann Jäger Erben</namePart>
    <role>
      <roleTerm authority="marcrelator" type="code">prt</roleTerm>
    </role>
    <nameIdentifier>(DE-588)6147533-6 (DE-627)007397372 (DE-576)326073590</nameIdentifier>
  </name>
  <typeOfResource>text</typeOfResource>
  <genre authority="rdacontent">nicht spezifiziert</genre>
  <genre authority="local">Gelegenheitsschrift:Hochzeit</genre>
  <genre authority="local">Predigt</genre>
  <originInfo>
    <place>
      <placeTerm type="code" authority="marccountry">xx</placeTerm>
    </place>
    <dateIssued encoding="marc">1640</dateIssued>
    <issuance>monographic</issuance>
  </originInfo>
  <originInfo eventType="publication">
    <place>
      <placeTerm type="text">Güstrow</placeTerm>
    </place>
    <publisher>Jäger</publisher>
    <dateIssued>1640</dateIssued>
  </originInfo>
  <language>
    <languageTerm authority="iso639-2b" type="code">und</languageTerm>
  </language>
  <physicalDescription>
    <form authority="marcform">print</form>
    <extent>80 S 4°</extent>
    <form type="media" authority="rdamedia">nicht spezifiziert</form>
    <form type="carrier" authority="rdacarrier">nicht spezifiziert</form>
  </physicalDescription>
  <note type="statement of responsibility" altRepGroup="00">Auff dem Fürstlichen Hause Güstrow ... die eine den 12. die ander den 13. Februarii gehalten/ und ... in Druck gegeben Durch M. Wilhelmum Snabelium, Eschwega-Hassum, Der Fürstl. Meckl. Fr. Wittiben und Vormündin bestalten Hoffprediger daselbst</note>
  <identifier type="vd17">23:313789P</identifier>
  <recordInfo>
    <descriptionStandard>rakwb</descriptionStandard>
    <recordContentSource authority="marcorg">DE-627</recordContentSource>
    <recordCreationDate encoding="marc">020901</recordCreationDate>
    <recordChangeDate encoding="iso8601">20200224135445.0</recordChangeDate>
    <recordIdentifier source="DE-627-4">000198072</recordIdentifier>
    <recordOrigin>Converted from MARCXML to MODS version 3.6 using MARC21slim2MODS3-6.xsl
				(Revision 1.119 2018/06/21)</recordOrigin>
    <languageOfCataloging>
      <languageTerm authority="iso639-2b" type="code">ger</languageTerm>
    </languageOfCataloging>
  </recordInfo>
</mods></zs:recordData><zs:recordPosition>3</zs:recordPosition></zs:record><zs:record><zs:recordSchema>mods</zs:recordSchema><zs:recordXMLEscaping>xml</zs:recordXMLEscaping><zs:recordData><mods xmlns:xsi="http://www.w3.org/2001/XMLSchema-instance" xmlns="http://www.loc.gov/mods/v3" version="3.6" xsi:schemaLocation="http://www.loc.gov/mods/v3 http://www.loc.gov/standards/mods/v3/mods-3-6.xsd">
  <titleInfo>
    <title>Deutsche Ode, Auff das/ Des ... Herrn Frantz Albrecht/ Hertzogs zu Sachsen ... [et]c. Und Der ... Christina Margaretha/ Gebornen Hertzogin zu Meckelnburg ... [et]c. ... Fürstliches Beylager</title>
    <subTitle>Alß dasselbe den 12. Februar Anno 1640. Fürstlich ward vollenzogen in Güstrow</subTitle>
  </titleInfo>
  <titleInfo type="alternative">
    <title>Herzogs Herzogin Mecklenburg Beilager</title>
  </titleInfo>
  <name type="personal" usage="primary">
    <namePart>Braun, Ludwig</namePart>
    <namePart type="date">-1676</namePart>
    <role>
      <roleTerm authority="marcrelator" type="code">aut</roleTerm>
    </role>
    <nameIdentifier>(DE-588)103150099 (DE-627)004122305 (DE-576)288867882</nameIdentifier>
  </name>
  <name type="personal">
    <namePart>Franz Albrecht</namePart>
    <namePart type="termsOfAddress">Sachsen-Lauenburg, Herzog</namePart>
    <namePart type="date">1598-1642</namePart>
    <role>
      <roleTerm authority="marcrelator" type="code">oth</roleTerm>
    </role>
    <nameIdentifier>(DE-588)122811364 (DE-627)004611519 (DE-576)170400433</nameIdentifier>
  </name>
  <name type="personal">
    <namePart>Christine Margarethe</namePart>
    <namePart type="termsOfAddress">Mecklenburg-Schwerin, Herzogin</namePart>
    <namePart type="date">1615-1666</namePart>
    <role>
      <roleTerm authority="marcrelator" type="code">oth</roleTerm>
    </role>
    <nameIdentifier>(DE-588)122811429 (DE-627)004611535 (DE-576)293430543</nameIdentifier>
  </name>
  <name type="corporate">
    <namePart>Johann Jäger Erben</namePart>
    <role>
      <roleTerm authority="marcrelator" type="code">prt</roleTerm>
    </role>
    <nameIdentifier>(DE-588)6147533-6 (DE-627)007397372 (DE-576)326073590</nameIdentifier>
  </name>
  <typeOfResource>text</typeOfResource>
  <genre authority="rdacontent">nicht spezifiziert</genre>
  <genre authority="local">Lyrik</genre>
  <genre authority="local">Gelegenheitsschrift:Hochzeit</genre>
  <originInfo>
    <place>
      <placeTerm type="code" authority="marccountry">xx</placeTerm>
    </place>
    <dateIssued encoding="marc">1640</dateIssued>
    <issuance>monographic</issuance>
  </originInfo>
  <originInfo eventType="publication">
    <place>
      <placeTerm type="text">Güstrow</placeTerm>
    </place>
    <publisher>Jäger</publisher>
    <dateIssued>1640</dateIssued>
  </originInfo>
  <language>
    <languageTerm authority="iso639-2b" type="code">ger</languageTerm>
  </language>
  <physicalDescription>
    <form authority="marcform">print</form>
    <extent>[4] Bl 4°</extent>
    <form type="media" authority="rdamedia">nicht spezifiziert</form>
    <form type="carrier" authority="rdacarrier">nicht spezifiziert</form>
  </physicalDescription>
  <note type="statement of responsibility" altRepGroup="00">Geschrieben und Unterthänig überreichet von Ludovicus Braun/ von Rostock</note>
  <note>Vorlageform des Erscheinungsvermerks: Güstrow/ durch Johan Jägers Erben/ Im Jahr Christi 1640</note>
  <identifier type="vd17">23:310813Q</identifier>
  <recordInfo>
    <descriptionStandard>rakwb</descriptionStandard>
    <recordContentSource authority="marcorg">DE-627</recordContentSource>
    <recordCreationDate encoding="marc">020901</recordCreationDate>
    <recordChangeDate encoding="iso8601">20200224135418.0</recordChangeDate>
    <recordIdentifier source="DE-627-4">000189685</recordIdentifier>
    <recordOrigin>Converted from MARCXML to MODS version 3.6 using MARC21slim2MODS3-6.xsl
				(Revision 1.119 2018/06/21)</recordOrigin>
    <languageOfCataloging>
      <languageTerm authority="iso639-2b" type="code">ger</languageTerm>
    </languageOfCataloging>
  </recordInfo>
</mods></zs:recordData><zs:recordPosition>4</zs:recordPosition></zs:record><zs:record><zs:recordSchema>mods</zs:recordSchema><zs:recordXMLEscaping>xml</zs:recordXMLEscaping><zs:recordData><mods xmlns:xsi="http://www.w3.org/2001/XMLSchema-instance" xmlns="http://www.loc.gov/mods/v3" version="3.6" xsi:schemaLocation="http://www.loc.gov/mods/v3 http://www.loc.gov/standards/mods/v3/mods-3-6.xsd">
  <titleInfo>
    <title>Ehren- und FrewdenGeticht/ Auffs Fürstliche Beylager Des ... Herrn Frantz Albrecht/ Hertzogs zu Sachsen ... [et]c. Und ... Christina Margaretha/ Herzogin zu Meckelnburg ... [et]c</title>
    <subTitle>Welches ... soll vollzogen werden/ auff dem Löblich-Fürstlichen Hause zu Güstrow/ den 12. Februarii Anno 1640</subTitle>
  </titleInfo>
  <titleInfo type="alternative">
    <title>Freuden Gedicht Freudengedicht Beilager Herzogs Fräulein Mecklenburg</title>
  </titleInfo>
  <name type="personal" usage="primary">
    <namePart>Schander, Johannes</namePart>
    <role>
      <roleTerm authority="marcrelator" type="code">aut</roleTerm>
    </role>
  </name>
  <name type="personal">
    <namePart>Franz Albrecht</namePart>
    <namePart type="termsOfAddress">Sachsen-Lauenburg, Herzog</namePart>
    <namePart type="date">1598-1642</namePart>
    <role>
      <roleTerm authority="marcrelator" type="code">oth</roleTerm>
    </role>
    <nameIdentifier>(DE-588)122811364 (DE-627)004611519 (DE-576)170400433</nameIdentifier>
  </name>
  <name type="personal">
    <namePart>Christine Margarethe</namePart>
    <namePart type="termsOfAddress">Mecklenburg-Schwerin, Herzogin</namePart>
    <namePart type="date">1615-1666</namePart>
    <role>
      <roleTerm authority="marcrelator" type="code">oth</roleTerm>
    </role>
    <nameIdentifier>(DE-588)122811429 (DE-627)004611535 (DE-576)293430543</nameIdentifier>
  </name>
  <name type="corporate">
    <namePart>Johann Jäger Erben</namePart>
    <role>
      <roleTerm authority="marcrelator" type="code">prt</roleTerm>
    </role>
    <nameIdentifier>(DE-588)6147533-6 (DE-627)007397372 (DE-576)326073590</nameIdentifier>
  </name>
  <typeOfResource>text</typeOfResource>
  <genre authority="rdacontent">nicht spezifiziert</genre>
  <genre authority="local">Lyrik</genre>
  <genre authority="local">Gelegenheitsschrift:Hochzeit</genre>
  <originInfo>
    <place>
      <placeTerm type="code" authority="marccountry">xx</placeTerm>
    </place>
    <dateIssued encoding="marc">1640</dateIssued>
    <issuance>monographic</issuance>
  </originInfo>
  <originInfo eventType="publication">
    <place>
      <placeTerm type="text">Güstrow</placeTerm>
    </place>
    <publisher>Jäger</publisher>
    <dateIssued>1640</dateIssued>
  </originInfo>
  <language>
    <languageTerm authority="iso639-2b" type="code">ger</languageTerm>
  </language>
  <physicalDescription>
    <form authority="marcform">print</form>
    <extent>[4] Bl 4°</extent>
    <form type="media" authority="rdamedia">nicht spezifiziert</form>
    <form type="carrier" authority="rdacarrier">nicht spezifiziert</form>
  </physicalDescription>
  <note type="statement of responsibility" altRepGroup="00">... gestellet von Johannes Schander/ Corbusio-Lusato, Sac. Lit. Studioso</note>
  <note>Vorlageform des Erscheinungsvermerks: Güstrow/ durch Johan Jägers Erben/ Im Jahr Christi 1640</note>
  <identifier type="vd17">23:310811Z</identifier>
  <recordInfo>
    <descriptionStandard>rakwb</descriptionStandard>
    <recordContentSource authority="marcorg">DE-627</recordContentSource>
    <recordCreationDate encoding="marc">020901</recordCreationDate>
    <recordChangeDate encoding="iso8601">20200224135418.0</recordChangeDate>
    <recordIdentifier source="DE-627-4">000189677</recordIdentifier>
    <recordOrigin>Converted from MARCXML to MODS version 3.6 using MARC21slim2MODS3-6.xsl
				(Revision 1.119 2018/06/21)</recordOrigin>
    <languageOfCataloging>
      <languageTerm authority="iso639-2b" type="code">ger</languageTerm>
    </languageOfCataloging>
  </recordInfo>
</mods></zs:recordData><zs:recordPosition>5</zs:recordPosition></zs:record><zs:record><zs:recordSchema>mods</zs:recordSchema><zs:recordXMLEscaping>xml</zs:recordXMLEscaping><zs:recordData><mods xmlns:xsi="http://www.w3.org/2001/XMLSchema-instance" xmlns="http://www.loc.gov/mods/v3" version="3.6" xsi:schemaLocation="http://www.loc.gov/mods/v3 http://www.loc.gov/standards/mods/v3/mods-3-6.xsd">
  <titleInfo>
    <nonSort xml:space="preserve">Ein  </nonSort>
    <title>Mandat, so Ihr Fürstl: Gn: Frantz Albrecht, Hertzog von Sachsen/ Engern vnd Westphalen. etc. Auß gehenlassen/ wegen deß Rauben und Stehlen</title>
  </titleInfo>
  <titleInfo type="alternative">
    <title>Fürstliche Gnaden Franz Herzog Raubens Stehlens</title>
  </titleInfo>
  <name type="personal">
    <namePart>Franz Albrecht</namePart>
    <namePart type="termsOfAddress">Sachsen-Lauenburg, Herzog</namePart>
    <namePart type="date">1598-1642</namePart>
    <role>
      <roleTerm type="text">GeistigeR SchöpferIn</roleTerm>
    </role>
    <role>
      <roleTerm authority="marcrelator" type="code">cre</roleTerm>
    </role>
    <nameIdentifier>(DE-588)122811364 (DE-627)004611519 (DE-576)170400433</nameIdentifier>
  </name>
  <typeOfResource>text</typeOfResource>
  <genre authority="rdacontent">Text</genre>
  <genre authority="local">Flugschrift</genre>
  <originInfo>
    <place>
      <placeTerm type="code" authority="marccountry">xx</placeTerm>
    </place>
    <dateIssued encoding="marc">1633</dateIssued>
    <issuance>monographic</issuance>
  </originInfo>
  <originInfo eventType="publication">
    <place>
      <placeTerm type="text">[Erscheinungsort nicht ermittelbar]</placeTerm>
    </place>
    <publisher>[Verlag nicht ermittelbar]</publisher>
    <dateIssued>14. Februarij, Anno 1633</dateIssued>
  </originInfo>
  <language>
    <languageTerm authority="iso639-2b" type="code">ger</languageTerm>
  </language>
  <physicalDescription>
    <form authority="marcform">print</form>
    <extent>4 ungezählte Seiten</extent>
    <form type="media" authority="rdamedia">ohne Hilfsmittel zu benutzen</form>
    <form type="carrier" authority="rdacarrier">Band</form>
  </physicalDescription>
  <note>Das Erscheinungsjahr ist vom Textende entnommen</note>
  <note type="action">Digitalisierung geplant 2014-2018 Digitalisierung UB Leipzig pdager</note>
  <identifier type="vd17">15:742140A</identifier>
  <recordInfo>
    <descriptionStandard>rda</descriptionStandard>
    <recordContentSource authority="marcorg">DE-627</recordContentSource>
    <recordCreationDate encoding="marc">171004</recordCreationDate>
    <recordChangeDate encoding="iso8601">20200108170528.0</recordChangeDate>
    <recordIdentifier source="DE-627-4">008421269</recordIdentifier>
    <recordOrigin>Converted from MARCXML to MODS version 3.6 using MARC21slim2MODS3-6.xsl
				(Revision 1.119 2018/06/21)</recordOrigin>
    <languageOfCataloging>
      <languageTerm authority="iso639-2b" type="code">ger</languageTerm>
    </languageOfCataloging>
  </recordInfo>
</mods></zs:recordData><zs:recordPosition>6</zs:recordPosition></zs:record><zs:record><zs:recordSchema>mods</zs:recordSchema><zs:recordXMLEscaping>xml</zs:recordXMLEscaping><zs:recordData><mods xmlns:xsi="http://www.w3.org/2001/XMLSchema-instance" xmlns="http://www.loc.gov/mods/v3" version="3.6" xsi:schemaLocation="http://www.loc.gov/mods/v3 http://www.loc.gov/standards/mods/v3/mods-3-6.xsd">
  <titleInfo>
    <title>Gewisser Bericht und Zeitung/ Von den zwey unterschiedlichen treffen</title>
    <subTitle>das erste ist geschehen den 16. Februarii 1633. bey Strehlen/ wie auch bey Grotkaw in Schlesien/ wie der Herr Generall Leutenant Arnheimb/ unnd Herr Feldmarschalck ... Hertzog Frantz Albrecht/ mit den Keyserlichen thun scharmutziren ... ; Das ander ist geschehen den 20. Feb. 1633. mit dem Beyerfürsten und mit dem Herren Feldmarschalck Gustav Horn/ bey der Stadt Bibrach ... ; Im Tohn/ Störtzebecher etc</subTitle>
  </titleInfo>
  <titleInfo type="alternative">
    <title>zwei Februar Grottkau General Feldmarschall Herzog Kaiserlichen Biberach</title>
  </titleInfo>
  <name type="personal">
    <namePart>Arnim, Hans Georg von</namePart>
    <namePart type="date">1583-1641</namePart>
    <role>
      <roleTerm authority="marcrelator" type="code">oth</roleTerm>
    </role>
    <nameIdentifier>(DE-588)115793615 (DE-627)004217691 (DE-576)214375870</nameIdentifier>
  </name>
  <name type="personal">
    <namePart>Franz Albrecht</namePart>
    <namePart type="termsOfAddress">Sachsen-Lauenburg, Herzog</namePart>
    <namePart type="date">1598-1642</namePart>
    <role>
      <roleTerm authority="marcrelator" type="code">oth</roleTerm>
    </role>
    <nameIdentifier>(DE-588)122811364 (DE-627)004611519 (DE-576)170400433</nameIdentifier>
  </name>
  <name type="personal">
    <namePart>Horn, Gustav</namePart>
    <namePart type="date">1592-1657</namePart>
    <role>
      <roleTerm authority="marcrelator" type="code">oth</roleTerm>
    </role>
    <nameIdentifier>(DE-588)121217760 (DE-627)004425286 (DE-576)215093747</nameIdentifier>
  </name>
  <name type="personal">
    <namePart>Ritzsch, Gregorius</namePart>
    <namePart type="date">1584-1643</namePart>
    <role>
      <roleTerm authority="marcrelator" type="code">prt</roleTerm>
    </role>
    <nameIdentifier>(DE-588)11549801X (DE-627)004199227 (DE-576)289915902</nameIdentifier>
  </name>
  <typeOfResource>text</typeOfResource>
  <genre authority="rdacontent">nicht spezifiziert</genre>
  <genre authority="local">Flugschrift</genre>
  <originInfo>
    <place>
      <placeTerm type="code" authority="marccountry">xx</placeTerm>
    </place>
    <dateIssued encoding="marc">1633</dateIssued>
    <issuance>monographic</issuance>
  </originInfo>
  <originInfo eventType="publication">
    <place>
      <placeTerm type="text">Leiptzig</placeTerm>
    </place>
    <publisher>Ritzsch</publisher>
    <dateIssued>1633</dateIssued>
  </originInfo>
  <language>
    <languageTerm authority="iso639-2b" type="code">ger</languageTerm>
  </language>
  <physicalDescription>
    <form authority="marcform">print</form>
    <extent>[2] Bl. 4°</extent>
    <form type="media" authority="rdamedia">nicht spezifiziert</form>
    <form type="carrier" authority="rdacarrier">nicht spezifiziert</form>
  </physicalDescription>
  <note>Schlüsselseiten aus dem Exemplar der GLWB Hannover: Bu 5777:9</note>
  <identifier type="vd17">35:713603U</identifier>
  <recordInfo>
    <descriptionStandard>rakwb</descriptionStandard>
    <recordContentSource authority="marcorg">DE-627</recordContentSource>
    <recordCreationDate encoding="marc">100504</recordCreationDate>
    <recordChangeDate encoding="iso8601">20200224225322.0</recordChangeDate>
    <recordIdentifier source="DE-627-4">006661688</recordIdentifier>
    <recordOrigin>Converted from MARCXML to MODS version 3.6 using MARC21slim2MODS3-6.xsl
				(Revision 1.119 2018/06/21)</recordOrigin>
    <languageOfCataloging>
      <languageTerm authority="iso639-2b" type="code">ger</languageTerm>
    </languageOfCataloging>
  </recordInfo>
</mods></zs:recordData><zs:recordPosition>7</zs:recordPosition></zs:record><zs:record><zs:recordSchema>mods</zs:recordSchema><zs:recordXMLEscaping>xml</zs:recordXMLEscaping><zs:recordData><mods xmlns:xsi="http://www.w3.org/2001/XMLSchema-instance" xmlns="http://www.loc.gov/mods/v3" version="3.6" xsi:schemaLocation="http://www.loc.gov/mods/v3 http://www.loc.gov/standards/mods/v3/mods-3-6.xsd">
  <titleInfo>
    <nonSort xml:space="preserve">Ein  </nonSort>
    <title>offentliches Schreiben/ Von I.F.G. Hertzog Frantz Albrecht Churf. Durchl. zu Sachsen/ Feldtmarschalck/ an allen Officiren Churf. Armee in Schlesien/ Darmit daß rauben und stielen der Armen unschuldigen Unterthanen möchte verhindert werden</title>
    <subTitle>Anno M.DC.XXXIII. N. 2</subTitle>
  </titleInfo>
  <titleInfo type="alternative">
    <title>Stehlen Armeen Untertanen</title>
  </titleInfo>
  <name type="personal" usage="primary">
    <namePart>Franz Albrecht</namePart>
    <namePart type="termsOfAddress">Sachsen-Lauenburg, Herzog</namePart>
    <namePart type="date">1598-1642</namePart>
    <role>
      <roleTerm authority="marcrelator" type="code">aut</roleTerm>
    </role>
    <nameIdentifier>(DE-588)122811364 (DE-627)004611519 (DE-576)170400433</nameIdentifier>
  </name>
  <typeOfResource>text</typeOfResource>
  <genre authority="rdacontent">nicht spezifiziert</genre>
  <genre authority="local">Flugschrift</genre>
  <genre authority="local">Brief</genre>
  <originInfo>
    <place>
      <placeTerm type="code" authority="marccountry">xx</placeTerm>
    </place>
    <dateIssued encoding="marc">1633</dateIssued>
    <issuance>monographic</issuance>
  </originInfo>
  <originInfo eventType="publication">
    <place>
      <placeTerm type="text">[S.l.]</placeTerm>
    </place>
    <publisher/>
    <dateIssued>1633</dateIssued>
  </originInfo>
  <language>
    <languageTerm authority="iso639-2b" type="code">ger</languageTerm>
  </language>
  <physicalDescription>
    <form authority="marcform">print</form>
    <extent>[2] Bl 4°</extent>
    <form type="media" authority="rdamedia">nicht spezifiziert</form>
    <form type="carrier" authority="rdacarrier">nicht spezifiziert</form>
  </physicalDescription>
  <note type="action">Digitalisierung geplant Digitalisierung Unika durch HAB Wolfenbüttel pdager</note>
  <identifier type="vd17">23:294301G</identifier>
  <recordInfo>
    <descriptionStandard>rakwb</descriptionStandard>
    <recordContentSource authority="marcorg">DE-627</recordContentSource>
    <recordCreationDate encoding="marc">020901</recordCreationDate>
    <recordChangeDate encoding="iso8601">20200224135215.0</recordChangeDate>
    <recordIdentifier source="DE-627-4">000147303</recordIdentifier>
    <recordOrigin>Converted from MARCXML to MODS version 3.6 using MARC21slim2MODS3-6.xsl
				(Revision 1.119 2018/06/21)</recordOrigin>
    <languageOfCataloging>
      <languageTerm authority="iso639-2b" type="code">ger</languageTerm>
    </languageOfCataloging>
  </recordInfo>
</mods></zs:recordData><zs:recordPosition>8</zs:recordPosition></zs:record><zs:record><zs:recordSchema>mods</zs:recordSchema><zs:recordXMLEscaping>xml</zs:recordXMLEscaping><zs:recordData><mods xmlns:xsi="http://www.w3.org/2001/XMLSchema-instance" xmlns="http://www.loc.gov/mods/v3" version="3.6" xsi:schemaLocation="http://www.loc.gov/mods/v3 http://www.loc.gov/standards/mods/v3/mods-3-6.xsd">
  <titleInfo>
    <title>Von Gottes Gnaden/ Wir Frantz Albrecht/ Hertzog zu Sachszen/ Engern/ und Westphalen/ [et]c. Churfürstl. Sächsischer ... FeldtMarschall/ und Obrister zu Roß und Fucß/ [et]c. Entbitten Allen und Jeden/ denen gegenwertiges Unser offenes Patent, vorkommen möchte/ Insonderheit aber/ allen und jeden/ bey der Evangelischen Armee sich in Schlesien jetzo befindenden ... KriegßOfficirern/ wie auch der gantzen Soldatesca ... Unsere Freundschafft ... und fügen denselben dabey zuvernehmen/ was ... nach eines jedern Willen ... geplündert/ gebrandtschätzet .... in total ruin gesetzet wird</title>
    <subTitle>Uhrkündlich haben Wir dieses Patent, damit es umb so viel desto ehunder zu Män[n]igliches Wissenschafft kommen möge/ gedruckt publiciret ... ; Signatum im General HauptQuartier Olaw/ am (20.) 30. Decembris, deß zu Endelauffenden 1632. Jahres</subTitle>
  </titleInfo>
  <titleInfo type="alternative">
    <title>Olau Ohlau</title>
  </titleInfo>
  <name type="personal">
    <namePart>Franz Albrecht</namePart>
    <namePart type="termsOfAddress">Sachsen-Lauenburg, Herzog</namePart>
    <namePart type="date">1598-1642</namePart>
    <role>
      <roleTerm authority="marcrelator" type="code">oth</roleTerm>
    </role>
    <nameIdentifier>(DE-588)122811364 (DE-627)004611519 (DE-576)170400433</nameIdentifier>
  </name>
  <typeOfResource>text</typeOfResource>
  <genre authority="rdacontent">nicht spezifiziert</genre>
  <genre authority="local">Einblattdruck</genre>
  <originInfo>
    <place>
      <placeTerm type="code" authority="marccountry">xx</placeTerm>
    </place>
    <dateIssued encoding="marc">1632</dateIssued>
    <issuance>monographic</issuance>
  </originInfo>
  <originInfo eventType="publication">
    <place>
      <placeTerm type="text">[S.l.]</placeTerm>
    </place>
    <publisher/>
    <dateIssued>1632</dateIssued>
  </originInfo>
  <language>
    <languageTerm authority="iso639-2b" type="code">ger</languageTerm>
  </language>
  <physicalDescription>
    <form authority="marcform">print</form>
    <extent>[1] Bl</extent>
    <form type="media" authority="rdamedia">nicht spezifiziert</form>
    <form type="carrier" authority="rdacarrier">nicht spezifiziert</form>
  </physicalDescription>
  <note>Schlüsselseiten aus dem Exemplar der HAAB Weimar: 7, 2 : 40</note>
  <note>Format: 36,5 x 23 cm. - Satzspiegel: 35, 5 x 21,5 cm</note>
  <note type="action">Digitalisierung geplant Digitalisierung Unika durch HAAB Weimar; Nachtrag pdager</note>
  <note>Patent gegen Plünderungen u. a. Gewalttaten gegen die Zibvilbevölkerung</note>
  <identifier type="vd17">32:639008E</identifier>
  <relatedItem>
    <location>
      <url displayLabel="Volltext" note="Kostenfrei">http://haab-digital.klassik-stiftung.de/viewer/epnresolver?id=1701662329</url>
    </location>
  </relatedItem>
  <recordInfo>
    <descriptionStandard>rakwb</descriptionStandard>
    <recordContentSource authority="marcorg">DE-627</recordContentSource>
    <recordCreationDate encoding="marc">031203</recordCreationDate>
    <recordChangeDate encoding="iso8601">20200310220716.0</recordChangeDate>
    <recordIdentifier source="DE-627-4">00506855X</recordIdentifier>
    <recordOrigin>Converted from MARCXML to MODS version 3.6 using MARC21slim2MODS3-6.xsl
				(Revision 1.119 2018/06/21)</recordOrigin>
    <languageOfCataloging>
      <languageTerm authority="iso639-2b" type="code">ger</languageTerm>
    </languageOfCataloging>
  </recordInfo>
</mods></zs:recordData><zs:recordPosition>9</zs:recordPosition></zs:record></zs:records><zs:echoedSearchRetrieveRequest><zs:version>2.0</zs:version><zs:query>pica.nid=122811364</zs:query><zs:startRecord>1</zs:startRecord><zs:maximumRecords>500</zs:maximumRecords><zs:recordXMLEscaping>xml</zs:recordXMLEscaping><zs:recordSchema>mods</zs:recordSchema></zs:echoedSearchRetrieveRequest><zs:resultCountPrecision>exact</zs:resultCountPrecision></zs:searchRetrieveResponse>
