<?xml version="1.0" encoding="UTF-8"?>
<zs:searchRetrieveResponse xmlns:zs="http://docs.oasis-open.org/ns/search-ws/sruResponse"><zs:numberOfRecords>3</zs:numberOfRecords><zs:records><zs:record><zs:recordSchema>marcxml</zs:recordSchema><zs:recordXMLEscaping>xml</zs:recordXMLEscaping><zs:recordData><record xmlns="http://www.loc.gov/MARC21/slim">
  <leader>     cam a22        4500</leader>
  <controlfield tag="001">000921971</controlfield>
  <controlfield tag="003">DE-627-4</controlfield>
  <controlfield tag="005">20210119102855.0</controlfield>
  <controlfield tag="007">tu</controlfield>
  <controlfield tag="008">020901s1683    xx |||||      00| ||ger c</controlfield>
  <datafield tag="024" ind1="7" ind2=" ">
    <subfield code="a">1:035036D</subfield>
    <subfield code="2">vd17</subfield>
  </datafield>
  <datafield tag="026" ind1=" " ind2=" ">
    <subfield code="e">b;b, n!i- ret, inAm 3 1682A</subfield>
    <subfield code="2">fei</subfield>
  </datafield>
  <datafield tag="035" ind1=" " ind2=" ">
    <subfield code="a">(DE-627-4)000921971</subfield>
  </datafield>
  <datafield tag="035" ind1=" " ind2=" ">
    <subfield code="a">(DE-599)KXP000921971</subfield>
  </datafield>
  <datafield tag="040" ind1=" " ind2=" ">
    <subfield code="a">DE-627</subfield>
    <subfield code="b">ger</subfield>
    <subfield code="c">DE-627</subfield>
    <subfield code="e">rakwb</subfield>
  </datafield>
  <datafield tag="041" ind1=" " ind2=" ">
    <subfield code="a">ger</subfield>
  </datafield>
  <datafield tag="245" ind1="1" ind2="0">
    <subfield code="a">Immer-Grünendes Grab-Mahl. Des Weyland Durchleuchtigsten Fürsten und Herrn/ Herrn Ludwig deß Siebenden/ Landgrafen zu Hessen/ Fürsten zu Hersfeld/ Grafen zu Catzenelnbogen/ Dietz ... [et]c.</subfield>
    <subfield code="b">Nachdeme Ihre Hoch-Fürstliche Durchleuchtigkeit im Jahr 1658. den 12. Junij in dieses Thränen-Thal gebohren/ und ... in bester Alters-Blüt und kurtz angetrettener Hoch-Fürstl. Regierung im Jahr 1678. den 31. Augusti durch einen unverhofften ... Todt in der Hoch-Fürstl. Sachsen-Gothischen Residentz Frieden-Stein/ aus diesem zeitlichen Unfrieden in die Himmlische Friedens-Burg versetzet/ Dessen verblichener Cörper aber hernach den 13. Septembr. ... beygesetzet worden</subfield>
  </datafield>
  <datafield tag="246" ind1="3" ind2="0">
    <subfield code="a">Grabmal Katzenelnbogen Durchlaucht Tränental Alters-Blüte Tod Residenz Körper</subfield>
  </datafield>
  <datafield tag="264" ind1=" " ind2="1">
    <subfield code="a">Darmbstadt</subfield>
    <subfield code="b">Müller</subfield>
    <subfield code="c">1682 [erschienen 1683]</subfield>
  </datafield>
  <datafield tag="300" ind1=" " ind2=" ">
    <subfield code="a">[2] Bl., 80 S., [1] Bl., 110 S., [2] Bl</subfield>
    <subfield code="b">Frontisp., 1 Portr. (Kupferst.), 1 Ill. (Kupferst.)</subfield>
    <subfield code="c">2°</subfield>
  </datafield>
  <datafield tag="336" ind1=" " ind2=" ">
    <subfield code="a">nicht spezifiziert</subfield>
    <subfield code="b">zzz</subfield>
    <subfield code="2">rdacontent</subfield>
  </datafield>
  <datafield tag="337" ind1=" " ind2=" ">
    <subfield code="a">nicht spezifiziert</subfield>
    <subfield code="b">z</subfield>
    <subfield code="2">rdamedia</subfield>
  </datafield>
  <datafield tag="338" ind1=" " ind2=" ">
    <subfield code="a">nicht spezifiziert</subfield>
    <subfield code="b">zu</subfield>
    <subfield code="2">rdacarrier</subfield>
  </datafield>
  <datafield tag="500" ind1=" " ind2=" ">
    <subfield code="a">Auch in: Höchst-verdiente Ehren-Seul</subfield>
  </datafield>
  <datafield tag="500" ind1=" " ind2=" ">
    <subfield code="a">Schlüsselseiten aus dem Exemplar der SBB-PK Berlin: Ee 700-1448 : 2°</subfield>
  </datafield>
  <datafield tag="500" ind1=" " ind2=" ">
    <subfield code="a">Signaturformel: [1], A - Z, Aa - Rr, [1], a - z, Aa - Zz, Aaa - Iii. - Ill. bei der Angabe der Signaturformel nicht berücksichtigt</subfield>
  </datafield>
  <datafield tag="500" ind1=" " ind2=" ">
    <subfield code="a">Späteres Erscheinungsjahr nach einem Datierungshinweis auf dem Titelbl. des zweiten beigef. Werkes (Bl. Aa)</subfield>
  </datafield>
  <datafield tag="501" ind1=" " ind2=" ">
    <subfield code="a">Enth. außerdem u.a.: Sequuntur Programmata Et Orationes Publicae Habitae In Academia Gissena Cum Epicediis</subfield>
  </datafield>
  <datafield tag="655" ind1=" " ind2="7">
    <subfield code="a">Leichenpredigtsammlung</subfield>
    <subfield code="0">(DE-627)006572596</subfield>
    <subfield code="2">local</subfield>
  </datafield>
  <datafield tag="700" ind1="0" ind2=" ">
    <subfield code="a">Ludwig</subfield>
    <subfield code="b">VII.</subfield>
    <subfield code="c">Hessen-Darmstadt, Landgraf</subfield>
    <subfield code="d">1658-1678</subfield>
    <subfield code="0">(DE-588)115863559</subfield>
    <subfield code="0">(DE-627)004224965</subfield>
    <subfield code="0">(DE-576)176170839</subfield>
    <subfield code="4">oth</subfield>
  </datafield>
  <datafield tag="700" ind1="0" ind2=" ">
    <subfield code="a">Elisabeth Dorothea zu Hessen</subfield>
    <subfield code="e">Beiträger</subfield>
    <subfield code="4">oth</subfield>
  </datafield>
  <datafield tag="700" ind1="0" ind2=" ">
    <subfield code="a">Ernst Ludwig zu Hessen</subfield>
    <subfield code="e">Beiträger</subfield>
    <subfield code="4">oth</subfield>
  </datafield>
  <datafield tag="700" ind1="0" ind2=" ">
    <subfield code="a">Georg zu Hessen</subfield>
    <subfield code="e">Beiträger</subfield>
    <subfield code="4">oth</subfield>
  </datafield>
  <datafield tag="700" ind1="0" ind2=" ">
    <subfield code="a">Sofie Marie zu Sachsen</subfield>
    <subfield code="e">Beiträger</subfield>
    <subfield code="4">oth</subfield>
  </datafield>
  <datafield tag="700" ind1="0" ind2=" ">
    <subfield code="a">Marie Elisabeth zu Sachsen</subfield>
    <subfield code="e">Beiträger</subfield>
    <subfield code="4">oth</subfield>
  </datafield>
  <datafield tag="700" ind1="0" ind2=" ">
    <subfield code="a">Magdalene Sibylle zu Würtenberg</subfield>
    <subfield code="e">Beiträger</subfield>
    <subfield code="4">oth</subfield>
  </datafield>
  <datafield tag="700" ind1="1" ind2=" ">
    <subfield code="a">Richter, Daniel</subfield>
    <subfield code="e">Beiträger</subfield>
    <subfield code="4">oth</subfield>
  </datafield>
  <datafield tag="700" ind1="1" ind2=" ">
    <subfield code="a">Arcularius, Joh. Daniel</subfield>
    <subfield code="e">Beiträger</subfield>
    <subfield code="4">oth</subfield>
  </datafield>
  <datafield tag="700" ind1="1" ind2=" ">
    <subfield code="a">Mislerus, Johannes Nicolaus</subfield>
    <subfield code="e">Beiträger</subfield>
    <subfield code="4">oth</subfield>
  </datafield>
  <datafield tag="700" ind1="1" ind2=" ">
    <subfield code="a">Haberkorn, Justus Balthasar</subfield>
    <subfield code="e">Beiträger</subfield>
    <subfield code="4">oth</subfield>
  </datafield>
  <datafield tag="700" ind1="1" ind2=" ">
    <subfield code="a">Schleiermacher, Johann-Bartholomaeus</subfield>
    <subfield code="e">Beiträger</subfield>
    <subfield code="4">oth</subfield>
  </datafield>
  <datafield tag="700" ind1="1" ind2=" ">
    <subfield code="a">Mentzer, Balthasar</subfield>
    <subfield code="e">Beiträger</subfield>
    <subfield code="4">oth</subfield>
  </datafield>
  <datafield tag="700" ind1="1" ind2=" ">
    <subfield code="a">Fabricius, P. M.</subfield>
    <subfield code="e">Beiträger</subfield>
    <subfield code="4">oth</subfield>
  </datafield>
  <datafield tag="700" ind1="1" ind2=" ">
    <subfield code="a">Stumpfius, Johannes Henricus</subfield>
    <subfield code="e">Beiträger</subfield>
    <subfield code="4">oth</subfield>
  </datafield>
  <datafield tag="700" ind1="1" ind2=" ">
    <subfield code="a">Horstius, Joh. Daniel</subfield>
    <subfield code="e">Beiträger</subfield>
    <subfield code="4">oth</subfield>
  </datafield>
  <datafield tag="700" ind1="1" ind2=" ">
    <subfield code="a">Roßler, Johann Henrich</subfield>
    <subfield code="e">Beiträger</subfield>
    <subfield code="4">oth</subfield>
  </datafield>
  <datafield tag="700" ind1="1" ind2=" ">
    <subfield code="a">Hannekenius, Philippus Ludovicus</subfield>
    <subfield code="e">Beiträger</subfield>
    <subfield code="4">oth</subfield>
  </datafield>
  <datafield tag="700" ind1="1" ind2=" ">
    <subfield code="a">Thilen, Nicolaus</subfield>
    <subfield code="e">Beiträger</subfield>
    <subfield code="4">oth</subfield>
  </datafield>
  <datafield tag="700" ind1="1" ind2=" ">
    <subfield code="a">Heiland, Michael</subfield>
    <subfield code="e">Beiträger</subfield>
    <subfield code="4">oth</subfield>
  </datafield>
  <datafield tag="700" ind1="1" ind2=" ">
    <subfield code="a">Baumbach, Wolffgang Henrich von</subfield>
    <subfield code="e">Beiträger</subfield>
    <subfield code="4">oth</subfield>
  </datafield>
  <datafield tag="700" ind1="1" ind2=" ">
    <subfield code="a">Schwartzenau, Christoph Ludwig</subfield>
    <subfield code="e">Beiträger</subfield>
    <subfield code="4">oth</subfield>
  </datafield>
  <datafield tag="700" ind1="1" ind2=" ">
    <subfield code="a">Rudrauff, Kilianus</subfield>
    <subfield code="e">Beiträger</subfield>
    <subfield code="4">oth</subfield>
  </datafield>
  <datafield tag="700" ind1="1" ind2=" ">
    <subfield code="a">Eberhorn, Georg Adam</subfield>
    <subfield code="e">Beiträger</subfield>
    <subfield code="4">oth</subfield>
  </datafield>
  <datafield tag="700" ind1="1" ind2=" ">
    <subfield code="a">Gemmingen, Weiprecht von</subfield>
    <subfield code="e">Beiträger</subfield>
    <subfield code="4">oth</subfield>
  </datafield>
  <datafield tag="700" ind1="1" ind2=" ">
    <subfield code="a">Christiani, David</subfield>
    <subfield code="e">Beiträger</subfield>
    <subfield code="4">oth</subfield>
  </datafield>
  <datafield tag="700" ind1="1" ind2=" ">
    <subfield code="a">Melchior, Joh. Petrus</subfield>
    <subfield code="e">Beiträger</subfield>
    <subfield code="4">oth</subfield>
  </datafield>
  <datafield tag="700" ind1="1" ind2=" ">
    <subfield code="a">Krantz, Henricus Christianus</subfield>
    <subfield code="e">Beiträger</subfield>
    <subfield code="4">oth</subfield>
  </datafield>
  <datafield tag="700" ind1="1" ind2=" ">
    <subfield code="a">Mollenbeccius, Anton Henricus</subfield>
    <subfield code="e">Beiträger</subfield>
    <subfield code="4">oth</subfield>
  </datafield>
  <datafield tag="700" ind1="1" ind2=" ">
    <subfield code="a">Strauch, Wilhelm</subfield>
    <subfield code="e">Beiträger</subfield>
    <subfield code="4">oth</subfield>
  </datafield>
  <datafield tag="700" ind1="1" ind2=" ">
    <subfield code="a">Pettman, Johann Jacob</subfield>
    <subfield code="e">Beiträger</subfield>
    <subfield code="4">oth</subfield>
  </datafield>
  <datafield tag="700" ind1="1" ind2=" ">
    <subfield code="a">Nitzschius, Fridericus</subfield>
    <subfield code="e">Beiträger</subfield>
    <subfield code="4">oth</subfield>
  </datafield>
  <datafield tag="700" ind1="1" ind2=" ">
    <subfield code="a">Seippius, Ludovicus Adolphus</subfield>
    <subfield code="e">Beiträger</subfield>
    <subfield code="4">oth</subfield>
  </datafield>
  <datafield tag="700" ind1="1" ind2=" ">
    <subfield code="a">Phasianus, Henricus</subfield>
    <subfield code="e">Beiträger</subfield>
    <subfield code="4">oth</subfield>
  </datafield>
  <datafield tag="700" ind1="1" ind2=" ">
    <subfield code="a">Susemihl, Paulus</subfield>
    <subfield code="e">Beiträger</subfield>
    <subfield code="4">oth</subfield>
  </datafield>
  <datafield tag="700" ind1="1" ind2=" ">
    <subfield code="a">Strauß, Laurentius</subfield>
    <subfield code="e">Beiträger</subfield>
    <subfield code="4">oth</subfield>
  </datafield>
  <datafield tag="700" ind1="1" ind2=" ">
    <subfield code="a">Weiß, Johannes</subfield>
    <subfield code="e">Beiträger</subfield>
    <subfield code="4">oth</subfield>
  </datafield>
  <datafield tag="700" ind1="1" ind2=" ">
    <subfield code="a">Clodius, David</subfield>
    <subfield code="e">Beiträger</subfield>
    <subfield code="4">oth</subfield>
  </datafield>
  <datafield tag="700" ind1="1" ind2=" ">
    <subfield code="a">Welcker, Johann Peter</subfield>
    <subfield code="e">Beiträger</subfield>
    <subfield code="4">oth</subfield>
  </datafield>
  <datafield tag="700" ind1="1" ind2=" ">
    <subfield code="a">Mettenius, Johann Georgius</subfield>
    <subfield code="e">Beiträger</subfield>
    <subfield code="4">oth</subfield>
  </datafield>
  <datafield tag="700" ind1="1" ind2=" ">
    <subfield code="a">Gorrius, Joh. Otto</subfield>
    <subfield code="e">Beiträger</subfield>
    <subfield code="4">oth</subfield>
  </datafield>
  <datafield tag="700" ind1="0" ind2=" ">
    <subfield code="a">J. R. W.</subfield>
    <subfield code="e">Beiträger</subfield>
    <subfield code="4">oth</subfield>
  </datafield>
  <datafield tag="700" ind1="1" ind2=" ">
    <subfield code="a">Mogen, Jeremias Lorenz</subfield>
    <subfield code="e">Beiträger</subfield>
    <subfield code="4">oth</subfield>
  </datafield>
  <datafield tag="700" ind1="1" ind2=" ">
    <subfield code="a">Sinolt-Schütz, Jost Hermann</subfield>
    <subfield code="e">Beiträger</subfield>
    <subfield code="4">oth</subfield>
  </datafield>
  <datafield tag="700" ind1="1" ind2=" ">
    <subfield code="a">Wagner, Johann Georg</subfield>
    <subfield code="e">BeiträgerIn k.</subfield>
    <subfield code="4">ctb</subfield>
  </datafield>
  <datafield tag="700" ind1="1" ind2=" ">
    <subfield code="a">Kilian, Bartholomäus</subfield>
    <subfield code="e">BeiträgerIn k.</subfield>
    <subfield code="4">ctb</subfield>
  </datafield>
  <datafield tag="700" ind1="1" ind2=" ">
    <subfield code="a">Wolfgang, G. Andreas</subfield>
    <subfield code="e">BeiträgerIn k.</subfield>
    <subfield code="4">ctb</subfield>
  </datafield>
  <datafield tag="700" ind1="1" ind2=" ">
    <subfield code="a">Müller, Henning</subfield>
    <subfield code="d">1641-1713</subfield>
    <subfield code="0">(DE-588)121357740</subfield>
    <subfield code="0">(DE-627)004445287</subfield>
    <subfield code="4">prt</subfield>
  </datafield>
  <datafield tag="751" ind1=" " ind2=" ">
    <subfield code="a">Darmstadt</subfield>
    <subfield code="4">pup</subfield>
  </datafield>
  <datafield tag="924" ind1="0" ind2=" ">
    <subfield code="a">000330817</subfield>
    <subfield code="b">DE-1a</subfield>
    <subfield code="9">1a</subfield>
    <subfield code="c">GBV</subfield>
    <subfield code="d">b</subfield>
    <subfield code="g">2"@Ee 700-1448</subfield>
    <subfield code="h">1:R</subfield>
  </datafield>
  <datafield tag="924" ind1="0" ind2=" ">
    <subfield code="a">000330825</subfield>
    <subfield code="b">DE-1a</subfield>
    <subfield code="9">1a</subfield>
    <subfield code="c">GBV</subfield>
    <subfield code="d">b</subfield>
    <subfield code="g">2"@Sk 1701</subfield>
    <subfield code="h">1</subfield>
  </datafield>
  <datafield tag="924" ind1="0" ind2=" ">
    <subfield code="a">003756173</subfield>
    <subfield code="b">DE-547</subfield>
    <subfield code="9">547</subfield>
    <subfield code="c">GBV</subfield>
    <subfield code="d">b</subfield>
    <subfield code="g">Theol 2° 00362/08</subfield>
    <subfield code="g">Forschungsbibliothek Gotha</subfield>
    <subfield code="h">FBG MAG</subfield>
  </datafield>
  <datafield tag="924" ind1="0" ind2=" ">
    <subfield code="a">005768012</subfield>
    <subfield code="b">DE-23</subfield>
    <subfield code="9">23</subfield>
    <subfield code="c">GBV</subfield>
    <subfield code="g">Xb 2° 75 (2)</subfield>
  </datafield>
  <datafield tag="924" ind1="0" ind2=" ">
    <subfield code="a">005858577</subfield>
    <subfield code="b">DE-32</subfield>
    <subfield code="9">32</subfield>
    <subfield code="c">GBV</subfield>
    <subfield code="d">b</subfield>
    <subfield code="g">19 D 9709</subfield>
  </datafield>
  <datafield tag="924" ind1="0" ind2=" ">
    <subfield code="a">00596573X</subfield>
    <subfield code="b">DE-3</subfield>
    <subfield code="9">3</subfield>
    <subfield code="c">GBV</subfield>
    <subfield code="d">c</subfield>
    <subfield code="g">Ni 1710, 2° (2)</subfield>
  </datafield>
  <datafield tag="924" ind1="0" ind2=" ">
    <subfield code="a">005965748</subfield>
    <subfield code="b">DE-3</subfield>
    <subfield code="9">3</subfield>
    <subfield code="c">GBV</subfield>
    <subfield code="d">c</subfield>
    <subfield code="g">AB BB 2347 (2)</subfield>
  </datafield>
  <datafield tag="951" ind1=" " ind2=" ">
    <subfield code="a">BO</subfield>
  </datafield>
</record></zs:recordData><zs:recordPosition>1</zs:recordPosition></zs:record><zs:record><zs:recordSchema>marcxml</zs:recordSchema><zs:recordXMLEscaping>xml</zs:recordXMLEscaping><zs:recordData><record xmlns="http://www.loc.gov/MARC21/slim">
  <leader>     cam a22        4500</leader>
  <controlfield tag="001">000296902</controlfield>
  <controlfield tag="003">DE-627-4</controlfield>
  <controlfield tag="005">20211215211155.0</controlfield>
  <controlfield tag="007">tu</controlfield>
  <controlfield tag="008">020901s1676    xx |||||      00| ||ger c</controlfield>
  <datafield tag="024" ind1="7" ind2=" ">
    <subfield code="a">39:126407S</subfield>
    <subfield code="2">vd17</subfield>
  </datafield>
  <datafield tag="026" ind1=" " ind2=" ">
    <subfield code="e">n?en n?en s.l. ennt C 1676R</subfield>
    <subfield code="2">fei</subfield>
  </datafield>
  <datafield tag="035" ind1=" " ind2=" ">
    <subfield code="a">(DE-627-4)000296902</subfield>
  </datafield>
  <datafield tag="035" ind1=" " ind2=" ">
    <subfield code="a">(DE-599)KXP000296902</subfield>
  </datafield>
  <datafield tag="040" ind1=" " ind2=" ">
    <subfield code="a">DE-627</subfield>
    <subfield code="b">ger</subfield>
    <subfield code="c">DE-627</subfield>
    <subfield code="e">rakwb</subfield>
  </datafield>
  <datafield tag="041" ind1=" " ind2=" ">
    <subfield code="a">ger</subfield>
  </datafield>
  <datafield tag="245" ind1="1" ind2="4">
    <subfield code="a">Die beglückte Majorennität Des ... Herrn Ludwigen des Jüngern/ Landgrafens zu Hessen ... Erb-Printzens/ Wie solche uff Anordnung Der ... Frauen Elisabethen Dorotheen/ Landgräffin zu Hessen ... Als Sr. Fürstl. Durchl. Hochgeehrten Frawe Mutter In dem grossen Lust-Garten hinder der Fürstlichen Residentz zu Darmstatt Mit trewhertzigen Wünschen celebriret und begangen worden. Den 22. Tag Junij.</subfield>
  </datafield>
  <datafield tag="264" ind1=" " ind2="1">
    <subfield code="a">Darmstatt</subfield>
    <subfield code="b">Müller</subfield>
    <subfield code="c">1676</subfield>
  </datafield>
  <datafield tag="300" ind1=" " ind2=" ">
    <subfield code="a">[4] Bl</subfield>
    <subfield code="b">2°</subfield>
  </datafield>
  <datafield tag="336" ind1=" " ind2=" ">
    <subfield code="a">nicht spezifiziert</subfield>
    <subfield code="b">zzz</subfield>
    <subfield code="2">rdacontent</subfield>
  </datafield>
  <datafield tag="337" ind1=" " ind2=" ">
    <subfield code="a">nicht spezifiziert</subfield>
    <subfield code="b">z</subfield>
    <subfield code="2">rdamedia</subfield>
  </datafield>
  <datafield tag="338" ind1=" " ind2=" ">
    <subfield code="a">nicht spezifiziert</subfield>
    <subfield code="b">zu</subfield>
    <subfield code="2">rdacarrier</subfield>
  </datafield>
  <datafield tag="583" ind1="1" ind2=" ">
    <subfield code="a">Digitalisierung geplant</subfield>
    <subfield code="z">Digitalisierung Unika durch FB Gotha</subfield>
    <subfield code="2">pdager</subfield>
  </datafield>
  <datafield tag="655" ind1=" " ind2="7">
    <subfield code="a">Gelegenheitsschrift:Geburtstag</subfield>
    <subfield code="0">(DE-627)006572995</subfield>
    <subfield code="2">local</subfield>
  </datafield>
  <datafield tag="655" ind1=" " ind2="7">
    <subfield code="a">Festbeschreibung</subfield>
    <subfield code="0">(DE-627)006573185</subfield>
    <subfield code="2">local</subfield>
  </datafield>
  <datafield tag="700" ind1="0" ind2=" ">
    <subfield code="a">Ludwig</subfield>
    <subfield code="b">VII.</subfield>
    <subfield code="c">Hessen-Darmstadt, Landgraf</subfield>
    <subfield code="d">1658-1678</subfield>
    <subfield code="0">(DE-588)115863559</subfield>
    <subfield code="0">(DE-627)004224965</subfield>
    <subfield code="0">(DE-576)176170839</subfield>
    <subfield code="4">oth</subfield>
  </datafield>
  <datafield tag="700" ind1="0" ind2=" ">
    <subfield code="a">Elisabeth Dorothea</subfield>
    <subfield code="c">Hessen-Darmstadt, Landgräfin</subfield>
    <subfield code="d">1640-1709</subfield>
    <subfield code="0">(DE-588)101508298</subfield>
    <subfield code="0">(DE-627)00473162X</subfield>
    <subfield code="4">oth</subfield>
  </datafield>
  <datafield tag="700" ind1="1" ind2=" ">
    <subfield code="a">Müller, Henning</subfield>
    <subfield code="d">1641-1713</subfield>
    <subfield code="0">(DE-588)121357740</subfield>
    <subfield code="0">(DE-627)004445287</subfield>
    <subfield code="4">prt</subfield>
  </datafield>
  <datafield tag="751" ind1=" " ind2=" ">
    <subfield code="a">Darmstadt</subfield>
    <subfield code="4">pup</subfield>
  </datafield>
  <datafield tag="850" ind1=" " ind2=" ">
    <subfield code="a">cb</subfield>
  </datafield>
  <datafield tag="924" ind1="0" ind2=" ">
    <subfield code="a">002327597</subfield>
    <subfield code="b">DE-547</subfield>
    <subfield code="9">547</subfield>
    <subfield code="c">GBV</subfield>
    <subfield code="d">b</subfield>
    <subfield code="g">Poes 4° 02168 (31)</subfield>
    <subfield code="g">Forschungsbibliothek Gotha</subfield>
    <subfield code="h">FBG R</subfield>
  </datafield>
  <datafield tag="951" ind1=" " ind2=" ">
    <subfield code="a">BO</subfield>
  </datafield>
</record></zs:recordData><zs:recordPosition>2</zs:recordPosition></zs:record><zs:record><zs:recordSchema>marcxml</zs:recordSchema><zs:recordXMLEscaping>xml</zs:recordXMLEscaping><zs:recordData><record xmlns="http://www.loc.gov/MARC21/slim">
  <leader>     cam a22        4500</leader>
  <controlfield tag="001">005663725</controlfield>
  <controlfield tag="003">DE-627-4</controlfield>
  <controlfield tag="005">20210611112840.0</controlfield>
  <controlfield tag="007">tu</controlfield>
  <controlfield tag="008">051024s1658    xx |||||      00| ||lat c</controlfield>
  <datafield tag="024" ind1="7" ind2=" ">
    <subfield code="a">547:675895E</subfield>
    <subfield code="2">vd17</subfield>
  </datafield>
  <datafield tag="026" ind1=" " ind2=" ">
    <subfield code="e">,&amp;o- o-a- e-le DOme 3 1658R</subfield>
    <subfield code="2">fei</subfield>
  </datafield>
  <datafield tag="035" ind1=" " ind2=" ">
    <subfield code="a">(DE-627-4)005663725</subfield>
  </datafield>
  <datafield tag="035" ind1=" " ind2=" ">
    <subfield code="a">(DE-599)KXP005663725</subfield>
  </datafield>
  <datafield tag="040" ind1=" " ind2=" ">
    <subfield code="a">DE-627</subfield>
    <subfield code="b">ger</subfield>
    <subfield code="c">DE-627</subfield>
    <subfield code="e">rakwb</subfield>
  </datafield>
  <datafield tag="041" ind1=" " ind2=" ">
    <subfield code="a">lat</subfield>
  </datafield>
  <datafield tag="100" ind1="1" ind2=" ">
    <subfield code="a">Tacke, Johann</subfield>
    <subfield code="d">1617-1676</subfield>
    <subfield code="0">(DE-588)117195855</subfield>
    <subfield code="0">(DE-627)004261941</subfield>
    <subfield code="4">aut</subfield>
  </datafield>
  <datafield tag="245" ind1="1" ind2="0">
    <subfield code="a">Novus Hassiae Phoebus, Ludovicus VII. Anno M.DC.LVIII. Die XXII. Junii, Lucina Propitia Cum Sole Coelesti Dramstadii Ortus</subfield>
    <subfield code="b">Publicaque Oratione Cum Die 24. Octobris eiusdem Anni Solemnia Eiusdem Puerperialia ... Celebrantur</subfield>
    <subfield code="c">In Academia Gissena ... gratulationis ergo commendatus A Johanne Tackio ...</subfield>
  </datafield>
  <datafield tag="264" ind1=" " ind2="1">
    <subfield code="a">Gissae Hassorum</subfield>
    <subfield code="b">Hampelius</subfield>
    <subfield code="c">1658</subfield>
  </datafield>
  <datafield tag="300" ind1=" " ind2=" ">
    <subfield code="a">[1] Bl., 29 S</subfield>
    <subfield code="c">2°</subfield>
  </datafield>
  <datafield tag="336" ind1=" " ind2=" ">
    <subfield code="a">nicht spezifiziert</subfield>
    <subfield code="b">zzz</subfield>
    <subfield code="2">rdacontent</subfield>
  </datafield>
  <datafield tag="337" ind1=" " ind2=" ">
    <subfield code="a">nicht spezifiziert</subfield>
    <subfield code="b">z</subfield>
    <subfield code="2">rdamedia</subfield>
  </datafield>
  <datafield tag="338" ind1=" " ind2=" ">
    <subfield code="a">nicht spezifiziert</subfield>
    <subfield code="b">zu</subfield>
    <subfield code="2">rdacarrier</subfield>
  </datafield>
  <datafield tag="500" ind1=" " ind2=" ">
    <subfield code="a">Schlüsselseiten aus dem Exemplar der UB Erfurt: 01 - Hg. 2° 00061 (03)</subfield>
  </datafield>
  <datafield tag="500" ind1=" " ind2=" ">
    <subfield code="a">Signaturformel: [1], A-F2, G3</subfield>
  </datafield>
  <datafield tag="500" ind1=" " ind2=" ">
    <subfield code="a">Vorlageform des Erscheinungsvermerks: Gissae Hassorum Typis Josephi Dieterici Hampelii, Acad.. Typogr. Ordinarii, Anno M.DC.LVIII.</subfield>
  </datafield>
  <datafield tag="655" ind1=" " ind2="7">
    <subfield code="a">Gelegenheitsschrift:Geburt</subfield>
    <subfield code="0">(DE-627)006573002</subfield>
    <subfield code="2">local</subfield>
  </datafield>
  <datafield tag="700" ind1="0" ind2=" ">
    <subfield code="a">Ludwig</subfield>
    <subfield code="b">VII.</subfield>
    <subfield code="c">Hessen-Darmstadt, Landgraf</subfield>
    <subfield code="d">1658-1678</subfield>
    <subfield code="0">(DE-588)115863559</subfield>
    <subfield code="0">(DE-627)004224965</subfield>
    <subfield code="0">(DE-576)176170839</subfield>
    <subfield code="4">oth</subfield>
  </datafield>
  <datafield tag="700" ind1="0" ind2=" ">
    <subfield code="a">Georg</subfield>
    <subfield code="c">Hessen-Darmstadt, Landgraf, II.</subfield>
    <subfield code="e">WidmungsempfängerIn</subfield>
    <subfield code="4">dte</subfield>
  </datafield>
  <datafield tag="700" ind1="0" ind2=" ">
    <subfield code="a">Ludwig</subfield>
    <subfield code="c">Hessen-Darmstadt, Landgraf, VI.</subfield>
    <subfield code="e">WidmungsempfängerIn</subfield>
    <subfield code="4">dte</subfield>
  </datafield>
  <datafield tag="700" ind1="1" ind2=" ">
    <subfield code="a">Hampel, Joseph Dietrich</subfield>
    <subfield code="d">1608-</subfield>
    <subfield code="0">(DE-588)115649042</subfield>
    <subfield code="0">(DE-627)004207459</subfield>
    <subfield code="4">prt</subfield>
  </datafield>
  <datafield tag="710" ind1="2" ind2=" ">
    <subfield code="a">Universität Gießen</subfield>
    <subfield code="4">oth</subfield>
  </datafield>
  <datafield tag="751" ind1=" " ind2=" ">
    <subfield code="a">Gießen</subfield>
    <subfield code="4">pup</subfield>
  </datafield>
  <datafield tag="924" ind1="0" ind2=" ">
    <subfield code="a">005199948</subfield>
    <subfield code="b">DE-547</subfield>
    <subfield code="9">547</subfield>
    <subfield code="c">GBV</subfield>
    <subfield code="d">b</subfield>
    <subfield code="g">01 - Hg. 2° 00061 (03)</subfield>
    <subfield code="g">xke 01 - Hg. 2° 00061</subfield>
    <subfield code="h">SMAG</subfield>
  </datafield>
  <datafield tag="951" ind1=" " ind2=" ">
    <subfield code="a">BO</subfield>
  </datafield>
</record></zs:recordData><zs:recordPosition>3</zs:recordPosition></zs:record></zs:records><zs:echoedSearchRetrieveRequest><zs:version>2.0</zs:version><zs:query>pica.nid=115863559</zs:query><zs:startRecord>1</zs:startRecord><zs:maximumRecords>500</zs:maximumRecords><zs:recordXMLEscaping>xml</zs:recordXMLEscaping><zs:recordSchema>marcxml</zs:recordSchema></zs:echoedSearchRetrieveRequest><zs:resultCountPrecision>exact</zs:resultCountPrecision></zs:searchRetrieveResponse>
