<?xml version="1.0" encoding="UTF-8"?>
<zs:searchRetrieveResponse xmlns:zs="http://docs.oasis-open.org/ns/search-ws/sruResponse"><zs:numberOfRecords>3</zs:numberOfRecords><zs:records><zs:record><zs:recordSchema>mods</zs:recordSchema><zs:recordXMLEscaping>xml</zs:recordXMLEscaping><zs:recordData><mods xmlns:xsi="http://www.w3.org/2001/XMLSchema-instance" xmlns="http://www.loc.gov/mods/v3" version="3.6" xsi:schemaLocation="http://www.loc.gov/mods/v3 http://www.loc.gov/standards/mods/v3/mods-3-6.xsd">
  <name type="personal" usage="primary">
    <namePart>Preen, Otto von</namePart>
    <namePart type="date">1579-1634</namePart>
  </name>
  <typeOfResource/>
  <originInfo>
    <place>
      <placeTerm type="code" authority="marccountry">bbn</placeTerm>
    </place>
    <issuance/>
  </originInfo>
  <subject>
    <geographicCode authority="iso3166">XA-DE</geographicCode>
  </subject>
  <identifier type="uri">http://d-nb.info/gnd/134228359</identifier>
  <recordInfo>
    <recordCreationDate encoding="marc">080425</recordCreationDate>
    <recordChangeDate encoding="iso8601">202003151317.2</recordChangeDate>
    <recordIdentifier source="DE-627">006393616</recordIdentifier>
    <recordOrigin>Converted from MARCXML to MODS version 3.6 using MARC21slim2MODS3-6.xsl
				(Revision 1.119 2018/06/21)</recordOrigin>
  </recordInfo>
</mods></zs:recordData><zs:recordPosition>1</zs:recordPosition></zs:record><zs:record><zs:recordSchema>mods</zs:recordSchema><zs:recordXMLEscaping>xml</zs:recordXMLEscaping><zs:recordData><mods xmlns:xsi="http://www.w3.org/2001/XMLSchema-instance" xmlns="http://www.loc.gov/mods/v3" version="3.6" xsi:schemaLocation="http://www.loc.gov/mods/v3 http://www.loc.gov/standards/mods/v3/mods-3-6.xsd">
  <titleInfo>
    <title>Leichpredigt</title>
    <subTitle>Bey dem Adelichen und Ansehnlichen Begräbnüß/ Des weiland WolEdlen/ Gestrengen/ Vesten und Hochbenambten Herrn Otto Preen/ Fürstlichen Mecklenburgischen Geheimbten Rhat/ Hauptmann auff Goldberg/ zu Wehnendorff und Vittkow Erbgesessen/ Welcher den 21. Octobr. dieses 1634. Jahres/ vor Mittag/ zwischen 10. un[d] 11. Uhr/ zu Güstrow/ schnell/ doch sanfft und selig im HErrn entschlaffen/ und den 3. Decembris daselbst/ zu seinem Ruhebettlein/ in die Thumbkrichen/ ehrlich begleitet worden. Gethan</subTitle>
  </titleInfo>
  <name type="personal" usage="primary">
    <namePart>Appel, Johann</namePart>
    <namePart type="date">1590-1668</namePart>
    <role>
      <roleTerm authority="marcrelator" type="code">aut</roleTerm>
    </role>
    <nameIdentifier>(DE-588)124921450 (DE-627)004961757 (DE-576)294569650</nameIdentifier>
  </name>
  <name type="personal">
    <namePart>Preen, Otto von</namePart>
    <namePart type="date">1579-1634</namePart>
    <role>
      <roleTerm authority="marcrelator" type="code">oth</roleTerm>
    </role>
    <nameIdentifier>(DE-588)134228359 (DE-627)006393616 (DE-576)300389787</nameIdentifier>
  </name>
  <name type="corporate">
    <namePart>Johann Jäger Erben</namePart>
    <role>
      <roleTerm authority="marcrelator" type="code">prt</roleTerm>
    </role>
    <nameIdentifier>(DE-588)6147533-6 (DE-627)007397372 (DE-576)326073590</nameIdentifier>
  </name>
  <typeOfResource>text</typeOfResource>
  <genre authority="rdacontent">nicht spezifiziert</genre>
  <genre authority="local">Leichenpredigt</genre>
  <originInfo>
    <place>
      <placeTerm type="code" authority="marccountry">xx</placeTerm>
    </place>
    <dateIssued encoding="marc">1635</dateIssued>
    <issuance>monographic</issuance>
  </originInfo>
  <originInfo eventType="publication">
    <place>
      <placeTerm type="text">Güstrow</placeTerm>
    </place>
    <publisher>Jäger</publisher>
    <dateIssued>1635</dateIssued>
  </originInfo>
  <language>
    <languageTerm authority="iso639-2b" type="code">ger</languageTerm>
  </language>
  <physicalDescription>
    <form authority="marcform">print</form>
    <extent>48 S 4°</extent>
    <form type="media" authority="rdamedia">nicht spezifiziert</form>
    <form type="carrier" authority="rdacarrier">nicht spezifiziert</form>
  </physicalDescription>
  <note type="statement of responsibility" altRepGroup="00">Durch Johannem Appelium, Palatinum, Fürstl. Mecklenburgischen Hoffprediger daselbst</note>
  <note>Schlüsselseiten aus dem Exemplar der SUB Göttingen: 4 CONC FUN 195 (20)</note>
  <note>Signaturformel: A - F4</note>
  <identifier type="vd17">7:703823Q</identifier>
  <relatedItem>
    <location>
      <url displayLabel="Volltext" note="Kostenfrei">http://resolver.sub.uni-goettingen.de/purl?PPN622692100</url>
    </location>
  </relatedItem>
  <recordInfo>
    <descriptionStandard>rakwb</descriptionStandard>
    <recordContentSource authority="marcorg">DE-627</recordContentSource>
    <recordCreationDate encoding="marc">080424</recordCreationDate>
    <recordChangeDate encoding="iso8601">20200310222440.0</recordChangeDate>
    <recordIdentifier source="DE-627-4">006393284</recordIdentifier>
    <recordOrigin>Converted from MARCXML to MODS version 3.6 using MARC21slim2MODS3-6.xsl
				(Revision 1.119 2018/06/21)</recordOrigin>
    <languageOfCataloging>
      <languageTerm authority="iso639-2b" type="code">ger</languageTerm>
    </languageOfCataloging>
  </recordInfo>
</mods></zs:recordData><zs:recordPosition>2</zs:recordPosition></zs:record><zs:record><zs:recordSchema>mods</zs:recordSchema><zs:recordXMLEscaping>xml</zs:recordXMLEscaping><zs:recordData><mods xmlns:xsi="http://www.w3.org/2001/XMLSchema-instance" xmlns="http://www.loc.gov/mods/v3" version="3.6" xsi:schemaLocation="http://www.loc.gov/mods/v3 http://www.loc.gov/standards/mods/v3/mods-3-6.xsd">
  <titleInfo>
    <title>Jehovae Ira &amp; Misericordia. Das ist/ Zwo Christliche Predigten/ Darin gehandelt wird Von dem gerechten Zorn des Herrn/ wie man denselben gedultig tragen/ und von seiner Väterlichen Barmhertzigkeit/ wie man solche danckbarlich rühmen soll. Deren Eine gehalten ist den 19. Januarii Anno 1630 ... Die ander aber Anno 1631. den 1. Novembris</title>
  </titleInfo>
  <titleInfo type="alternative">
    <title>Ausschreibung Dankfestes Mecklenburg Stifts hochfeierlich Hindernissen 7. März</title>
  </titleInfo>
  <name type="personal" usage="primary">
    <namePart>Arnoldi, Samuel</namePart>
    <namePart type="date">1591-1655</namePart>
    <role>
      <roleTerm authority="marcrelator" type="code">aut</roleTerm>
    </role>
    <nameIdentifier>(DE-588)122123220 (DE-627)004561090 (DE-576)293104271</nameIdentifier>
  </name>
  <name type="personal">
    <namePart>Johann Albrecht</namePart>
    <namePart type="termsOfAddress">II. Mecklenburg-Güstrow, Herzog</namePart>
    <namePart type="date">1590-1636</namePart>
    <role>
      <roleTerm type="text">WidmungsempfängerIn</roleTerm>
    </role>
    <role>
      <roleTerm authority="marcrelator" type="code">dte</roleTerm>
    </role>
    <nameIdentifier>(DE-588)10142552X (DE-627)004102363 (DE-576)165423331</nameIdentifier>
  </name>
  <name type="personal">
    <namePart>Preen, Otto von</namePart>
    <namePart type="date">1579-1634</namePart>
    <role>
      <roleTerm type="text">WidmungsempfängerIn</roleTerm>
    </role>
    <role>
      <roleTerm authority="marcrelator" type="code">dte</roleTerm>
    </role>
    <nameIdentifier>(DE-588)134228359 (DE-627)006393616 (DE-576)300389787</nameIdentifier>
  </name>
  <name type="personal">
    <namePart>Cothmann, Johann</namePart>
    <namePart type="date">1588-1661</namePart>
    <role>
      <roleTerm type="text">WidmungsempfängerIn</roleTerm>
    </role>
    <role>
      <roleTerm authority="marcrelator" type="code">dte</roleTerm>
    </role>
    <nameIdentifier>(DE-588)132701855 (DE-627)005996724 (DE-576)29935430X</nameIdentifier>
  </name>
  <name type="personal">
    <namePart>Stephani, Lorenz</namePart>
    <namePart type="date">1588-1657</namePart>
    <role>
      <roleTerm type="text">WidmungsempfängerIn</roleTerm>
    </role>
    <role>
      <roleTerm authority="marcrelator" type="code">dte</roleTerm>
    </role>
    <nameIdentifier>(DE-588)12312476X (DE-627)004638247 (DE-576)293567018</nameIdentifier>
  </name>
  <name type="personal">
    <namePart>Cruger, Joachim</namePart>
    <role>
      <roleTerm type="text">WidmungsempfängerIn</roleTerm>
    </role>
    <role>
      <roleTerm authority="marcrelator" type="code">dte</roleTerm>
    </role>
  </name>
  <name type="personal">
    <namePart>Jäger, Johann</namePart>
    <role>
      <roleTerm authority="marcrelator" type="code">prt</roleTerm>
    </role>
    <nameIdentifier>(DE-588)1037527380 (DE-627)007455518 (DE-576)391539027</nameIdentifier>
  </name>
  <typeOfResource>text</typeOfResource>
  <genre authority="rdacontent">nicht spezifiziert</genre>
  <genre authority="local">Predigt</genre>
  <originInfo>
    <place>
      <placeTerm type="code" authority="marccountry">xx</placeTerm>
    </place>
    <dateIssued encoding="marc">1632</dateIssued>
    <issuance>monographic</issuance>
  </originInfo>
  <originInfo eventType="publication">
    <place>
      <placeTerm type="text">Güstrow</placeTerm>
    </place>
    <publisher>Jäger</publisher>
    <dateIssued>1632</dateIssued>
  </originInfo>
  <language>
    <languageTerm authority="iso639-2b" type="code">ger</languageTerm>
  </language>
  <physicalDescription>
    <form authority="marcform">print</form>
    <extent>84 S 4°</extent>
    <form type="media" authority="rdamedia">nicht spezifiziert</form>
    <form type="carrier" authority="rdacarrier">nicht spezifiziert</form>
  </physicalDescription>
  <note type="statement of responsibility" altRepGroup="00">Durch M. Samuelem Arnoldi, Predigern in der Fürstl. Thumbkirchen zu Güstrow</note>
  <note type="action">Digitalisierung geplant Digitalisierung Regional durch UB Rostock pdager</note>
  <identifier type="vd17">28:716364N</identifier>
  <relatedItem>
    <location>
      <url displayLabel="Volltext" note="Kostenfrei">http://purl.uni-rostock.de/rosdok/ppn661603741</url>
    </location>
  </relatedItem>
  <recordInfo>
    <descriptionStandard>rakwb</descriptionStandard>
    <recordContentSource authority="marcorg">DE-627</recordContentSource>
    <recordCreationDate encoding="marc">110126</recordCreationDate>
    <recordChangeDate encoding="iso8601">20200310223027.0</recordChangeDate>
    <recordIdentifier source="DE-627-4">006729525</recordIdentifier>
    <recordOrigin>Converted from MARCXML to MODS version 3.6 using MARC21slim2MODS3-6.xsl
				(Revision 1.119 2018/06/21)</recordOrigin>
    <languageOfCataloging>
      <languageTerm authority="iso639-2b" type="code">ger</languageTerm>
    </languageOfCataloging>
  </recordInfo>
</mods></zs:recordData><zs:recordPosition>3</zs:recordPosition></zs:record></zs:records><zs:echoedSearchRetrieveRequest><zs:version>2.0</zs:version><zs:query>pica.nid=134228359</zs:query><zs:startRecord>1</zs:startRecord><zs:maximumRecords>500</zs:maximumRecords><zs:recordXMLEscaping>xml</zs:recordXMLEscaping><zs:recordSchema>mods</zs:recordSchema></zs:echoedSearchRetrieveRequest><zs:resultCountPrecision>exact</zs:resultCountPrecision></zs:searchRetrieveResponse>
