<?xml version="1.0" encoding="UTF-8"?>
<zs:searchRetrieveResponse xmlns:zs="http://docs.oasis-open.org/ns/search-ws/sruResponse"><zs:numberOfRecords>3</zs:numberOfRecords><zs:records><zs:record><zs:recordSchema>marcxml</zs:recordSchema><zs:recordXMLEscaping>xml</zs:recordXMLEscaping><zs:recordData><record xmlns="http://www.loc.gov/MARC21/slim">
  <leader>     cam a22        4500</leader>
  <controlfield tag="001">005783739</controlfield>
  <controlfield tag="003">DE-627-4</controlfield>
  <controlfield tag="005">20201126161854.0</controlfield>
  <controlfield tag="007">tu</controlfield>
  <controlfield tag="008">060411s1674    xx |||||      00| ||lat c</controlfield>
  <datafield tag="024" ind1="7" ind2=" ">
    <subfield code="a">1:683623C</subfield>
    <subfield code="2">vd17</subfield>
  </datafield>
  <datafield tag="026" ind1=" " ind2=" ">
    <subfield code="e">s,m. umna s,s. esm, C 1674R</subfield>
    <subfield code="2">fei</subfield>
  </datafield>
  <datafield tag="035" ind1=" " ind2=" ">
    <subfield code="a">(DE-627-4)005783739</subfield>
  </datafield>
  <datafield tag="035" ind1=" " ind2=" ">
    <subfield code="a">(DE-599)KXP005783739</subfield>
  </datafield>
  <datafield tag="040" ind1=" " ind2=" ">
    <subfield code="a">DE-627</subfield>
    <subfield code="b">ger</subfield>
    <subfield code="c">DE-627</subfield>
    <subfield code="e">rakwb</subfield>
  </datafield>
  <datafield tag="041" ind1=" " ind2=" ">
    <subfield code="a">lat</subfield>
  </datafield>
  <datafield tag="100" ind1="1" ind2=" ">
    <subfield code="a">Mechov, Wilhelm</subfield>
    <subfield code="d">1618-1678</subfield>
    <subfield code="0">(DE-588)123881048</subfield>
    <subfield code="0">(DE-627)00408215X</subfield>
    <subfield code="4">aut</subfield>
  </datafield>
  <datafield tag="245" ind1="1" ind2="0">
    <subfield code="a">Cippus Gentilitius, Quem In Honorem Viri Magnifici, Nobilißimi, Consultißimi, Dni. Joachimi Mechovii, ICti; Serenißimi Principis Anhaltini Victoris Amadei, &amp;c. Consiliario Intimo &amp; Cancellario Optime Merito Maestus posuit Guilielmus Mechovius, In Illustr. Gymn. Lynenb. Eloqu. Histor. Poes. P.P. &amp; Equest. Scholae Inspector</subfield>
  </datafield>
  <datafield tag="264" ind1=" " ind2="1">
    <subfield code="a">Helmsteti</subfield>
    <subfield code="b">Müllerus</subfield>
    <subfield code="c">1674</subfield>
  </datafield>
  <datafield tag="300" ind1=" " ind2=" ">
    <subfield code="a">[4] Bl</subfield>
    <subfield code="c">4°</subfield>
  </datafield>
  <datafield tag="336" ind1=" " ind2=" ">
    <subfield code="a">nicht spezifiziert</subfield>
    <subfield code="b">zzz</subfield>
    <subfield code="2">rdacontent</subfield>
  </datafield>
  <datafield tag="337" ind1=" " ind2=" ">
    <subfield code="a">nicht spezifiziert</subfield>
    <subfield code="b">z</subfield>
    <subfield code="2">rdamedia</subfield>
  </datafield>
  <datafield tag="338" ind1=" " ind2=" ">
    <subfield code="a">nicht spezifiziert</subfield>
    <subfield code="b">zu</subfield>
    <subfield code="2">rdacarrier</subfield>
  </datafield>
  <datafield tag="500" ind1=" " ind2=" ">
    <subfield code="a">Schlüsselseiten aus dem Exemplar der SBB-PK Berlin: Ee 661 = S16 (Volldigitalisat)</subfield>
  </datafield>
  <datafield tag="500" ind1=" " ind2=" ">
    <subfield code="a">Vorlageform des Erscheinungsvermerks: Helmsteti, Anno MDCLXXIV. Typis Jacobi Mülleri</subfield>
  </datafield>
  <datafield tag="655" ind1=" " ind2="7">
    <subfield code="a">Gelegenheitsschrift:Tod</subfield>
    <subfield code="0">(DE-627)00657288X</subfield>
    <subfield code="2">local</subfield>
  </datafield>
  <datafield tag="700" ind1="1" ind2=" ">
    <subfield code="a">Mechov, Joachim</subfield>
    <subfield code="d">1600-1672</subfield>
    <subfield code="0">(DE-588)131545167</subfield>
    <subfield code="0">(DE-627)005783763</subfield>
    <subfield code="0">(DE-576)298576279</subfield>
    <subfield code="4">oth</subfield>
  </datafield>
  <datafield tag="700" ind1="0" ind2=" ">
    <subfield code="a">Viktor Amadeus</subfield>
    <subfield code="c">Anhalt-Bernburg, Fürst</subfield>
    <subfield code="d">1634-1718</subfield>
    <subfield code="0">(DE-588)118144677</subfield>
    <subfield code="0">(DE-627)004285980</subfield>
    <subfield code="4">oth</subfield>
  </datafield>
  <datafield tag="700" ind1="1" ind2=" ">
    <subfield code="a">Müller, Jakob</subfield>
    <subfield code="d">-1680</subfield>
    <subfield code="0">(DE-588)1037505549</subfield>
    <subfield code="0">(DE-627)007475748</subfield>
    <subfield code="4">prt</subfield>
  </datafield>
  <datafield tag="751" ind1=" " ind2=" ">
    <subfield code="a">Helmstedt</subfield>
    <subfield code="4">pup</subfield>
  </datafield>
  <datafield tag="924" ind1="0" ind2=" ">
    <subfield code="a">005499798</subfield>
    <subfield code="b">DE-1a</subfield>
    <subfield code="9">1a</subfield>
    <subfield code="c">GBV</subfield>
    <subfield code="d">b</subfield>
    <subfield code="g">114 an:@Ee 661</subfield>
    <subfield code="h">1:R</subfield>
  </datafield>
  <datafield tag="951" ind1=" " ind2=" ">
    <subfield code="a">BO</subfield>
  </datafield>
</record></zs:recordData><zs:recordPosition>1</zs:recordPosition></zs:record><zs:record><zs:recordSchema>marcxml</zs:recordSchema><zs:recordXMLEscaping>xml</zs:recordXMLEscaping><zs:recordData><record xmlns="http://www.loc.gov/MARC21/slim">
  <leader>     cam a22        4500</leader>
  <controlfield tag="001">005614597</controlfield>
  <controlfield tag="003">DE-627-4</controlfield>
  <controlfield tag="005">20210604101754.0</controlfield>
  <controlfield tag="007">tu</controlfield>
  <controlfield tag="008">050811s1671    xx |||||      00| ||lat c</controlfield>
  <datafield tag="024" ind1="7" ind2=" ">
    <subfield code="a">23:672556G</subfield>
    <subfield code="2">vd17</subfield>
  </datafield>
  <datafield tag="026" ind1=" " ind2=" ">
    <subfield code="e">o&amp;E- asI. 2.e- (c(a C 1671A</subfield>
    <subfield code="2">fei</subfield>
  </datafield>
  <datafield tag="035" ind1=" " ind2=" ">
    <subfield code="a">(DE-627-4)005614597</subfield>
  </datafield>
  <datafield tag="035" ind1=" " ind2=" ">
    <subfield code="a">(DE-599)KXP005614597</subfield>
  </datafield>
  <datafield tag="040" ind1=" " ind2=" ">
    <subfield code="a">DE-627</subfield>
    <subfield code="b">ger</subfield>
    <subfield code="c">DE-627</subfield>
    <subfield code="e">rakwb</subfield>
  </datafield>
  <datafield tag="041" ind1=" " ind2=" ">
    <subfield code="a">lat</subfield>
  </datafield>
  <datafield tag="100" ind1="1" ind2=" ">
    <subfield code="a">Cappeln, Heinrich von</subfield>
    <subfield code="0">(DE-588)124193129</subfield>
    <subfield code="0">(DE-627)00405198X</subfield>
    <subfield code="0">(DE-576)294063269</subfield>
    <subfield code="4">aut</subfield>
  </datafield>
  <datafield tag="245" ind1="1" ind2="0">
    <subfield code="a">Disputatio Iuridica De Tutelis</subfield>
    <subfield code="c">Quam ... Praeside ... Dn. Henrico a Cappeln I.U.D. ... Publice ventilandam exhibet. Carolus Augustus Sczwartzenberger. Bernb. Anhalt. Autor ad d. Iunii ...</subfield>
  </datafield>
  <datafield tag="264" ind1=" " ind2="1">
    <subfield code="a">Servestae</subfield>
    <subfield code="b">Gymnasium</subfield>
    <subfield code="c">1671</subfield>
  </datafield>
  <datafield tag="300" ind1=" " ind2=" ">
    <subfield code="a">[12] Bl</subfield>
    <subfield code="c">4°</subfield>
  </datafield>
  <datafield tag="336" ind1=" " ind2=" ">
    <subfield code="a">nicht spezifiziert</subfield>
    <subfield code="b">zzz</subfield>
    <subfield code="2">rdacontent</subfield>
  </datafield>
  <datafield tag="337" ind1=" " ind2=" ">
    <subfield code="a">nicht spezifiziert</subfield>
    <subfield code="b">z</subfield>
    <subfield code="2">rdamedia</subfield>
  </datafield>
  <datafield tag="338" ind1=" " ind2=" ">
    <subfield code="a">nicht spezifiziert</subfield>
    <subfield code="b">zu</subfield>
    <subfield code="2">rdacarrier</subfield>
  </datafield>
  <datafield tag="500" ind1=" " ind2=" ">
    <subfield code="a">Schlüsselseiten aus dem Exemplar der HAB Wolfenbüttel: Re 117 (4)</subfield>
  </datafield>
  <datafield tag="500" ind1=" " ind2=" ">
    <subfield code="a">Vorlageform des Erscheinungsvermerks: Servestae in illustri, quod ibidem est, Gymnasio 1671.</subfield>
  </datafield>
  <datafield tag="655" ind1=" " ind2="7">
    <subfield code="a">Dissertation:jur.</subfield>
    <subfield code="0">(DE-627)006573266</subfield>
    <subfield code="2">local</subfield>
  </datafield>
  <datafield tag="700" ind1="1" ind2=" ">
    <subfield code="a">Schwartzenberger, Carolus Augustus</subfield>
    <subfield code="4">aut</subfield>
  </datafield>
  <datafield tag="700" ind1="0" ind2=" ">
    <subfield code="a">Viktor Amadeus</subfield>
    <subfield code="c">Anhalt-Bernburg, Fürst</subfield>
    <subfield code="d">1634-1718</subfield>
    <subfield code="e">WidmungsempfängerIn</subfield>
    <subfield code="0">(DE-588)118144677</subfield>
    <subfield code="0">(DE-627)004285980</subfield>
    <subfield code="4">dte</subfield>
  </datafield>
  <datafield tag="751" ind1=" " ind2=" ">
    <subfield code="a">Zerbst</subfield>
    <subfield code="4">pup</subfield>
  </datafield>
  <datafield tag="856" ind1="4" ind2="1">
    <subfield code="u">http://diglib.hab.de/drucke/re-117-4s/start.htm</subfield>
    <subfield code="q">image/jpeg</subfield>
    <subfield code="t">//digitalisiert von: Herzog August Bibliothek Wolfenbüttel, Exemplar mit der Signatur:  Re 117 (4)</subfield>
    <subfield code="x">Digitalisierung</subfield>
    <subfield code="z">kostenfrei</subfield>
    <subfield code="3">Volltext</subfield>
  </datafield>
  <datafield tag="924" ind1="0" ind2=" ">
    <subfield code="a">005080983</subfield>
    <subfield code="b">DE-23</subfield>
    <subfield code="9">23</subfield>
    <subfield code="c">GBV</subfield>
    <subfield code="g">Re 117 (4)</subfield>
  </datafield>
  <datafield tag="951" ind1=" " ind2=" ">
    <subfield code="a">BO</subfield>
  </datafield>
</record></zs:recordData><zs:recordPosition>2</zs:recordPosition></zs:record><zs:record><zs:recordSchema>marcxml</zs:recordSchema><zs:recordXMLEscaping>xml</zs:recordXMLEscaping><zs:recordData><record xmlns="http://www.loc.gov/MARC21/slim">
  <leader>     cam a22        4500</leader>
  <controlfield tag="001">000979791</controlfield>
  <controlfield tag="003">DE-627-4</controlfield>
  <controlfield tag="005">20211018102723.0</controlfield>
  <controlfield tag="007">tu</controlfield>
  <controlfield tag="008">020901s1666    xx |||||      00| ||ger c</controlfield>
  <datafield tag="024" ind1="7" ind2=" ">
    <subfield code="a">1:016805T</subfield>
    <subfield code="2">vd17</subfield>
  </datafield>
  <datafield tag="026" ind1=" " ind2=" ">
    <subfield code="e">chr- ssr- h,e- Viwa 3 1666A</subfield>
    <subfield code="2">fei</subfield>
  </datafield>
  <datafield tag="035" ind1=" " ind2=" ">
    <subfield code="a">(DE-627-4)000979791</subfield>
  </datafield>
  <datafield tag="035" ind1=" " ind2=" ">
    <subfield code="a">(DE-599)KXP000979791</subfield>
  </datafield>
  <datafield tag="040" ind1=" " ind2=" ">
    <subfield code="a">DE-627</subfield>
    <subfield code="b">ger</subfield>
    <subfield code="c">DE-627</subfield>
    <subfield code="e">rakwb</subfield>
  </datafield>
  <datafield tag="041" ind1=" " ind2=" ">
    <subfield code="a">ger</subfield>
  </datafield>
  <datafield tag="245" ind1="1" ind2="6">
    <subfield code="a">Derer Durchleuchtigsten/ Hochgebornen Fürsten und Herren/ Herrn Friederichs/ Herrn Johannsens/ Herrn Lebrechts/ Herrn Johan Georgens/ Herrn Emanuels/ Herrn Victoris Amadei, Gebrüdern und Vettern Fürsten zu Anhalt/ Grafen zu Ascanien/ Herren zu Zerbst und Bernburg. Erneuerte und Verbesserte Landes und Procesz-Ordnung</subfield>
    <subfield code="b">[So geschehen den ein und zwantzigsten Novembris/ des 1665ten Jahres.]</subfield>
  </datafield>
  <datafield tag="246" ind1="3" ind2="0">
    <subfield code="a">durchlauchtigsten hochgeborenen Prozeßordnung</subfield>
  </datafield>
  <datafield tag="246" ind1="3" ind2="3">
    <subfield code="a">Erneuerte und Verbesserte Landes und Procesz-Ordnung</subfield>
  </datafield>
  <datafield tag="264" ind1=" " ind2="1">
    <subfield code="a">Cöthen</subfield>
    <subfield code="b">Röel</subfield>
    <subfield code="c">1666</subfield>
  </datafield>
  <datafield tag="300" ind1=" " ind2=" ">
    <subfield code="a">160 S., [2] Bl.</subfield>
    <subfield code="b">Ill. (Holzschn.)</subfield>
    <subfield code="c">4°</subfield>
  </datafield>
  <datafield tag="336" ind1=" " ind2=" ">
    <subfield code="a">nicht spezifiziert</subfield>
    <subfield code="b">zzz</subfield>
    <subfield code="2">rdacontent</subfield>
  </datafield>
  <datafield tag="337" ind1=" " ind2=" ">
    <subfield code="a">nicht spezifiziert</subfield>
    <subfield code="b">z</subfield>
    <subfield code="2">rdamedia</subfield>
  </datafield>
  <datafield tag="338" ind1=" " ind2=" ">
    <subfield code="a">nicht spezifiziert</subfield>
    <subfield code="b">zu</subfield>
    <subfield code="2">rdacarrier</subfield>
  </datafield>
  <datafield tag="500" ind1=" " ind2=" ">
    <subfield code="a">Schlüsselseiten aus dem Exemplar der SBB-PK Berlin: Gq 8035</subfield>
  </datafield>
  <datafield tag="500" ind1=" " ind2=" ">
    <subfield code="a">Vorlageform des Erscheinungsvermerks: Gedruckt zu Cöthen in der Fürstl. Druckerey durch Michael Röelen/ Im Jahre Christi/ 1666</subfield>
  </datafield>
  <datafield tag="655" ind1=" " ind2="7">
    <subfield code="a">Verordnung</subfield>
    <subfield code="0">(DE-627)006571840</subfield>
    <subfield code="2">local</subfield>
  </datafield>
  <datafield tag="700" ind1="0" ind2=" ">
    <subfield code="a">Friedrich</subfield>
    <subfield code="c">Anhalt-Bernburg, Fürst</subfield>
    <subfield code="d">1613-1670</subfield>
    <subfield code="0">(DE-588)102042632</subfield>
    <subfield code="0">(DE-627)004103033</subfield>
    <subfield code="0">(DE-576)172076838</subfield>
    <subfield code="4">oth</subfield>
  </datafield>
  <datafield tag="700" ind1="0" ind2=" ">
    <subfield code="a">Johann</subfield>
    <subfield code="c">Anhalt-Zerbst, Fürst</subfield>
    <subfield code="d">1621-1667</subfield>
    <subfield code="0">(DE-588)102309833</subfield>
    <subfield code="0">(DE-627)004103793</subfield>
    <subfield code="4">oth</subfield>
  </datafield>
  <datafield tag="700" ind1="0" ind2=" ">
    <subfield code="a">Lebrecht</subfield>
    <subfield code="c">Anhalt-Köthen, Fürst</subfield>
    <subfield code="d">1622-1669</subfield>
    <subfield code="0">(DE-588)118144693</subfield>
    <subfield code="0">(DE-627)004285999</subfield>
    <subfield code="4">oth</subfield>
  </datafield>
  <datafield tag="700" ind1="0" ind2=" ">
    <subfield code="a">Johann Georg</subfield>
    <subfield code="b">II.</subfield>
    <subfield code="c">Anhalt-Dessau, Fürst</subfield>
    <subfield code="d">1627-1693</subfield>
    <subfield code="0">(DE-588)102367604</subfield>
    <subfield code="0">(DE-627)004104005</subfield>
    <subfield code="0">(DE-576)21323453X</subfield>
    <subfield code="4">oth</subfield>
  </datafield>
  <datafield tag="700" ind1="0" ind2=" ">
    <subfield code="a">Emanuel</subfield>
    <subfield code="c">Anhalt-Köthen, Fürst</subfield>
    <subfield code="d">1631-1670</subfield>
    <subfield code="0">(DE-588)116491779</subfield>
    <subfield code="0">(DE-627)004241975</subfield>
    <subfield code="0">(DE-576)290587735</subfield>
    <subfield code="4">oth</subfield>
  </datafield>
  <datafield tag="700" ind1="0" ind2=" ">
    <subfield code="a">Viktor Amadeus</subfield>
    <subfield code="c">Anhalt-Bernburg, Fürst</subfield>
    <subfield code="d">1634-1718</subfield>
    <subfield code="0">(DE-588)118144677</subfield>
    <subfield code="0">(DE-627)004285980</subfield>
    <subfield code="4">oth</subfield>
  </datafield>
  <datafield tag="700" ind1="1" ind2=" ">
    <subfield code="a">Röel, Michael</subfield>
    <subfield code="0">(DE-588)1037513584</subfield>
    <subfield code="0">(DE-627)007466072</subfield>
    <subfield code="4">prt</subfield>
  </datafield>
  <datafield tag="710" ind1="2" ind2=" ">
    <subfield code="a">Anhalt, Fürstentum</subfield>
    <subfield code="4">oth</subfield>
  </datafield>
  <datafield tag="751" ind1=" " ind2=" ">
    <subfield code="a">Köthen</subfield>
    <subfield code="4">pup</subfield>
  </datafield>
  <datafield tag="856" ind1="4" ind2="1">
    <subfield code="u">http://nbn-resolving.de/urn:nbn:de:gbv:3:1-53409</subfield>
    <subfield code="t">// 2008 digitalisiert von: Universitäts- und Landesbibliothek Sachsen-Anhalt. Exemplar mit der Signatur: Pon Xb 993</subfield>
    <subfield code="x">Digitalisierung</subfield>
    <subfield code="z">kostenfrei</subfield>
    <subfield code="3">Volltext</subfield>
  </datafield>
  <datafield tag="924" ind1="0" ind2=" ">
    <subfield code="a">000383155</subfield>
    <subfield code="b">DE-1a</subfield>
    <subfield code="9">1a</subfield>
    <subfield code="c">GBV</subfield>
    <subfield code="d">b</subfield>
    <subfield code="g">Gq 8035</subfield>
    <subfield code="h">6</subfield>
  </datafield>
  <datafield tag="924" ind1="0" ind2=" ">
    <subfield code="a">005326249</subfield>
    <subfield code="b">DE-1a</subfield>
    <subfield code="9">1a</subfield>
    <subfield code="c">GBV</subfield>
    <subfield code="d">b</subfield>
    <subfield code="g">Schoepp. 293</subfield>
    <subfield code="h">1</subfield>
  </datafield>
  <datafield tag="924" ind1="0" ind2=" ">
    <subfield code="a">006599699</subfield>
    <subfield code="b">DE-7</subfield>
    <subfield code="9">7</subfield>
    <subfield code="c">GBV</subfield>
    <subfield code="g">8 J STAT VI, 5215</subfield>
    <subfield code="h">HG-MAG</subfield>
  </datafield>
  <datafield tag="924" ind1="0" ind2=" ">
    <subfield code="a">006827217</subfield>
    <subfield code="b">DE-7</subfield>
    <subfield code="9">7</subfield>
    <subfield code="c">GBV</subfield>
    <subfield code="g">8 J STAT VI, 5218 (1)</subfield>
    <subfield code="h">HG-MAG</subfield>
  </datafield>
  <datafield tag="924" ind1="0" ind2=" ">
    <subfield code="a">001687697</subfield>
    <subfield code="b">DE-23</subfield>
    <subfield code="9">23</subfield>
    <subfield code="c">GBV</subfield>
    <subfield code="g">Gm 77 (1)</subfield>
  </datafield>
  <datafield tag="924" ind1="0" ind2=" ">
    <subfield code="a">001609149</subfield>
    <subfield code="b">DE-3</subfield>
    <subfield code="9">3</subfield>
    <subfield code="c">GBV</subfield>
    <subfield code="d">c</subfield>
    <subfield code="g">AB 60481 (3)</subfield>
  </datafield>
  <datafield tag="924" ind1="0" ind2=" ">
    <subfield code="a">001609165</subfield>
    <subfield code="b">DE-3</subfield>
    <subfield code="9">3</subfield>
    <subfield code="c">GBV</subfield>
    <subfield code="d">c</subfield>
    <subfield code="g">AB 153725 (1)</subfield>
  </datafield>
  <datafield tag="924" ind1="0" ind2=" ">
    <subfield code="a">001609173</subfield>
    <subfield code="b">DE-3</subfield>
    <subfield code="9">3</subfield>
    <subfield code="c">GBV</subfield>
    <subfield code="d">c</subfield>
    <subfield code="g">AB 50 B 11/ h, 38</subfield>
  </datafield>
  <datafield tag="924" ind1="0" ind2=" ">
    <subfield code="a">00160919X</subfield>
    <subfield code="b">DE-3</subfield>
    <subfield code="9">3</subfield>
    <subfield code="c">GBV</subfield>
    <subfield code="d">c</subfield>
    <subfield code="g">AB 60021 (1)</subfield>
  </datafield>
  <datafield tag="924" ind1="0" ind2=" ">
    <subfield code="a">001609211</subfield>
    <subfield code="b">DE-3</subfield>
    <subfield code="9">3</subfield>
    <subfield code="c">GBV</subfield>
    <subfield code="d">c</subfield>
    <subfield code="g">AB 58421 (6)</subfield>
  </datafield>
  <datafield tag="924" ind1="0" ind2=" ">
    <subfield code="a">003776743</subfield>
    <subfield code="b">DE-3</subfield>
    <subfield code="9">3</subfield>
    <subfield code="c">GBV</subfield>
    <subfield code="d">c</subfield>
    <subfield code="g">Pon Xb 993</subfield>
    <subfield code="g">VD17-Digitalisat</subfield>
  </datafield>
  <datafield tag="924" ind1="0" ind2=" ">
    <subfield code="a">007542356</subfield>
    <subfield code="b">DE-15</subfield>
    <subfield code="9">15</subfield>
    <subfield code="c">BSZ</subfield>
    <subfield code="d">c</subfield>
    <subfield code="g">Jus.terr.167/2</subfield>
  </datafield>
  <datafield tag="924" ind1="0" ind2=" ">
    <subfield code="a">008232571</subfield>
    <subfield code="b">DE-B791</subfield>
    <subfield code="9">B 791</subfield>
    <subfield code="c">BSZ</subfield>
    <subfield code="d">c</subfield>
    <subfield code="g">8+KA 177</subfield>
  </datafield>
  <datafield tag="924" ind1="0" ind2=" ">
    <subfield code="a">008232954</subfield>
    <subfield code="b">DE-B791</subfield>
    <subfield code="9">B 791</subfield>
    <subfield code="c">BSZ</subfield>
    <subfield code="d">c</subfield>
    <subfield code="g">8+KA 178</subfield>
  </datafield>
  <datafield tag="924" ind1="0" ind2=" ">
    <subfield code="a">008420912</subfield>
    <subfield code="b">DE-B791</subfield>
    <subfield code="9">B 791</subfield>
    <subfield code="c">BSZ</subfield>
    <subfield code="d">c</subfield>
    <subfield code="g">8+KA 179</subfield>
  </datafield>
  <datafield tag="951" ind1=" " ind2=" ">
    <subfield code="a">BO</subfield>
  </datafield>
</record></zs:recordData><zs:recordPosition>3</zs:recordPosition></zs:record></zs:records><zs:echoedSearchRetrieveRequest><zs:version>2.0</zs:version><zs:query>pica.nid=118144677</zs:query><zs:startRecord>1</zs:startRecord><zs:maximumRecords>500</zs:maximumRecords><zs:recordXMLEscaping>xml</zs:recordXMLEscaping><zs:recordSchema>marcxml</zs:recordSchema></zs:echoedSearchRetrieveRequest><zs:resultCountPrecision>exact</zs:resultCountPrecision></zs:searchRetrieveResponse>
