<?xml version="1.0" encoding="UTF-8"?>
<zs:searchRetrieveResponse xmlns:zs="http://docs.oasis-open.org/ns/search-ws/sruResponse"><zs:numberOfRecords>3</zs:numberOfRecords><zs:records><zs:record><zs:recordSchema>mods</zs:recordSchema><zs:recordXMLEscaping>xml</zs:recordXMLEscaping><zs:recordData><mods xmlns:xsi="http://www.w3.org/2001/XMLSchema-instance" xmlns="http://www.loc.gov/mods/v3" version="3.6" xsi:schemaLocation="http://www.loc.gov/mods/v3 http://www.loc.gov/standards/mods/v3/mods-3-6.xsd">
  <name type="personal" usage="primary">
    <namePart>Johann Ludwig</namePart>
    <namePart type="termsOfAddress">I. Anhalt-Zerbst, Fürst</namePart>
    <namePart type="date">1656-1704</namePart>
  </name>
  <typeOfResource/>
  <originInfo>
    <place>
      <placeTerm type="code" authority="marccountry">bbn</placeTerm>
    </place>
    <issuance/>
  </originInfo>
  <note xmlns:xlink="http://www.w3.org/1999/xlink" xlink:href="(DE-588)102309833">Johann</note>
  <note xmlns:xlink="http://www.w3.org/1999/xlink" xlink:href="(DE-588)136292984">Johann Ludwig</note>
  <note xmlns:xlink="http://www.w3.org/1999/xlink" xlink:href="(DE-588)4000464-8">(DE-627)006929958 (DE-588)4000464-8 Adel berc r Charakteristischer Beruf</note>
  <note xmlns:xlink="http://www.w3.org/1999/xlink" xlink:href="(DE-588)4155603-3">(DE-627)006930107 (DE-588)4155603-3 Fürst adel r Adelstitel</note>
  <identifier type="uri">http://d-nb.info/gnd/102367639</identifier>
  <recordInfo>
    <recordCreationDate encoding="marc">030919</recordCreationDate>
    <recordChangeDate encoding="iso8601">202003151301.2</recordChangeDate>
    <recordIdentifier source="DE-627">004963741</recordIdentifier>
    <recordOrigin>Converted from MARCXML to MODS version 3.6 using MARC21slim2MODS3-6.xsl
				(Revision 1.119 2018/06/21)</recordOrigin>
  </recordInfo>
</mods></zs:recordData><zs:recordPosition>1</zs:recordPosition></zs:record><zs:record><zs:recordSchema>mods</zs:recordSchema><zs:recordXMLEscaping>xml</zs:recordXMLEscaping><zs:recordData><mods xmlns:xsi="http://www.w3.org/2001/XMLSchema-instance" xmlns="http://www.loc.gov/mods/v3" version="3.6" xsi:schemaLocation="http://www.loc.gov/mods/v3 http://www.loc.gov/standards/mods/v3/mods-3-6.xsd">
  <titleInfo>
    <title>Memoriae Aeternae Dominae Celsissimae Dnae. Christianae Eleonorae, Serenissimi Principis ac Domini Dni. Johannis Ludovici, Principis Anhaltini, Ducis Saxoniae, Engariae Et Westphaliae, Comitis Ascaniae, Domini In Zerbst, Bernburg ... Dominae Suae Gratiosissimae</title>
  </titleInfo>
  <name type="personal" usage="primary">
    <namePart>Cortrejus, Ernst Ludwig</namePart>
    <role>
      <roleTerm authority="marcrelator" type="code">aut</roleTerm>
    </role>
    <nameIdentifier>(DE-588)102234450 (DE-627)00410367X (DE-576)288734653</nameIdentifier>
  </name>
  <name type="personal">
    <namePart>Christiane Eleonore</namePart>
    <namePart type="termsOfAddress">Anhalt-Zerbst, Fürstin</namePart>
    <namePart type="date">1666-1699</namePart>
    <role>
      <roleTerm authority="marcrelator" type="code">oth</roleTerm>
    </role>
    <nameIdentifier>(DE-588)120438704 (DE-627)004376463 (DE-576)292218222</nameIdentifier>
  </name>
  <name type="personal">
    <namePart>Johann Ludwig</namePart>
    <namePart type="termsOfAddress">I. Anhalt-Zerbst, Fürst</namePart>
    <namePart type="date">1656-1704</namePart>
    <role>
      <roleTerm authority="marcrelator" type="code">oth</roleTerm>
    </role>
    <nameIdentifier>(DE-588)102367639 (DE-627)004963741 (DE-576)288737741</nameIdentifier>
  </name>
  <name type="personal">
    <namePart>Betzel, Johann Ernst</namePart>
    <role>
      <roleTerm authority="marcrelator" type="code">prt</roleTerm>
    </role>
    <nameIdentifier>(DE-588)1037525620 (DE-627)007479093 (DE-576)391540785</nameIdentifier>
  </name>
  <typeOfResource>text</typeOfResource>
  <genre authority="rdacontent">nicht spezifiziert</genre>
  <genre authority="local">Lyrik</genre>
  <genre authority="local">Gelegenheitsschrift:Tod</genre>
  <originInfo>
    <place>
      <placeTerm type="code" authority="marccountry">xx</placeTerm>
    </place>
    <dateIssued encoding="marc">1699</dateIssued>
    <issuance>monographic</issuance>
  </originInfo>
  <originInfo eventType="publication">
    <place>
      <placeTerm type="text">Servestae</placeTerm>
    </place>
    <publisher>Bezelius</publisher>
    <dateIssued>1699</dateIssued>
  </originInfo>
  <language>
    <languageTerm authority="iso639-2b" type="code">lat</languageTerm>
  </language>
  <physicalDescription>
    <form authority="marcform">print</form>
    <extent>[5] Bl 2°</extent>
    <form type="media" authority="rdamedia">nicht spezifiziert</form>
    <form type="carrier" authority="rdacarrier">nicht spezifiziert</form>
  </physicalDescription>
  <note type="statement of responsibility" altRepGroup="00">Hoc Qualecunq[ue] Devotissimae Recordationis Monumentum Lugens Suspendit Ernestus Ludovicus Cortreius ...</note>
  <note>Schlüsselseiten aus dem Exemplar der SBB-PK Berlin: Ee 700-81 : 4°</note>
  <note>Signaturformel: A3, [2]</note>
  <note>Enth. außerdem: Monumenti Ex Marmore Inscriptio</note>
  <identifier type="vd17">1:023169Q</identifier>
  <relatedItem>
    <location>
      <url displayLabel="Volltext" note="Kostenfrei">http://resolver.staatsbibliothek-berlin.de/SBB00005BF500000000</url>
    </location>
  </relatedItem>
  <recordInfo>
    <descriptionStandard>rakwb</descriptionStandard>
    <recordContentSource authority="marcorg">DE-627</recordContentSource>
    <recordCreationDate encoding="marc">020901</recordCreationDate>
    <recordChangeDate encoding="iso8601">20200310210854.0</recordChangeDate>
    <recordIdentifier source="DE-627-4">000561789</recordIdentifier>
    <recordOrigin>Converted from MARCXML to MODS version 3.6 using MARC21slim2MODS3-6.xsl
				(Revision 1.119 2018/06/21)</recordOrigin>
    <languageOfCataloging>
      <languageTerm authority="iso639-2b" type="code">ger</languageTerm>
    </languageOfCataloging>
  </recordInfo>
</mods></zs:recordData><zs:recordPosition>2</zs:recordPosition></zs:record><zs:record><zs:recordSchema>mods</zs:recordSchema><zs:recordXMLEscaping>xml</zs:recordXMLEscaping><zs:recordData><mods xmlns:xsi="http://www.w3.org/2001/XMLSchema-instance" xmlns="http://www.loc.gov/mods/v3" version="3.6" xsi:schemaLocation="http://www.loc.gov/mods/v3 http://www.loc.gov/standards/mods/v3/mods-3-6.xsd">
  <titleInfo>
    <title>Erneuerte Cantzley- und Consistorial-Ordnung Des Durchlauchtigsten Fürsten und Herrn/ Herrn Carl Wilhelms/ Vor sich und im Nahmen seiner Herren Gebrüder/ ... Herrn Anthon Günthers/ Herrn Johan[n] Adolphs/ und Herrn Johan[n] Ludwigs/ Allerseits Fürsten zu Anhalt/ ... Darnach man sich in Dero Cantzley und Consistorio zu Zerbst zu achten</title>
    <subTitle>[... so geschehen Zerbst den 1. Martii, Anno 1687.]</subTitle>
  </titleInfo>
  <titleInfo type="alternative">
    <title>Kanzlei- Konsistorialordnung</title>
  </titleInfo>
  <name type="personal">
    <namePart>Karl Wilhelm</namePart>
    <namePart type="termsOfAddress">Anhalt-Zerbst, Fürst</namePart>
    <namePart type="date">1652-1718</namePart>
    <role>
      <roleTerm authority="marcrelator" type="code">oth</roleTerm>
    </role>
    <nameIdentifier>(DE-588)10204337X (DE-627)004755162 (DE-576)176138994</nameIdentifier>
  </name>
  <name type="personal">
    <namePart>Anton Günther</namePart>
    <namePart type="termsOfAddress">Anhalt-Zerbst, Prinz</namePart>
    <namePart type="date">1653-1714</namePart>
    <role>
      <roleTerm authority="marcrelator" type="code">oth</roleTerm>
    </role>
    <nameIdentifier>(DE-588)102310033 (DE-627)004963725 (DE-576)288736249</nameIdentifier>
  </name>
  <name type="personal">
    <namePart>Johann Adolf</namePart>
    <namePart type="termsOfAddress">Anhalt-Zerbst, Prinz</namePart>
    <namePart type="date">1654-1726</namePart>
    <role>
      <roleTerm authority="marcrelator" type="code">oth</roleTerm>
    </role>
    <nameIdentifier>(DE-588)102356661 (DE-627)004963733 (DE-576)288737458</nameIdentifier>
  </name>
  <name type="personal">
    <namePart>Johann Ludwig</namePart>
    <namePart type="termsOfAddress">I. Anhalt-Zerbst, Fürst</namePart>
    <namePart type="date">1656-1704</namePart>
    <role>
      <roleTerm authority="marcrelator" type="code">oth</roleTerm>
    </role>
    <nameIdentifier>(DE-588)102367639 (DE-627)004963741 (DE-576)288737741</nameIdentifier>
  </name>
  <name type="personal">
    <namePart>Palm, Joachim</namePart>
    <namePart type="termsOfAddress">II</namePart>
    <role>
      <roleTerm authority="marcrelator" type="code">prt</roleTerm>
    </role>
    <nameIdentifier>(DE-588)1037519280 (DE-627)007479689 (DE-576)391547089</nameIdentifier>
  </name>
  <name type="corporate">
    <namePart>Anhalt, Fürstentum</namePart>
    <role>
      <roleTerm authority="marcrelator" type="code">oth</roleTerm>
    </role>
  </name>
  <typeOfResource>text</typeOfResource>
  <genre authority="rdacontent">nicht spezifiziert</genre>
  <genre authority="local">Verordnung</genre>
  <genre authority="local">Amtsdruckschrift</genre>
  <originInfo>
    <place>
      <placeTerm type="code" authority="marccountry">xx</placeTerm>
    </place>
    <dateIssued encoding="marc">1687</dateIssued>
    <issuance>monographic</issuance>
  </originInfo>
  <originInfo eventType="publication">
    <place>
      <placeTerm type="text">Zerbst</placeTerm>
    </place>
    <publisher>Palm</publisher>
    <dateIssued>1681 [erschienen] 1687</dateIssued>
  </originInfo>
  <language>
    <languageTerm authority="iso639-2b" type="code">ger</languageTerm>
  </language>
  <physicalDescription>
    <form authority="marcform">print</form>
    <extent>56 S. 4°</extent>
    <form type="media" authority="rdamedia">nicht spezifiziert</form>
    <form type="carrier" authority="rdacarrier">nicht spezifiziert</form>
  </physicalDescription>
  <note>Schlüsselseiten aus dem Exemplar der ULB Halle: AB 60021 (2)</note>
  <note>Vorlageform des Erscheinungsvermerks: Zerbst, Gedruckt bey Joach. Palmen, F. A. Hoff-Buchdr: An. 1681.</note>
  <identifier type="vd17">3:309544M</identifier>
  <relatedItem>
    <location>
      <url displayLabel="Volltext" note="Kostenfrei">http://nbn-resolving.de/urn:nbn:de:gbv:3:1-47486</url>
    </location>
  </relatedItem>
  <recordInfo>
    <descriptionStandard>rakwb</descriptionStandard>
    <recordContentSource authority="marcorg">DE-627</recordContentSource>
    <recordCreationDate encoding="marc">020901</recordCreationDate>
    <recordChangeDate encoding="iso8601">20200506092950.0</recordChangeDate>
    <recordIdentifier source="DE-627-4">000453560</recordIdentifier>
    <recordOrigin>Converted from MARCXML to MODS version 3.6 using MARC21slim2MODS3-6.xsl
				(Revision 1.119 2018/06/21)</recordOrigin>
    <languageOfCataloging>
      <languageTerm authority="iso639-2b" type="code">ger</languageTerm>
    </languageOfCataloging>
  </recordInfo>
</mods></zs:recordData><zs:recordPosition>3</zs:recordPosition></zs:record></zs:records><zs:echoedSearchRetrieveRequest><zs:version>2.0</zs:version><zs:query>pica.nid=102367639</zs:query><zs:startRecord>1</zs:startRecord><zs:maximumRecords>500</zs:maximumRecords><zs:recordXMLEscaping>xml</zs:recordXMLEscaping><zs:recordSchema>mods</zs:recordSchema></zs:echoedSearchRetrieveRequest><zs:resultCountPrecision>exact</zs:resultCountPrecision></zs:searchRetrieveResponse>
