<?xml version="1.0" encoding="UTF-8"?>
<zs:searchRetrieveResponse xmlns:zs="http://docs.oasis-open.org/ns/search-ws/sruResponse"><zs:numberOfRecords>10</zs:numberOfRecords><zs:records><zs:record><zs:recordSchema>mods</zs:recordSchema><zs:recordXMLEscaping>xml</zs:recordXMLEscaping><zs:recordData><mods xmlns:xsi="http://www.w3.org/2001/XMLSchema-instance" xmlns="http://www.loc.gov/mods/v3" version="3.6" xsi:schemaLocation="http://www.loc.gov/mods/v3 http://www.loc.gov/standards/mods/v3/mods-3-6.xsd">
  <name type="personal" usage="primary">
    <namePart>Werthern, Dietrich von</namePart>
    <namePart type="date">1613-1658</namePart>
  </name>
  <typeOfResource/>
  <originInfo>
    <place>
      <placeTerm type="code" authority="marccountry">bbn</placeTerm>
    </place>
    <issuance/>
  </originInfo>
  <note xmlns:xlink="http://www.w3.org/1999/xlink" xlink:href="(DE-588)1063314534">Werthern, Christoph von</note>
  <note xmlns:xlink="http://www.w3.org/1999/xlink" xlink:href="(DE-588)120823497">Werthern, Wolfgang von</note>
  <note xmlns:xlink="http://www.w3.org/1999/xlink" xlink:href="(DE-588)4489416-8">(DE-627)006953700 (DE-588)4489416-8 Finanzbeamter beru r Beruf</note>
  <note xmlns:xlink="http://www.w3.org/1999/xlink" xlink:href="(DE-588)4000464-8">(DE-627)006929958 (DE-588)4000464-8 Adel obin r Oberbegriff instantiell</note>
  <subject>
    <geographicCode authority="iso3166">XA-DE</geographicCode>
  </subject>
  <identifier type="uri">http://d-nb.info/gnd/120216744</identifier>
  <recordInfo>
    <recordCreationDate encoding="marc">020621</recordCreationDate>
    <recordChangeDate encoding="iso8601">202003151246.1</recordChangeDate>
    <recordIdentifier source="DE-627">004353919</recordIdentifier>
    <recordOrigin>Converted from MARCXML to MODS version 3.6 using MARC21slim2MODS3-6.xsl
				(Revision 1.119 2018/06/21)</recordOrigin>
  </recordInfo>
</mods></zs:recordData><zs:recordPosition>1</zs:recordPosition></zs:record><zs:record><zs:recordSchema>mods</zs:recordSchema><zs:recordXMLEscaping>xml</zs:recordXMLEscaping><zs:recordData><mods xmlns:xsi="http://www.w3.org/2001/XMLSchema-instance" xmlns="http://www.loc.gov/mods/v3" version="3.6" xsi:schemaLocation="http://www.loc.gov/mods/v3 http://www.loc.gov/standards/mods/v3/mods-3-6.xsd">
  <titleInfo>
    <title>Frommer Sterbender Christen Edelster HertzWundsch</title>
    <subTitle>Bey dem zu Frohndorff angestelleten Leichbegängniß Des ... Herrn Dieterichs von Werthern ... Christmildesten Andenckens In Volckreicher Versammlung ... am 22. Nov. des jüngst abgewichenen 1658. Jahrs/ an welchem Tage zu Dreßden des HochAdel. Leichbegängnüß Solenniter gehalten worden. Aus dem schönen geistreichen Lobgesange Simeonis Luc. 2. Eröffnet und erkläret</subTitle>
  </titleInfo>
  <titleInfo type="alternative">
    <title>Herz-Wunsch Leichbegängnis Andenkens volkreicher Dresden</title>
  </titleInfo>
  <name type="personal" usage="primary">
    <namePart>Berger, Johann</namePart>
    <namePart type="date">-1688</namePart>
    <role>
      <roleTerm authority="marcrelator" type="code">aut</roleTerm>
    </role>
    <nameIdentifier>(DE-588)104286725 (DE-627)004160894 (DE-576)289027632</nameIdentifier>
  </name>
  <name type="personal">
    <namePart>Werthern, Dietrich von</namePart>
    <namePart type="date">1613-1658</namePart>
    <role>
      <roleTerm authority="marcrelator" type="code">oth</roleTerm>
    </role>
    <nameIdentifier>(DE-588)120216744 (DE-627)004353919 (DE-576)170576450</nameIdentifier>
  </name>
  <name type="personal">
    <namePart>M. F.</namePart>
    <role>
      <roleTerm type="text">BeiträgerIn</roleTerm>
    </role>
    <role>
      <roleTerm authority="marcrelator" type="code">ctb</roleTerm>
    </role>
  </name>
  <name type="personal">
    <namePart>Kiliani, Martin</namePart>
    <role>
      <roleTerm type="text">BeiträgerIn</roleTerm>
    </role>
    <role>
      <roleTerm authority="marcrelator" type="code">ctb</roleTerm>
    </role>
  </name>
  <name type="personal">
    <namePart>Schwemler, Casparus</namePart>
    <role>
      <roleTerm type="text">BeiträgerIn</roleTerm>
    </role>
    <role>
      <roleTerm authority="marcrelator" type="code">ctb</roleTerm>
    </role>
  </name>
  <name type="personal">
    <namePart>Sidelius, Johannes</namePart>
    <role>
      <roleTerm type="text">BeiträgerIn</roleTerm>
    </role>
    <role>
      <roleTerm authority="marcrelator" type="code">ctb</roleTerm>
    </role>
  </name>
  <name type="personal">
    <namePart>Rhodius, Johannes</namePart>
    <role>
      <roleTerm type="text">BeiträgerIn</roleTerm>
    </role>
    <role>
      <roleTerm authority="marcrelator" type="code">ctb</roleTerm>
    </role>
  </name>
  <name type="personal">
    <namePart>C. S.</namePart>
    <role>
      <roleTerm type="text">BeiträgerIn</roleTerm>
    </role>
    <role>
      <roleTerm authority="marcrelator" type="code">ctb</roleTerm>
    </role>
  </name>
  <name type="personal">
    <namePart>Goldhorn, Andreas</namePart>
    <role>
      <roleTerm type="text">BeiträgerIn</roleTerm>
    </role>
    <role>
      <roleTerm authority="marcrelator" type="code">ctb</roleTerm>
    </role>
  </name>
  <name type="personal">
    <namePart>Michael, Paul</namePart>
    <namePart type="date">-1669</namePart>
    <role>
      <roleTerm authority="marcrelator" type="code">prt</roleTerm>
    </role>
    <nameIdentifier>(DE-588)1037520777 (DE-627)007473230 (DE-576)391545590</nameIdentifier>
  </name>
  <typeOfResource>text</typeOfResource>
  <genre authority="rdacontent">nicht spezifiziert</genre>
  <genre authority="local">Leichenpredigt</genre>
  <originInfo>
    <place>
      <placeTerm type="code" authority="marccountry">xx</placeTerm>
    </place>
    <dateIssued encoding="marc">1659</dateIssued>
    <issuance>monographic</issuance>
  </originInfo>
  <originInfo eventType="publication">
    <place>
      <placeTerm type="text">Erffurdt</placeTerm>
    </place>
    <publisher>Michael</publisher>
    <dateIssued>1659</dateIssued>
  </originInfo>
  <language>
    <languageTerm authority="iso639-2b" type="code">ger</languageTerm>
  </language>
  <physicalDescription>
    <form authority="marcform">print</form>
    <extent>[36] Bl 4°</extent>
    <form type="media" authority="rdamedia">nicht spezifiziert</form>
    <form type="carrier" authority="rdacarrier">nicht spezifiziert</form>
  </physicalDescription>
  <note type="statement of responsibility" altRepGroup="00">von M. Johanne Bergern Pfarrherrn zu Frohndorff</note>
  <note>Schlüsselseiten aus dem Exemplar der HAB Wolfenbüttel: Lpr. Stolb. 22967a</note>
  <note>Enth. außerdem: Waare Demuth Des weyland HochEdelgebohrnen/ Herrn/ Herrn Dieterichs von Werthern ... Hochseeligen Andeckens ... / Von Volcmar Happen/ Amptmann daselbst</note>
  <note>Enth. außerdem: Lessus in obitu praematuro Viri Generosissimi ... Dn. Dieterici a Werthern ...</note>
  <identifier type="vd17">23:696449S</identifier>
  <recordInfo>
    <descriptionStandard>rakwb</descriptionStandard>
    <recordContentSource authority="marcorg">DE-627</recordContentSource>
    <recordCreationDate encoding="marc">070516</recordCreationDate>
    <recordChangeDate encoding="iso8601">20200224224416.0</recordChangeDate>
    <recordIdentifier source="DE-627-4">006024521</recordIdentifier>
    <recordOrigin>Converted from MARCXML to MODS version 3.6 using MARC21slim2MODS3-6.xsl
				(Revision 1.119 2018/06/21)</recordOrigin>
    <languageOfCataloging>
      <languageTerm authority="iso639-2b" type="code">ger</languageTerm>
    </languageOfCataloging>
  </recordInfo>
</mods></zs:recordData><zs:recordPosition>2</zs:recordPosition></zs:record><zs:record><zs:recordSchema>mods</zs:recordSchema><zs:recordXMLEscaping>xml</zs:recordXMLEscaping><zs:recordData><mods xmlns:xsi="http://www.w3.org/2001/XMLSchema-instance" xmlns="http://www.loc.gov/mods/v3" version="3.6" xsi:schemaLocation="http://www.loc.gov/mods/v3 http://www.loc.gov/standards/mods/v3/mods-3-6.xsd">
  <titleInfo>
    <title>Pyramis Perennitatis ... Dieterico Werthero, Dynastae in Beichlingen ... Votum prae se ferens hieroglyphicum, Utinam. Viveret. Brutus. in Incluta Philurea, Sermone Panegyrico dicta, decretaq[ue] publice</title>
  </titleInfo>
  <name type="personal" usage="primary">
    <namePart>Besser, Johann Friedrich</namePart>
    <role>
      <roleTerm authority="marcrelator" type="code">aut</roleTerm>
    </role>
    <nameIdentifier>(DE-588)129311820 (DE-627)005327520 (DE-576)297591819</nameIdentifier>
  </name>
  <name type="personal">
    <namePart>Werthern, Dietrich von</namePart>
    <namePart type="date">1613-1658</namePart>
    <role>
      <roleTerm authority="marcrelator" type="code">oth</roleTerm>
    </role>
    <nameIdentifier>(DE-588)120216744 (DE-627)004353919 (DE-576)170576450</nameIdentifier>
  </name>
  <name type="personal">
    <namePart>Köhler, Henning</namePart>
    <namePart type="termsOfAddress">Witwe</namePart>
    <role>
      <roleTerm authority="marcrelator" type="code">prt</roleTerm>
    </role>
    <nameIdentifier>(DE-588)1037533178 (DE-627)007460139</nameIdentifier>
  </name>
  <name type="corporate">
    <namePart>Universität Leipzig</namePart>
    <role>
      <roleTerm authority="marcrelator" type="code">oth</roleTerm>
    </role>
  </name>
  <typeOfResource>text</typeOfResource>
  <genre authority="rdacontent">nicht spezifiziert</genre>
  <genre authority="local">Gelegenheitsschrift:Tod</genre>
  <originInfo>
    <place>
      <placeTerm type="code" authority="marccountry">xx</placeTerm>
    </place>
    <dateIssued encoding="marc">1659</dateIssued>
    <issuance>monographic</issuance>
  </originInfo>
  <originInfo eventType="publication">
    <place>
      <placeTerm type="text">Lipsiae</placeTerm>
    </place>
    <publisher>Literis Colerianis</publisher>
    <dateIssued>1659</dateIssued>
  </originInfo>
  <language>
    <languageTerm authority="iso639-2b" type="code">lat</languageTerm>
  </language>
  <physicalDescription>
    <form authority="marcform">print</form>
    <extent>[17] Bl 2°</extent>
    <form type="media" authority="rdamedia">nicht spezifiziert</form>
    <form type="carrier" authority="rdacarrier">nicht spezifiziert</form>
  </physicalDescription>
  <note type="statement of responsibility" altRepGroup="00">a Johanne Friderico Bessero. propridie Calend. April. Anno MDCLIX.</note>
  <note>Schlüsselseiten aus dem Exemplar der SLUB Dresden: Hist.Sax.D.340,34</note>
  <note>Enth. außerdem: Decanus Communitatis Philosophicae In Academia Lipsiensi</note>
  <identifier type="vd17">14:014010K</identifier>
  <relatedItem>
    <location>
      <url displayLabel="Volltext" note="Kostenfrei">http://digital.slub-dresden.de/id333747399</url>
    </location>
  </relatedItem>
  <recordInfo>
    <descriptionStandard>rakwb</descriptionStandard>
    <recordContentSource authority="marcorg">DE-627</recordContentSource>
    <recordCreationDate encoding="marc">020901</recordCreationDate>
    <recordChangeDate encoding="iso8601">20200310214932.0</recordChangeDate>
    <recordIdentifier source="DE-627-4">001462539</recordIdentifier>
    <recordOrigin>Converted from MARCXML to MODS version 3.6 using MARC21slim2MODS3-6.xsl
				(Revision 1.119 2018/06/21)</recordOrigin>
    <languageOfCataloging>
      <languageTerm authority="iso639-2b" type="code">ger</languageTerm>
    </languageOfCataloging>
  </recordInfo>
</mods></zs:recordData><zs:recordPosition>3</zs:recordPosition></zs:record><zs:record><zs:recordSchema>mods</zs:recordSchema><zs:recordXMLEscaping>xml</zs:recordXMLEscaping><zs:recordData><mods xmlns:xsi="http://www.w3.org/2001/XMLSchema-instance" xmlns="http://www.loc.gov/mods/v3" version="3.6" xsi:schemaLocation="http://www.loc.gov/mods/v3 http://www.loc.gov/standards/mods/v3/mods-3-6.xsd">
  <titleInfo>
    <title>Werthe Werther Gottes/ Das ist/ Der wertheste Lohn derer/ so in Christo werth seyn</title>
    <subTitle>aus dem 2. Cap. Lucae v. 29. 30. 31. 32. ausgeführet/ Bey ... Leichen-Deduction, Deß ... Dietrichs von Werthern/ uff denen Graff- und Herrschafften Beichlingen/ Frohndorff ... Röm. Käyserl. Majest. ... Erb-Cammer-Thürhüters/ und Chur-Fürstl. Durchl. zu Sachsen/ Geheimbten Raths ... Als Nachdem Er dem 17. October ... in Dreßden entschlaffen/ sein abgeseeleter Leib in die Sophien-Kirchen hernach dem 22. Nov. 1658. biß zu Abführung zu seiner Hoch-Adel. Begräbnüß versetzet ward/ In beyseyn Chur-Fürstlicher Durchlauchtigkeit zu Sachsen/ Dero hohen Herren Geheimen- und andern Herren Räthen/ hohen Officirern, und grosser Menge Volcks</subTitle>
  </titleInfo>
  <titleInfo type="alternative">
    <title>Werte werteste wert Lukas Graf Herrschaften Erb-Kammer-Türhüters Rats Dresden Begräbnis</title>
  </titleInfo>
  <name type="personal" usage="primary">
    <namePart>Weller, Jacob</namePart>
    <namePart type="date">1602-1664</namePart>
    <role>
      <roleTerm authority="marcrelator" type="code">aut</roleTerm>
    </role>
    <nameIdentifier>(DE-588)117571687 (DE-627)004070666 (DE-576)166433675</nameIdentifier>
  </name>
  <name type="personal">
    <namePart>Werthern, Dietrich von</namePart>
    <namePart type="date">1613-1658</namePart>
    <role>
      <roleTerm authority="marcrelator" type="code">oth</roleTerm>
    </role>
    <nameIdentifier>(DE-588)120216744 (DE-627)004353919 (DE-576)170576450</nameIdentifier>
  </name>
  <name type="personal">
    <namePart>Werthern, Gottlob von</namePart>
    <role>
      <roleTerm type="text">BeiträgerIn</roleTerm>
    </role>
    <role>
      <roleTerm authority="marcrelator" type="code">ctb</roleTerm>
    </role>
  </name>
  <name type="personal">
    <namePart>Selmnitz, Friedemann von</namePart>
    <role>
      <roleTerm type="text">BeiträgerIn</roleTerm>
    </role>
    <role>
      <roleTerm authority="marcrelator" type="code">ctb</roleTerm>
    </role>
  </name>
  <name type="personal">
    <namePart>Nostitz, Caspar Christoph von</namePart>
    <role>
      <roleTerm type="text">BeiträgerIn</roleTerm>
    </role>
    <role>
      <roleTerm authority="marcrelator" type="code">ctb</roleTerm>
    </role>
  </name>
  <name type="personal">
    <namePart>Lederer, Christian</namePart>
    <role>
      <roleTerm type="text">BeiträgerIn</roleTerm>
    </role>
    <role>
      <roleTerm authority="marcrelator" type="code">ctb</roleTerm>
    </role>
  </name>
  <name type="personal">
    <namePart>Bernhardi, Christoph</namePart>
    <role>
      <roleTerm type="text">BeiträgerIn</roleTerm>
    </role>
    <role>
      <roleTerm authority="marcrelator" type="code">ctb</roleTerm>
    </role>
  </name>
  <name type="personal">
    <namePart>Dedekind, Constantin Christian</namePart>
    <role>
      <roleTerm type="text">BeiträgerIn</roleTerm>
    </role>
    <role>
      <roleTerm authority="marcrelator" type="code">ctb</roleTerm>
    </role>
  </name>
  <name type="personal">
    <namePart>Hänichen, Georg Daniel</namePart>
    <role>
      <roleTerm type="text">BeiträgerIn</roleTerm>
    </role>
    <role>
      <roleTerm authority="marcrelator" type="code">ctb</roleTerm>
    </role>
  </name>
  <name type="personal">
    <namePart>Bergen, Christian</namePart>
    <namePart type="date">-1678</namePart>
    <role>
      <roleTerm authority="marcrelator" type="code">prt</roleTerm>
    </role>
    <nameIdentifier>(DE-588)132294818 (DE-627)005919827 (DE-576)299057267</nameIdentifier>
  </name>
  <name type="personal">
    <namePart>Bergen, Melchior</namePart>
    <role>
      <roleTerm authority="marcrelator" type="code">prt</roleTerm>
    </role>
    <nameIdentifier>(DE-588)1037511379 (DE-627)007477015 (DE-576)391554980</nameIdentifier>
  </name>
  <typeOfResource>text</typeOfResource>
  <genre authority="rdacontent">nicht spezifiziert</genre>
  <genre authority="local">Leichenpredigt</genre>
  <originInfo>
    <place>
      <placeTerm type="code" authority="marccountry">xx</placeTerm>
    </place>
    <dateIssued encoding="marc">1659</dateIssued>
    <issuance>monographic</issuance>
  </originInfo>
  <originInfo eventType="publication">
    <place>
      <placeTerm type="text">Dreßden</placeTerm>
    </place>
    <publisher>Bergen</publisher>
    <dateIssued>1659</dateIssued>
  </originInfo>
  <language>
    <languageTerm authority="iso639-2b" type="code">ger</languageTerm>
  </language>
  <physicalDescription>
    <form authority="marcform">print</form>
    <extent>[54] Bl 4°</extent>
    <form type="media" authority="rdamedia">nicht spezifiziert</form>
    <form type="carrier" authority="rdacarrier">nicht spezifiziert</form>
  </physicalDescription>
  <note type="statement of responsibility" altRepGroup="00">Von Jacob Wellern/ D.</note>
  <note>Schlüsselseiten aus dem Exemplar der FB Gotha: LP F 8° V, 00024 (12)</note>
  <note>Signaturformel: A-N4, O2</note>
  <note>Vorlageform des Erscheinungsvermerks: Dreßden/ bey Christian/ und druckts Melchior Bergen/ 1659.</note>
  <note type="action">Digitalisierung geplant Digitalisierung Mainstream durch SUB Göttingen pdager</note>
  <note type="action">Digitalisierung geplant Digitalisierung Mainstream durch ULB Halle; ULB Halle nicht digitalisierbar pdager</note>
  <note type="action">Digitalisierung geplant Digitalisierung Mainstream durch HAB Wolfenbüttel; HAB Wolfenbüttel nicht digitalisierbar pdager</note>
  <note>Enth. außerdem u.a.: Piceae Funebres ...</note>
  <identifier type="vd17">39:107838P</identifier>
  <relatedItem>
    <location>
      <url displayLabel="Volltext" note="Kostenfrei">http://digital.slub-dresden.de/id451661389</url>
    </location>
  </relatedItem>
  <recordInfo>
    <descriptionStandard>rakwb</descriptionStandard>
    <recordContentSource authority="marcorg">DE-627</recordContentSource>
    <recordCreationDate encoding="marc">020901</recordCreationDate>
    <recordChangeDate encoding="iso8601">20200310210045.0</recordChangeDate>
    <recordIdentifier source="DE-627-4">000232556</recordIdentifier>
    <recordOrigin>Converted from MARCXML to MODS version 3.6 using MARC21slim2MODS3-6.xsl
				(Revision 1.119 2018/06/21)</recordOrigin>
    <languageOfCataloging>
      <languageTerm authority="iso639-2b" type="code">ger</languageTerm>
    </languageOfCataloging>
  </recordInfo>
</mods></zs:recordData><zs:recordPosition>4</zs:recordPosition></zs:record><zs:record><zs:recordSchema>mods</zs:recordSchema><zs:recordXMLEscaping>xml</zs:recordXMLEscaping><zs:recordData><mods xmlns:xsi="http://www.w3.org/2001/XMLSchema-instance" xmlns="http://www.loc.gov/mods/v3" version="3.6" xsi:schemaLocation="http://www.loc.gov/mods/v3 http://www.loc.gov/standards/mods/v3/mods-3-6.xsd">
  <titleInfo>
    <title>Piceae Funebres. Quas Diderici Wertheridis, Viri, Cui Famam Dedit Familia, Antiquitatis Gloria ... Vita Pie Defuncti Foribus Feralibus ... Anno Ab Incarnato Numine Post Decies-Sexies Gentenum Octavo Et Quinquagesimo Die Vigesima Secunda Octobris Tanti Viri Pompae Funebri Dresdensi Sacra</title>
  </titleInfo>
  <name type="personal">
    <namePart>Werthern, Dietrich von</namePart>
    <namePart type="date">1613-1658</namePart>
    <role>
      <roleTerm authority="marcrelator" type="code">oth</roleTerm>
    </role>
    <nameIdentifier>(DE-588)120216744 (DE-627)004353919 (DE-576)170576450</nameIdentifier>
  </name>
  <name type="personal">
    <namePart>Werther, Gottlob a</namePart>
    <role>
      <roleTerm type="text">BeiträgerIn</roleTerm>
    </role>
    <role>
      <roleTerm authority="marcrelator" type="code">ctb</roleTerm>
    </role>
  </name>
  <name type="personal">
    <namePart>Selmnitz, Friedemann von</namePart>
    <role>
      <roleTerm type="text">BeiträgerIn</roleTerm>
    </role>
    <role>
      <roleTerm authority="marcrelator" type="code">ctb</roleTerm>
    </role>
  </name>
  <name type="personal">
    <namePart>Bernhardi, Christophorus</namePart>
    <role>
      <roleTerm type="text">BeiträgerIn</roleTerm>
    </role>
    <role>
      <roleTerm authority="marcrelator" type="code">ctb</roleTerm>
    </role>
  </name>
  <name type="personal">
    <namePart>Nostitz, Caspar Christoph. a</namePart>
    <role>
      <roleTerm type="text">BeiträgerIn</roleTerm>
    </role>
    <role>
      <roleTerm authority="marcrelator" type="code">ctb</roleTerm>
    </role>
  </name>
  <name type="personal">
    <namePart>Lederus, Christianus</namePart>
    <role>
      <roleTerm type="text">BeiträgerIn</roleTerm>
    </role>
    <role>
      <roleTerm authority="marcrelator" type="code">ctb</roleTerm>
    </role>
  </name>
  <name type="personal">
    <namePart>Dedekind, C. Chr.</namePart>
    <role>
      <roleTerm type="text">BeiträgerIn</roleTerm>
    </role>
    <role>
      <roleTerm authority="marcrelator" type="code">ctb</roleTerm>
    </role>
  </name>
  <name type="personal">
    <namePart>Hänichen, G. D.</namePart>
    <role>
      <roleTerm type="text">BeiträgerIn</roleTerm>
    </role>
    <role>
      <roleTerm authority="marcrelator" type="code">ctb</roleTerm>
    </role>
  </name>
  <name type="personal">
    <namePart>Seyffert, Gottfried</namePart>
    <role>
      <roleTerm authority="marcrelator" type="code">prt</roleTerm>
    </role>
    <nameIdentifier>(DE-588)1037528751 (DE-627)007482892 (DE-576)391613987</nameIdentifier>
  </name>
  <typeOfResource>text</typeOfResource>
  <genre authority="rdacontent">nicht spezifiziert</genre>
  <genre authority="local">Gelegenheitsschrift:Tod</genre>
  <genre authority="local">Lyrik</genre>
  <originInfo>
    <place>
      <placeTerm type="code" authority="marccountry">xx</placeTerm>
    </place>
    <dateIssued encoding="marc">1658</dateIssued>
    <issuance>monographic</issuance>
  </originInfo>
  <originInfo eventType="publication">
    <place>
      <placeTerm type="text">[Dresdae]: Seyffert</placeTerm>
    </place>
    <publisher/>
    <dateIssued>1658</dateIssued>
  </originInfo>
  <language>
    <languageTerm authority="iso639-2b" type="code">lat</languageTerm>
  </language>
  <language>
    <languageTerm authority="iso639-2b" type="code">ger</languageTerm>
  </language>
  <physicalDescription>
    <form authority="marcform">print</form>
    <extent>[6] Bl 4°</extent>
    <form type="media" authority="rdamedia">nicht spezifiziert</form>
    <form type="carrier" authority="rdacarrier">nicht spezifiziert</form>
  </physicalDescription>
  <note>Schlüsselseiten aus dem Exemplar der SLUB Dresden: 1.B.8346,angeb.40</note>
  <note>Erscheinungsjahr nach dem Sterbedatum angegeben</note>
  <note>Vorlageform des Erscheinungsvermerks: TYPI SEYFFERTINI.</note>
  <identifier type="vd17">14:676635K</identifier>
  <relatedItem>
    <location>
      <url displayLabel="Volltext" note="Kostenfrei">http://digital.slub-dresden.de/id359289096</url>
    </location>
  </relatedItem>
  <recordInfo>
    <descriptionStandard>rakwb</descriptionStandard>
    <recordContentSource authority="marcorg">DE-627</recordContentSource>
    <recordCreationDate encoding="marc">051104</recordCreationDate>
    <recordChangeDate encoding="iso8601">20200310221514.0</recordChangeDate>
    <recordIdentifier source="DE-627-4">005674344</recordIdentifier>
    <recordOrigin>Converted from MARCXML to MODS version 3.6 using MARC21slim2MODS3-6.xsl
				(Revision 1.119 2018/06/21)</recordOrigin>
    <languageOfCataloging>
      <languageTerm authority="iso639-2b" type="code">ger</languageTerm>
    </languageOfCataloging>
  </recordInfo>
</mods></zs:recordData><zs:recordPosition>5</zs:recordPosition></zs:record><zs:record><zs:recordSchema>mods</zs:recordSchema><zs:recordXMLEscaping>xml</zs:recordXMLEscaping><zs:recordData><mods xmlns:xsi="http://www.w3.org/2001/XMLSchema-instance" xmlns="http://www.loc.gov/mods/v3" version="3.6" xsi:schemaLocation="http://www.loc.gov/mods/v3 http://www.loc.gov/standards/mods/v3/mods-3-6.xsd">
  <titleInfo>
    <nonSort xml:space="preserve">Die  </nonSort>
    <title>Leid-tragende Elbiane über Des HochWohlgebohrnen ... Herrn Dietrichs von Werthern Auff den Graff- und Herrschafften Beichlingen und Frohndorff ... Churfl. Durchl. zu Sachsen ... Geheimen Raths/ Cammer Praesidentens und Ober-SteuerEinnehmers Schmertzliches Ableben/ So da geschahe in Dreßden den 17. Octobr. 1658. aufgeführet/ Und Am Tage der ... Beerdigung/ So war der 22. Nov. ... Vorstellig gemacht</title>
  </titleInfo>
  <titleInfo type="alternative">
    <title>leidtragende Graf- Herrschaften Rats Kammer Einnehmers Schmerzliches Dresden aufgeführt</title>
  </titleInfo>
  <name type="personal" usage="primary">
    <namePart>Schirmer, David</namePart>
    <namePart type="date">1623-1686</namePart>
    <role>
      <roleTerm authority="marcrelator" type="code">aut</roleTerm>
    </role>
    <nameIdentifier>(DE-588)118607820 (DE-627)004050096 (DE-576)209098708</nameIdentifier>
  </name>
  <name type="personal">
    <namePart>Werthern, Dietrich von</namePart>
    <namePart type="date">1613-1658</namePart>
    <role>
      <roleTerm authority="marcrelator" type="code">oth</roleTerm>
    </role>
    <nameIdentifier>(DE-588)120216744 (DE-627)004353919 (DE-576)170576450</nameIdentifier>
  </name>
  <name type="personal">
    <namePart>Seyffert, Gottfried</namePart>
    <role>
      <roleTerm authority="marcrelator" type="code">prt</roleTerm>
    </role>
    <nameIdentifier>(DE-588)1037528751 (DE-627)007482892 (DE-576)391613987</nameIdentifier>
  </name>
  <typeOfResource>text</typeOfResource>
  <genre authority="rdacontent">nicht spezifiziert</genre>
  <genre authority="local">Gelegenheitsschrift:Tod</genre>
  <genre authority="local">Lyrik</genre>
  <originInfo>
    <place>
      <placeTerm type="code" authority="marccountry">xx</placeTerm>
    </place>
    <dateIssued encoding="marc">1658</dateIssued>
    <issuance>monographic</issuance>
  </originInfo>
  <originInfo eventType="publication">
    <place>
      <placeTerm type="text">[Dresden]: Seyffert</placeTerm>
    </place>
    <publisher/>
    <dateIssued>1658</dateIssued>
  </originInfo>
  <language>
    <languageTerm authority="iso639-2b" type="code">ger</languageTerm>
  </language>
  <physicalDescription>
    <form authority="marcform">print</form>
    <extent>[2] Bl 4°</extent>
    <form type="media" authority="rdamedia">nicht spezifiziert</form>
    <form type="carrier" authority="rdacarrier">nicht spezifiziert</form>
  </physicalDescription>
  <note type="statement of responsibility" altRepGroup="00">Von David Schirmer/ Churf. Sächs. Biblioth.</note>
  <note>Schlüsselseiten aus dem Exemplar der SLUB Dresden: 1.B.8346,angeb.41</note>
  <note>Vorlageform des Erscheinungsvermerks: Seyfferts Druck.</note>
  <identifier type="vd17">14:676632M</identifier>
  <relatedItem>
    <location>
      <url displayLabel="Volltext" note="Kostenfrei">http://digital.slub-dresden.de/id359289584</url>
    </location>
  </relatedItem>
  <recordInfo>
    <descriptionStandard>rakwb</descriptionStandard>
    <recordContentSource authority="marcorg">DE-627</recordContentSource>
    <recordCreationDate encoding="marc">051104</recordCreationDate>
    <recordChangeDate encoding="iso8601">20200310221514.0</recordChangeDate>
    <recordIdentifier source="DE-627-4">005674301</recordIdentifier>
    <recordOrigin>Converted from MARCXML to MODS version 3.6 using MARC21slim2MODS3-6.xsl
				(Revision 1.119 2018/06/21)</recordOrigin>
    <languageOfCataloging>
      <languageTerm authority="iso639-2b" type="code">ger</languageTerm>
    </languageOfCataloging>
  </recordInfo>
</mods></zs:recordData><zs:recordPosition>6</zs:recordPosition></zs:record><zs:record><zs:recordSchema>mods</zs:recordSchema><zs:recordXMLEscaping>xml</zs:recordXMLEscaping><zs:recordData><mods xmlns:xsi="http://www.w3.org/2001/XMLSchema-instance" xmlns="http://www.loc.gov/mods/v3" version="3.6" xsi:schemaLocation="http://www.loc.gov/mods/v3 http://www.loc.gov/standards/mods/v3/mods-3-6.xsd">
  <titleInfo>
    <title>Letzteres Ehrengedächnüs/ Bey Des Weyland Hoch Edelgebohrnen ... Herrn Dietrichs von Werthern Auff den Graff- und Herrschafften Beichlingen und Frohndorff ... Churfl. Durchl. zu Sachsen ... Geheimen Raths/ Cammer Praesidentens und Ober-Steuer-Einnehmers/ Den 22. Nov. 1658. in Dreßden angestalten Leichen-Begängnüs auffgerichtet/ Und ... übergeben</title>
  </titleInfo>
  <titleInfo type="alternative">
    <title>Ehrengedächtnis weiland edelgeborenen Graf- Herrschaften Rats Kammer Dresden Leichen-Begängnis aufgerichtet</title>
  </titleInfo>
  <name type="personal" usage="primary">
    <namePart>Lobeck, Gottfried</namePart>
    <namePart type="date">1610-1673</namePart>
    <role>
      <roleTerm authority="marcrelator" type="code">aut</roleTerm>
    </role>
    <nameIdentifier>(DE-588)102537380 (DE-627)004113152</nameIdentifier>
  </name>
  <name type="personal">
    <namePart>Werthern, Dietrich von</namePart>
    <namePart type="date">1613-1658</namePart>
    <role>
      <roleTerm authority="marcrelator" type="code">oth</roleTerm>
    </role>
    <nameIdentifier>(DE-588)120216744 (DE-627)004353919 (DE-576)170576450</nameIdentifier>
  </name>
  <name type="personal">
    <namePart>Seyffert, Gottfried</namePart>
    <role>
      <roleTerm authority="marcrelator" type="code">prt</roleTerm>
    </role>
    <nameIdentifier>(DE-588)1037528751 (DE-627)007482892 (DE-576)391613987</nameIdentifier>
  </name>
  <typeOfResource>text</typeOfResource>
  <genre authority="rdacontent">nicht spezifiziert</genre>
  <genre authority="local">Gelegenheitsschrift:Tod</genre>
  <genre authority="local">Lyrik</genre>
  <originInfo>
    <place>
      <placeTerm type="code" authority="marccountry">xx</placeTerm>
    </place>
    <dateIssued encoding="marc">1658</dateIssued>
    <issuance>monographic</issuance>
  </originInfo>
  <originInfo eventType="publication">
    <place>
      <placeTerm type="text">Dreßden</placeTerm>
    </place>
    <publisher>Seyffert</publisher>
    <dateIssued>1658</dateIssued>
  </originInfo>
  <language>
    <languageTerm authority="iso639-2b" type="code">ger</languageTerm>
  </language>
  <physicalDescription>
    <form authority="marcform">print</form>
    <extent>[2] Bl 4°</extent>
    <form type="media" authority="rdamedia">nicht spezifiziert</form>
    <form type="carrier" authority="rdacarrier">nicht spezifiziert</form>
  </physicalDescription>
  <note type="statement of responsibility" altRepGroup="00">Von Gottfried Lobeccio, Pfarrern zu Droysigk</note>
  <note>Schlüsselseiten aus dem Exemplar der SLUB Dresden: 1.B.8346,angeb.42</note>
  <note>Vorlageform des Erscheinungsvermerks: Dreßden/ aus Seyfferts Druckerey.</note>
  <identifier type="vd17">14:676630W</identifier>
  <relatedItem>
    <location>
      <url displayLabel="Volltext" note="Kostenfrei">http://digital.slub-dresden.de/id359290078</url>
    </location>
  </relatedItem>
  <recordInfo>
    <descriptionStandard>rakwb</descriptionStandard>
    <recordContentSource authority="marcorg">DE-627</recordContentSource>
    <recordCreationDate encoding="marc">051104</recordCreationDate>
    <recordChangeDate encoding="iso8601">20200310221514.0</recordChangeDate>
    <recordIdentifier source="DE-627-4">005674271</recordIdentifier>
    <recordOrigin>Converted from MARCXML to MODS version 3.6 using MARC21slim2MODS3-6.xsl
				(Revision 1.119 2018/06/21)</recordOrigin>
    <languageOfCataloging>
      <languageTerm authority="iso639-2b" type="code">ger</languageTerm>
    </languageOfCataloging>
  </recordInfo>
</mods></zs:recordData><zs:recordPosition>7</zs:recordPosition></zs:record><zs:record><zs:recordSchema>mods</zs:recordSchema><zs:recordXMLEscaping>xml</zs:recordXMLEscaping><zs:recordData><mods xmlns:xsi="http://www.w3.org/2001/XMLSchema-instance" xmlns="http://www.loc.gov/mods/v3" version="3.6" xsi:schemaLocation="http://www.loc.gov/mods/v3 http://www.loc.gov/standards/mods/v3/mods-3-6.xsd">
  <titleInfo>
    <title>Hier Soll kein Titul stehn/ Weil Keines Tituls Noth/ Wo Dietrich Werthers Ruhm besieget seinen Tod!</title>
  </titleInfo>
  <titleInfo type="alternative">
    <title>Titel stehen Titels Not</title>
  </titleInfo>
  <name type="personal" usage="primary">
    <namePart>Sieber, Justus</namePart>
    <namePart type="date">1628-1695</namePart>
    <role>
      <roleTerm authority="marcrelator" type="code">aut</roleTerm>
    </role>
    <nameIdentifier>(DE-588)124893511 (DE-627)004049489 (DE-576)29455548X</nameIdentifier>
  </name>
  <name type="personal">
    <namePart>Werthern, Dietrich von</namePart>
    <namePart type="date">1613-1658</namePart>
    <role>
      <roleTerm authority="marcrelator" type="code">oth</roleTerm>
    </role>
    <nameIdentifier>(DE-588)120216744 (DE-627)004353919 (DE-576)170576450</nameIdentifier>
  </name>
  <name type="personal">
    <namePart>Seyffert, Gottfried</namePart>
    <role>
      <roleTerm authority="marcrelator" type="code">prt</roleTerm>
    </role>
    <nameIdentifier>(DE-588)1037528751 (DE-627)007482892 (DE-576)391613987</nameIdentifier>
  </name>
  <typeOfResource>text</typeOfResource>
  <genre authority="rdacontent">nicht spezifiziert</genre>
  <genre authority="local">Gelegenheitsschrift:Tod</genre>
  <genre authority="local">Lyrik</genre>
  <originInfo>
    <place>
      <placeTerm type="code" authority="marccountry">xx</placeTerm>
    </place>
    <dateIssued encoding="marc">1658</dateIssued>
    <issuance>monographic</issuance>
  </originInfo>
  <originInfo eventType="publication">
    <place>
      <placeTerm type="text">[Dresden]</placeTerm>
    </place>
    <publisher>Seyffertischer Druck</publisher>
    <dateIssued>1658</dateIssued>
  </originInfo>
  <language>
    <languageTerm authority="iso639-2b" type="code">ger</languageTerm>
  </language>
  <physicalDescription>
    <form authority="marcform">print</form>
    <extent>[2] Bl 4°</extent>
    <form type="media" authority="rdamedia">nicht spezifiziert</form>
    <form type="carrier" authority="rdacarrier">nicht spezifiziert</form>
  </physicalDescription>
  <note type="statement of responsibility" altRepGroup="00">Also urtheilete Just Sieber</note>
  <note>Schlüsselseiten aus dem Exemplar der SLUB Dresden: 1.B.8346,angeb.43</note>
  <note>Vorlageform des Erscheinungsvermerks: Dreßnischer Seyffertischer Druck Jm 1658sten.</note>
  <identifier type="vd17">14:676627T</identifier>
  <relatedItem>
    <location>
      <url displayLabel="Volltext" note="Kostenfrei">http://digital.slub-dresden.de/id359290558</url>
    </location>
  </relatedItem>
  <recordInfo>
    <descriptionStandard>rakwb</descriptionStandard>
    <recordContentSource authority="marcorg">DE-627</recordContentSource>
    <recordCreationDate encoding="marc">051104</recordCreationDate>
    <recordChangeDate encoding="iso8601">20200310221514.0</recordChangeDate>
    <recordIdentifier source="DE-627-4">005674247</recordIdentifier>
    <recordOrigin>Converted from MARCXML to MODS version 3.6 using MARC21slim2MODS3-6.xsl
				(Revision 1.119 2018/06/21)</recordOrigin>
    <languageOfCataloging>
      <languageTerm authority="iso639-2b" type="code">ger</languageTerm>
    </languageOfCataloging>
  </recordInfo>
</mods></zs:recordData><zs:recordPosition>8</zs:recordPosition></zs:record><zs:record><zs:recordSchema>mods</zs:recordSchema><zs:recordXMLEscaping>xml</zs:recordXMLEscaping><zs:recordData><mods xmlns:xsi="http://www.w3.org/2001/XMLSchema-instance" xmlns="http://www.loc.gov/mods/v3" version="3.6" xsi:schemaLocation="http://www.loc.gov/mods/v3 http://www.loc.gov/standards/mods/v3/mods-3-6.xsd">
  <titleInfo>
    <title>Generoso, Praenobili, Magnifico Et Amplissimo Viro Dn. Dieterico A Werthern, S. R. Imperii Archicubiculario, Haereditario In Comitat: Et Ditionibus Beuchlingen/ Frohndorff/ Tautenberg/ Frawen-Prießnitz ... Dno Patrono &amp; Promotori meo omni observantiae &amp; amoris cultu aetatem prosequendo, suspiciendo; Cum ad altiores Dignitatis gradus Diis hominibusq[ue] plaudentibus splendidissime eveberetur Applausum hunc votivnm In singulare debiti Honoris, Amoris &amp; praesentissimae subiectionis monimentum humillime atq[ue] officiosissime consecrat 14. Calend: Octobr: Anno 1648</title>
  </titleInfo>
  <titleInfo type="alternative">
    <title>votivum Beichlingen Frohndorf Tautenburg Frauenprießnitz</title>
  </titleInfo>
  <titleInfo type="alternative">
    <title>Agathe tyche Generoso, Praenobili, Magnifico Et Amplissimo Viro Dn. Dieterico A Werthern, S. R. Imperii Archicubiculario, Haereditario In Comitat: Et Ditionibus Beuchlingen/ Frohndorff/ Tautenberg/ Frawen-Prießnitz ... Dno Patrono &amp; Promotori meo omni observantiae &amp; amoris cultu aetatem prosequendo, suspiciendo; Cum ad altiores Dignitatis gradus Diis hominibusq[ue] plaudentibus splendidissime eveberetur Applausum hunc votivnm In singulare debiti Honoris, Amoris &amp; praesentissimae subiectionis monimentum humillime atq[ue] officiosissime consecrat 14. Calend: Octobr: Anno 1648. Johann: Georg: Ruperti, Arnstadio-Thuringus, p.t. Civis &amp; Librarius Iudicii Tenstetensis</title>
  </titleInfo>
  <name type="personal" usage="primary">
    <namePart>Ruperti, Johann Georg</namePart>
    <role>
      <roleTerm authority="marcrelator" type="code">aut</roleTerm>
    </role>
    <nameIdentifier>(DE-588)1037257618 (DE-627)007447582 (DE-576)391270834</nameIdentifier>
  </name>
  <name type="personal">
    <namePart>Werthern, Dietrich von</namePart>
    <namePart type="date">1613-1658</namePart>
    <role>
      <roleTerm authority="marcrelator" type="code">oth</roleTerm>
    </role>
    <nameIdentifier>(DE-588)120216744 (DE-627)004353919 (DE-576)170576450</nameIdentifier>
  </name>
  <name type="personal">
    <namePart>Dedekind, Friedrich Melchior</namePart>
    <namePart type="date">1604-1669</namePart>
    <role>
      <roleTerm authority="marcrelator" type="code">prt</roleTerm>
    </role>
    <nameIdentifier>(DE-588)1037498704 (DE-627)007478771 (DE-576)391567632</nameIdentifier>
  </name>
  <typeOfResource>text</typeOfResource>
  <genre authority="rdacontent">nicht spezifiziert</genre>
  <genre authority="local">Gelegenheitsschrift:Amtsantritt</genre>
  <originInfo>
    <place>
      <placeTerm type="code" authority="marccountry">xx</placeTerm>
    </place>
    <dateIssued encoding="marc">1648</dateIssued>
    <issuance>monographic</issuance>
  </originInfo>
  <originInfo eventType="publication">
    <place>
      <placeTerm type="text">Erffurti</placeTerm>
    </place>
    <publisher>Dedekind</publisher>
    <dateIssued>1648</dateIssued>
  </originInfo>
  <language>
    <languageTerm authority="iso639-2b" type="code">lat</languageTerm>
  </language>
  <physicalDescription>
    <form authority="marcform">print</form>
    <extent>[2] Bl. 4°</extent>
    <form type="media" authority="rdamedia">nicht spezifiziert</form>
    <form type="carrier" authority="rdacarrier">nicht spezifiziert</form>
  </physicalDescription>
  <note type="statement of responsibility" altRepGroup="00">Johann: Georg: Ruperti, Arnstadio-Thuringus, p.t. Civis &amp; Librarius Iudicii Tenstetensis</note>
  <note>Über dem Titel: Agathe tyche (griech. Segensformel)</note>
  <note>Vorlageform des Erscheinungsvermerks: Erffurti, Typis Friderici Melchioris Dedekindi, Academiae Typographi. - Erscheinungsjahr angegeben nach der Datierung im Titel</note>
  <identifier type="vd17">1:727723H</identifier>
  <relatedItem>
    <location>
      <url displayLabel="Volltext" note="Kostenfrei">http://resolver.staatsbibliothek-berlin.de/SBB0000EA4000000000</url>
    </location>
  </relatedItem>
  <recordInfo>
    <descriptionStandard>rakwb</descriptionStandard>
    <recordContentSource authority="marcorg">DE-627</recordContentSource>
    <recordCreationDate encoding="marc">130719</recordCreationDate>
    <recordChangeDate encoding="iso8601">20200310223448.0</recordChangeDate>
    <recordIdentifier source="DE-627-4">007447566</recordIdentifier>
    <recordOrigin>Converted from MARCXML to MODS version 3.6 using MARC21slim2MODS3-6.xsl
				(Revision 1.119 2018/06/21)</recordOrigin>
    <languageOfCataloging>
      <languageTerm authority="iso639-2b" type="code">ger</languageTerm>
    </languageOfCataloging>
  </recordInfo>
</mods></zs:recordData><zs:recordPosition>9</zs:recordPosition></zs:record><zs:record><zs:recordSchema>mods</zs:recordSchema><zs:recordXMLEscaping>xml</zs:recordXMLEscaping><zs:recordData><mods xmlns:xsi="http://www.w3.org/2001/XMLSchema-instance" xmlns="http://www.loc.gov/mods/v3" version="3.6" xsi:schemaLocation="http://www.loc.gov/mods/v3 http://www.loc.gov/standards/mods/v3/mods-3-6.xsd">
  <titleInfo>
    <title>Hexas Epigrammatum, Sacris Jugalibus Generosi, Virtutum ... Dietrichi a Werthern, Ditionum Beüchlingae &amp; Frohndorfii Domini, S. Caesar. Majest. &amp; Rom. Imp. Camerae Custodis Haereditarii, nec non Serenis. Elector. Sax. in sublimi Appellationum Judicio Consiliarii Splendidissimi, &amp;c. Neonymphi Cum ... Catharina Sophia ... Johannis Dietrichi a Schönberg, Toparchae ibidem &amp; in Mühla ... rel. Filia Lectissima Neonympha ... Dresdae 17. Octobr. Anno M.DC.XXXVII. solenniter celebratis</title>
  </titleInfo>
  <name type="personal" usage="primary">
    <namePart>Rüdinger, Gottfried</namePart>
    <namePart type="date">1604-1680</namePart>
    <role>
      <roleTerm authority="marcrelator" type="code">aut</roleTerm>
    </role>
    <nameIdentifier>(DE-588)121781399 (DE-627)004513770 (DE-576)292881843</nameIdentifier>
  </name>
  <name type="personal">
    <namePart>Werthern, Dietrich von</namePart>
    <namePart type="date">1613-1658</namePart>
    <role>
      <roleTerm authority="marcrelator" type="code">oth</roleTerm>
    </role>
    <nameIdentifier>(DE-588)120216744 (DE-627)004353919 (DE-576)170576450</nameIdentifier>
  </name>
  <name type="personal">
    <namePart>Schönberg, Catharina Sophia von</namePart>
    <role>
      <roleTerm type="text">Festschrift</roleTerm>
    </role>
    <role>
      <roleTerm authority="marcrelator" type="code">oth</roleTerm>
    </role>
  </name>
  <name type="personal">
    <namePart>Bergen, Anna</namePart>
    <namePart type="date">1581-1648</namePart>
    <role>
      <roleTerm authority="marcrelator" type="code">prt</roleTerm>
    </role>
    <nameIdentifier>(DE-588)115465421 (DE-627)004197224 (DE-576)177458348</nameIdentifier>
  </name>
  <typeOfResource>text</typeOfResource>
  <genre authority="rdacontent">nicht spezifiziert</genre>
  <genre authority="local">Gelegenheitsschrift:Hochzeit</genre>
  <originInfo>
    <place>
      <placeTerm type="code" authority="marccountry">xx</placeTerm>
    </place>
    <dateIssued encoding="marc">1637</dateIssued>
    <issuance>monographic</issuance>
  </originInfo>
  <originInfo eventType="publication">
    <place>
      <placeTerm type="text">Dresdae</placeTerm>
    </place>
    <publisher>Bergen</publisher>
    <dateIssued>1637</dateIssued>
  </originInfo>
  <language>
    <languageTerm authority="iso639-2b" type="code">lat</languageTerm>
  </language>
  <physicalDescription>
    <form authority="marcform">print</form>
    <extent>[4] Bl 4°</extent>
    <form type="media" authority="rdamedia">nicht spezifiziert</form>
    <form type="carrier" authority="rdacarrier">nicht spezifiziert</form>
  </physicalDescription>
  <note type="statement of responsibility" altRepGroup="00">Debiti respectus et felicis successus ergo Oblata a M. Gottfrido Rüdingero, Poeta Laur. Caes. Hosterwitii Pastore</note>
  <note>Vorlageform des Erscheinungsvermerks: Typis Haeredum Gimelis Bergen</note>
  <note type="language">Text lat.</note>
  <identifier type="vd17">125:030091H</identifier>
  <recordInfo>
    <descriptionStandard>rakwb</descriptionStandard>
    <recordContentSource authority="marcorg">DE-627</recordContentSource>
    <recordCreationDate encoding="marc">020901</recordCreationDate>
    <recordChangeDate encoding="iso8601">20190902134001.0</recordChangeDate>
    <recordIdentifier source="DE-627-4">000046051</recordIdentifier>
    <recordOrigin>Converted from MARCXML to MODS version 3.6 using MARC21slim2MODS3-6.xsl
				(Revision 1.119 2018/06/21)</recordOrigin>
    <languageOfCataloging>
      <languageTerm authority="iso639-2b" type="code">ger</languageTerm>
    </languageOfCataloging>
  </recordInfo>
</mods></zs:recordData><zs:recordPosition>10</zs:recordPosition></zs:record></zs:records><zs:echoedSearchRetrieveRequest><zs:version>2.0</zs:version><zs:query>pica.nid=120216744</zs:query><zs:startRecord>1</zs:startRecord><zs:maximumRecords>500</zs:maximumRecords><zs:recordXMLEscaping>xml</zs:recordXMLEscaping><zs:recordSchema>mods</zs:recordSchema></zs:echoedSearchRetrieveRequest><zs:resultCountPrecision>exact</zs:resultCountPrecision></zs:searchRetrieveResponse>
