<?xml version="1.0" encoding="UTF-8"?>
<zs:searchRetrieveResponse xmlns:zs="http://docs.oasis-open.org/ns/search-ws/sruResponse"><zs:numberOfRecords>2</zs:numberOfRecords><zs:records><zs:record><zs:recordSchema>mods</zs:recordSchema><zs:recordXMLEscaping>xml</zs:recordXMLEscaping><zs:recordData><mods xmlns:xsi="http://www.w3.org/2001/XMLSchema-instance" xmlns="http://www.loc.gov/mods/v3" version="3.6" xsi:schemaLocation="http://www.loc.gov/mods/v3 http://www.loc.gov/standards/mods/v3/mods-3-6.xsd">
  <name type="personal" usage="primary">
    <namePart>Ditfurth, Franz von</namePart>
    <namePart type="date">1590-1654</namePart>
  </name>
  <typeOfResource/>
  <originInfo>
    <place>
      <placeTerm type="code" authority="marccountry">bbn</placeTerm>
    </place>
    <issuance/>
  </originInfo>
  <identifier type="uri">http://d-nb.info/gnd/121561909</identifier>
  <recordInfo>
    <recordCreationDate encoding="marc">020621</recordCreationDate>
    <recordChangeDate encoding="iso8601">202003151250.4</recordChangeDate>
    <recordIdentifier source="DE-627">004482530</recordIdentifier>
    <recordOrigin>Converted from MARCXML to MODS version 3.6 using MARC21slim2MODS3-6.xsl
				(Revision 1.119 2018/06/21)</recordOrigin>
  </recordInfo>
</mods></zs:recordData><zs:recordPosition>1</zs:recordPosition></zs:record><zs:record><zs:recordSchema>mods</zs:recordSchema><zs:recordXMLEscaping>xml</zs:recordXMLEscaping><zs:recordData><mods xmlns:xsi="http://www.w3.org/2001/XMLSchema-instance" xmlns="http://www.loc.gov/mods/v3" version="3.6" xsi:schemaLocation="http://www.loc.gov/mods/v3 http://www.loc.gov/standards/mods/v3/mods-3-6.xsd">
  <titleInfo>
    <title>Corona Iustitiae. Die Krone der Gerechtigkeit/ so an jenem Tage zu erwarten haben/ alle die jenige/ so mit Paulo den Lauff ihres Christenthumbs recht anstellen/ und die Erscheinung des Herrn Christi lieb haben</title>
    <subTitle>Außgelegt und erkläret bey Hoch-Adelicher Leichbegängnis/ Deß ... Frantz von Ditfurt/ Fürstlichen Braunschweigischen Lüneb: ... gewesenen getrewen Raths ... Welcher den 20. Febr. Anno 1654. ... entschlaffen/ und den 13. Aprilis, allhie zur Hagenburgk/ ... ist beygesetzet worden</subTitle>
  </titleInfo>
  <titleInfo type="alternative">
    <title>Lauf Christentums</title>
  </titleInfo>
  <name type="personal" usage="primary">
    <namePart>Wolbrecht, Ludwig</namePart>
    <role>
      <roleTerm authority="marcrelator" type="code">aut</roleTerm>
    </role>
    <nameIdentifier>(DE-588)121561895 (DE-627)004482522 (DE-576)292773544</nameIdentifier>
  </name>
  <name type="personal">
    <namePart>Ditfurth, Franz von</namePart>
    <namePart type="date">1590-1654</namePart>
    <role>
      <roleTerm authority="marcrelator" type="code">oth</roleTerm>
    </role>
    <nameIdentifier>(DE-588)121561909 (DE-627)004482530 (DE-576)292773552</nameIdentifier>
  </name>
  <name type="personal">
    <namePart>Grimm, Georg Friedrich</namePart>
    <namePart type="date">-1690</namePart>
    <role>
      <roleTerm authority="marcrelator" type="code">prt</roleTerm>
    </role>
    <nameIdentifier>(DE-588)136139264 (DE-627)006438792 (DE-576)300854439</nameIdentifier>
  </name>
  <typeOfResource>text</typeOfResource>
  <genre authority="rdacontent">nicht spezifiziert</genre>
  <genre authority="local">Leichenpredigt</genre>
  <originInfo>
    <place>
      <placeTerm type="code" authority="marccountry">xx</placeTerm>
    </place>
    <dateIssued encoding="marc">1654</dateIssued>
    <issuance>monographic</issuance>
  </originInfo>
  <originInfo eventType="publication">
    <place>
      <placeTerm type="text">Hannover</placeTerm>
    </place>
    <publisher>Grimm</publisher>
    <dateIssued>1654</dateIssued>
  </originInfo>
  <language>
    <languageTerm authority="iso639-2b" type="code">ger</languageTerm>
  </language>
  <physicalDescription>
    <form authority="marcform">print</form>
    <extent>87 S 4°</extent>
    <form type="media" authority="rdamedia">nicht spezifiziert</form>
    <form type="carrier" authority="rdacarrier">nicht spezifiziert</form>
  </physicalDescription>
  <note type="statement of responsibility" altRepGroup="00">Durch Ludovicum Wolbrecht/ Stadthagensem, Pastorem daselbst</note>
  <note>Signaturformel: A - L4</note>
  <note>Erscheinungsjahr nach einem Chronogramm</note>
  <note type="action">Digitalisierung geplant Digitalisierung Unika durch SUB Göttingen pdager</note>
  <identifier type="vd17">1:040232R</identifier>
  <relatedItem>
    <location>
      <url displayLabel="Volltext" note="Kostenfrei">http://resolver.sub.uni-goettingen.de/purl?PPN827921861</url>
    </location>
  </relatedItem>
  <recordInfo>
    <descriptionStandard>rakwb</descriptionStandard>
    <recordContentSource authority="marcorg">DE-627</recordContentSource>
    <recordCreationDate encoding="marc">020901</recordCreationDate>
    <recordChangeDate encoding="iso8601">20200310215719.0</recordChangeDate>
    <recordIdentifier source="DE-627-4">001694162</recordIdentifier>
    <recordOrigin>Converted from MARCXML to MODS version 3.6 using MARC21slim2MODS3-6.xsl
				(Revision 1.119 2018/06/21)</recordOrigin>
    <languageOfCataloging>
      <languageTerm authority="iso639-2b" type="code">ger</languageTerm>
    </languageOfCataloging>
  </recordInfo>
</mods></zs:recordData><zs:recordPosition>2</zs:recordPosition></zs:record></zs:records><zs:echoedSearchRetrieveRequest><zs:version>2.0</zs:version><zs:query>pica.nid=121561909</zs:query><zs:startRecord>1</zs:startRecord><zs:maximumRecords>500</zs:maximumRecords><zs:recordXMLEscaping>xml</zs:recordXMLEscaping><zs:recordSchema>mods</zs:recordSchema></zs:echoedSearchRetrieveRequest><zs:resultCountPrecision>exact</zs:resultCountPrecision></zs:searchRetrieveResponse>
