<?xml version="1.0" encoding="UTF-8"?>
<zs:searchRetrieveResponse xmlns:zs="http://docs.oasis-open.org/ns/search-ws/sruResponse"><zs:numberOfRecords>2</zs:numberOfRecords><zs:records><zs:record><zs:recordSchema>mods</zs:recordSchema><zs:recordXMLEscaping>xml</zs:recordXMLEscaping><zs:recordData><mods xmlns:xsi="http://www.w3.org/2001/XMLSchema-instance" xmlns="http://www.loc.gov/mods/v3" version="3.6" xsi:schemaLocation="http://www.loc.gov/mods/v3 http://www.loc.gov/standards/mods/v3/mods-3-6.xsd">
  <name type="personal" usage="primary">
    <namePart>Johann Friedrich</namePart>
    <namePart type="termsOfAddress">I. Hohenlohe-Oehringen, Graf</namePart>
    <namePart type="date">1617-1702</namePart>
  </name>
  <typeOfResource/>
  <originInfo>
    <place>
      <placeTerm type="code" authority="marccountry">bbn</placeTerm>
    </place>
    <issuance/>
  </originInfo>
  <note xmlns:xlink="http://www.w3.org/1999/xlink" xlink:href="(DE-588)11695499X">Johann Friedrich</note>
  <note xmlns:xlink="http://www.w3.org/1999/xlink" xlink:href="(DE-588)4000464-8">(DE-627)006929958 (DE-588)4000464-8 Adel obin r Oberbegriff instantiell</note>
  <note xmlns:xlink="http://www.w3.org/1999/xlink" xlink:href="(DE-588)4021778-4">(DE-627)006943934 (DE-588)4021778-4 Graf adel r Adelstitel</note>
  <subject>
    <geographicCode authority="iso3166">XA-DE</geographicCode>
  </subject>
  <identifier type="uri">http://d-nb.info/gnd/104194871</identifier>
  <recordInfo>
    <descriptionStandard>rda</descriptionStandard>
    <recordContentSource authority="marcorg">DE-627</recordContentSource>
    <recordCreationDate encoding="marc">020621</recordCreationDate>
    <recordChangeDate encoding="iso8601">202003151223.4</recordChangeDate>
    <recordIdentifier source="DE-627">004145666</recordIdentifier>
    <recordOrigin>Converted from MARCXML to MODS version 3.6 using MARC21slim2MODS3-6.xsl
				(Revision 1.119 2018/06/21)</recordOrigin>
    <languageOfCataloging>
      <languageTerm authority="iso639-2b" type="code">ger</languageTerm>
    </languageOfCataloging>
  </recordInfo>
</mods></zs:recordData><zs:recordPosition>1</zs:recordPosition></zs:record><zs:record><zs:recordSchema>mods</zs:recordSchema><zs:recordXMLEscaping>xml</zs:recordXMLEscaping><zs:recordData><mods xmlns:xsi="http://www.w3.org/2001/XMLSchema-instance" xmlns="http://www.loc.gov/mods/v3" version="3.6" xsi:schemaLocation="http://www.loc.gov/mods/v3 http://www.loc.gov/standards/mods/v3/mods-3-6.xsd">
  <titleInfo>
    <title>Orationes Panegyricas In Obitum Illustrissimi Comitis Ac Domini Domini Wolffgangi Iulii Comitis De Hohenloe Et Gleichen ... Itemque In Regimen Auctum Illustrissimi Comitis Ac Domini Domini Joannis Friderici Comitis De Hohenloe Et Gleichen ... Senioris Pii Iusti Comitis Nostri Indulgentissimi In Lyceo Ordruviensi Intimat M. Jo. Christoph. Kiesewetter, Lycei Eiusd. Rector</title>
    <subTitle>[PP. Ordruvii, d. XXI. April. MDCXCIX.]</subTitle>
  </titleInfo>
  <name type="personal" usage="primary">
    <namePart>Kiesewetter, Johann Christoph</namePart>
    <namePart type="date">1666-1744</namePart>
    <role>
      <roleTerm authority="marcrelator" type="code">aut</roleTerm>
    </role>
    <nameIdentifier>(DE-588)125009585 (DE-627)004962710 (DE-576)169697541</nameIdentifier>
  </name>
  <name type="personal">
    <namePart>Wolfgang Julius</namePart>
    <namePart type="termsOfAddress">Hohenlohe-Neuenstein, Graf</namePart>
    <namePart type="date">1622-1698</namePart>
    <role>
      <roleTerm authority="marcrelator" type="code">oth</roleTerm>
    </role>
    <nameIdentifier>(DE-588)128962321 (DE-627)005230012 (DE-576)216291224</nameIdentifier>
  </name>
  <name type="personal">
    <namePart>Johann Friedrich</namePart>
    <namePart type="termsOfAddress">I. Hohenlohe-Oehringen, Graf</namePart>
    <namePart type="date">1617-1702</namePart>
    <role>
      <roleTerm authority="marcrelator" type="code">oth</roleTerm>
    </role>
    <nameIdentifier>(DE-588)104194871 (DE-627)004145666 (DE-576)185383440</nameIdentifier>
  </name>
  <name type="personal">
    <namePart>Wölffing, Johann Daniel</namePart>
    <role>
      <roleTerm authority="marcrelator" type="code">oth</roleTerm>
    </role>
  </name>
  <name type="personal">
    <namePart>Fischer, Heinrich Friedrich</namePart>
    <role>
      <roleTerm authority="marcrelator" type="code">oth</roleTerm>
    </role>
  </name>
  <name type="personal">
    <namePart>Crauser, Georg Heinrich</namePart>
    <role>
      <roleTerm authority="marcrelator" type="code">oth</roleTerm>
    </role>
  </name>
  <name type="personal">
    <namePart>Roth, Ernst Ludwig</namePart>
    <namePart type="date">1680-1727</namePart>
    <role>
      <roleTerm authority="marcrelator" type="code">oth</roleTerm>
    </role>
    <nameIdentifier>(DE-588)1181719186 (DE-627)008691584</nameIdentifier>
  </name>
  <name type="personal">
    <namePart>Bachmann, Nikolaus</namePart>
    <namePart type="date">1661-1728</namePart>
    <role>
      <roleTerm authority="marcrelator" type="code">prt</roleTerm>
    </role>
    <nameIdentifier>(DE-588)1037527798 (DE-627)007481462</nameIdentifier>
  </name>
  <name type="corporate">
    <namePart>Gymnasium Ohrdruf</namePart>
    <role>
      <roleTerm authority="marcrelator" type="code">oth</roleTerm>
    </role>
  </name>
  <typeOfResource>text</typeOfResource>
  <genre authority="rdacontent">nicht spezifiziert</genre>
  <genre authority="local">Schulprogramm</genre>
  <genre authority="local">Altertumskunde</genre>
  <genre authority="local">Gelegenheitsschrift:Tod</genre>
  <genre authority="local">Gelegenheitsschrift:Einladung</genre>
  <genre authority="local">Gelegenheitsschrift:Abschied</genre>
  <originInfo>
    <place>
      <placeTerm type="code" authority="marccountry">xx</placeTerm>
    </place>
    <dateIssued encoding="marc">1699</dateIssued>
    <issuance>monographic</issuance>
  </originInfo>
  <originInfo eventType="publication">
    <place>
      <placeTerm type="text">Arnstadiae</placeTerm>
    </place>
    <publisher>Literis Bachmannianis</publisher>
    <dateIssued>[1699]</dateIssued>
  </originInfo>
  <language>
    <languageTerm authority="iso639-2b" type="code">lat</languageTerm>
  </language>
  <physicalDescription>
    <form authority="marcform">print</form>
    <extent>[6] Bl. 4°</extent>
    <form type="media" authority="rdamedia">nicht spezifiziert</form>
    <form type="carrier" authority="rdacarrier">nicht spezifiziert</form>
  </physicalDescription>
  <note>Schlüsselseiten aus dem Exemplar der FB Gotha: Diss.phil 8° 00065 (84)</note>
  <note>Thema der Programmschrift: De incantationibus sepulchralibus veterum. - Mit Einladung zu den Reden von Johann Daniel Wölffing aus Römhild, Heinrich Friedrich Fischer aus Waldorf (Franken), Georg Heinrich Crauser aus Gotha und Ernst Ludwig Roth aus Schwabhausen</note>
  <identifier type="vd17">39:148828Z</identifier>
  <recordInfo>
    <descriptionStandard>rakwb</descriptionStandard>
    <recordContentSource authority="marcorg">DE-627</recordContentSource>
    <recordCreationDate encoding="marc">020901</recordCreationDate>
    <recordChangeDate encoding="iso8601">20200224140516.0</recordChangeDate>
    <recordIdentifier source="DE-627-4">000363766</recordIdentifier>
    <recordOrigin>Converted from MARCXML to MODS version 3.6 using MARC21slim2MODS3-6.xsl
				(Revision 1.119 2018/06/21)</recordOrigin>
    <languageOfCataloging>
      <languageTerm authority="iso639-2b" type="code">ger</languageTerm>
    </languageOfCataloging>
  </recordInfo>
</mods></zs:recordData><zs:recordPosition>2</zs:recordPosition></zs:record></zs:records><zs:echoedSearchRetrieveRequest><zs:version>2.0</zs:version><zs:query>pica.nid=104194871</zs:query><zs:startRecord>1</zs:startRecord><zs:maximumRecords>500</zs:maximumRecords><zs:recordXMLEscaping>xml</zs:recordXMLEscaping><zs:recordSchema>mods</zs:recordSchema></zs:echoedSearchRetrieveRequest><zs:resultCountPrecision>exact</zs:resultCountPrecision></zs:searchRetrieveResponse>
