<?xml version="1.0" encoding="UTF-8"?>
<zs:searchRetrieveResponse xmlns:zs="http://docs.oasis-open.org/ns/search-ws/sruResponse"><zs:numberOfRecords>2</zs:numberOfRecords><zs:records><zs:record><zs:recordSchema>mods</zs:recordSchema><zs:recordXMLEscaping>xml</zs:recordXMLEscaping><zs:recordData><mods xmlns:xsi="http://www.w3.org/2001/XMLSchema-instance" xmlns="http://www.loc.gov/mods/v3" version="3.6" xsi:schemaLocation="http://www.loc.gov/mods/v3 http://www.loc.gov/standards/mods/v3/mods-3-6.xsd">
  <name type="personal" usage="primary">
    <namePart>Veltheim, Johann Friedrich von</namePart>
    <namePart type="date">1616-1641</namePart>
  </name>
  <typeOfResource/>
  <originInfo>
    <place>
      <placeTerm type="code" authority="marccountry">bbn</placeTerm>
    </place>
    <issuance/>
  </originInfo>
  <identifier type="uri">http://d-nb.info/gnd/131692771</identifier>
  <recordInfo>
    <recordCreationDate encoding="marc">060529</recordCreationDate>
    <recordChangeDate encoding="iso8601">202003151311.5</recordChangeDate>
    <recordIdentifier source="DE-627">00581281X</recordIdentifier>
    <recordOrigin>Converted from MARCXML to MODS version 3.6 using MARC21slim2MODS3-6.xsl
				(Revision 1.119 2018/06/21)</recordOrigin>
  </recordInfo>
</mods></zs:recordData><zs:recordPosition>1</zs:recordPosition></zs:record><zs:record><zs:recordSchema>mods</zs:recordSchema><zs:recordXMLEscaping>xml</zs:recordXMLEscaping><zs:recordData><mods xmlns:xsi="http://www.w3.org/2001/XMLSchema-instance" xmlns="http://www.loc.gov/mods/v3" version="3.6" xsi:schemaLocation="http://www.loc.gov/mods/v3 http://www.loc.gov/standards/mods/v3/mods-3-6.xsd">
  <titleInfo>
    <title>Zwo Christliche Leichpredigten</title>
    <subTitle>Die Erste Auf den 7. 8. und 9. v. des 116. Psal: Bei der Adelichen Sepultur des Weilandt ... Johann Friederichs von Velthem auff Harbke undt Ostraw Erbsassen etc. Welcher den 19. Augusti Zu Hall ... entschlaffen und hernacher den 19. Novemb: Zu Ostrau in der Kirchen ... in sein ruhe Kammerlein versetzet ; Gehalten Anno 1641</subTitle>
  </titleInfo>
  <titleInfo type="alternative">
    <title>Zwei August November</title>
  </titleInfo>
  <titleInfo type="alternative">
    <title>Die Andere Christliche Leichpredig Frommer Gläubiger Christen</title>
  </titleInfo>
  <name type="personal" usage="primary">
    <namePart>Henne, Johannes</namePart>
    <role>
      <roleTerm authority="marcrelator" type="code">aut</roleTerm>
    </role>
    <nameIdentifier>(DE-588)120184117 (DE-627)004348931 (DE-576)292084390</nameIdentifier>
  </name>
  <name type="personal">
    <namePart>Mylius, Valentin</namePart>
    <namePart type="date">1568-1644</namePart>
    <role>
      <roleTerm authority="marcrelator" type="code">aut</roleTerm>
    </role>
    <nameIdentifier>(DE-588)104091274 (DE-627)004128257 (DE-576)288919556</nameIdentifier>
  </name>
  <name type="personal">
    <namePart>Veltheim, Johann Friedrich von</namePart>
    <namePart type="date">1616-1641</namePart>
    <role>
      <roleTerm authority="marcrelator" type="code">oth</roleTerm>
    </role>
    <nameIdentifier>(DE-588)131692771 (DE-627)00581281X (DE-576)298678209</nameIdentifier>
  </name>
  <name type="personal">
    <namePart>Oezelius, Heinricus</namePart>
    <role>
      <roleTerm type="text">BeiträgerIn</roleTerm>
    </role>
    <role>
      <roleTerm authority="marcrelator" type="code">ctb</roleTerm>
    </role>
  </name>
  <name type="personal">
    <namePart>Latermann, Johannes</namePart>
    <role>
      <roleTerm type="text">BeiträgerIn</roleTerm>
    </role>
    <role>
      <roleTerm authority="marcrelator" type="code">ctb</roleTerm>
    </role>
  </name>
  <name type="personal">
    <namePart>Quenstedt, Johannes Andreas</namePart>
    <role>
      <roleTerm type="text">BeiträgerIn</roleTerm>
    </role>
    <role>
      <roleTerm authority="marcrelator" type="code">ctb</roleTerm>
    </role>
  </name>
  <name type="personal">
    <namePart>Redeker, Johannes</namePart>
    <role>
      <roleTerm type="text">BeiträgerIn</roleTerm>
    </role>
    <role>
      <roleTerm authority="marcrelator" type="code">ctb</roleTerm>
    </role>
  </name>
  <name type="personal">
    <namePart>Plochius, Christianus</namePart>
    <role>
      <roleTerm type="text">BeiträgerIn</roleTerm>
    </role>
    <role>
      <roleTerm authority="marcrelator" type="code">ctb</roleTerm>
    </role>
  </name>
  <name type="personal">
    <namePart>Gueintzius, Christianus</namePart>
    <role>
      <roleTerm type="text">BeiträgerIn</roleTerm>
    </role>
    <role>
      <roleTerm authority="marcrelator" type="code">ctb</roleTerm>
    </role>
  </name>
  <name type="personal">
    <namePart>Schmidt, Peter</namePart>
    <role>
      <roleTerm authority="marcrelator" type="code">prt</roleTerm>
    </role>
    <nameIdentifier>(DE-588)1037502094 (DE-627)007481942 (DE-576)391564285</nameIdentifier>
  </name>
  <typeOfResource>text</typeOfResource>
  <genre authority="rdacontent">nicht spezifiziert</genre>
  <genre authority="local">Leichenpredigt</genre>
  <originInfo>
    <place>
      <placeTerm type="code" authority="marccountry">xx</placeTerm>
    </place>
    <dateIssued encoding="marc">1642</dateIssued>
    <issuance>monographic</issuance>
  </originInfo>
  <originInfo eventType="publication">
    <place>
      <placeTerm type="text">Hallis Saxonum</placeTerm>
    </place>
    <publisher>Faber</publisher>
    <dateIssued>[1642]</dateIssued>
  </originInfo>
  <language>
    <languageTerm authority="iso639-2b" type="code">ger</languageTerm>
  </language>
  <physicalDescription>
    <form authority="marcform">print</form>
    <extent>[44] Bl 4°</extent>
    <form type="media" authority="rdamedia">nicht spezifiziert</form>
    <form type="carrier" authority="rdacarrier">nicht spezifiziert</form>
  </physicalDescription>
  <note type="statement of responsibility" altRepGroup="00">[... M. Valentinus Mylius S. Pastor zu Harbke/ M. Johannes Hennen/ Pastor zu Ostraw]</note>
  <note>Schlüsselseiten aus dem Exemplar der HAB Wolfenbüttel: Db 4893 (7)</note>
  <note type="action">Digitalisierung geplant Digitalisierung Regional durch ULB Halle; ULB Halle 2014-03 digitalisiert pdager</note>
  <note>Enth.: Die Andere Christliche Leichpredig Frommer Gläubiger Christen. - Enth. außerdem: In Immaturum Obitum Generosi Iuvenis, Dn. Joan. Friderici Von Veltheimb</note>
  <identifier type="vd17">23:321536S</identifier>
  <relatedItem>
    <location>
      <url displayLabel="Volltext" note="Kostenfrei">http://nbn-resolving.de/urn:nbn:de:gbv:3:1-628588</url>
    </location>
  </relatedItem>
  <recordInfo>
    <descriptionStandard>rakwb</descriptionStandard>
    <recordContentSource authority="marcorg">DE-627</recordContentSource>
    <recordCreationDate encoding="marc">020901</recordCreationDate>
    <recordChangeDate encoding="iso8601">20200310211037.0</recordChangeDate>
    <recordIdentifier source="DE-627-4">000624535</recordIdentifier>
    <recordOrigin>Converted from MARCXML to MODS version 3.6 using MARC21slim2MODS3-6.xsl
				(Revision 1.119 2018/06/21)</recordOrigin>
    <languageOfCataloging>
      <languageTerm authority="iso639-2b" type="code">ger</languageTerm>
    </languageOfCataloging>
  </recordInfo>
</mods></zs:recordData><zs:recordPosition>2</zs:recordPosition></zs:record></zs:records><zs:echoedSearchRetrieveRequest><zs:version>2.0</zs:version><zs:query>pica.nid=131692771</zs:query><zs:startRecord>1</zs:startRecord><zs:maximumRecords>500</zs:maximumRecords><zs:recordXMLEscaping>xml</zs:recordXMLEscaping><zs:recordSchema>mods</zs:recordSchema></zs:echoedSearchRetrieveRequest><zs:resultCountPrecision>exact</zs:resultCountPrecision></zs:searchRetrieveResponse>
