<?xml version="1.0" encoding="UTF-8"?>
<zs:searchRetrieveResponse xmlns:zs="http://docs.oasis-open.org/ns/search-ws/sruResponse"><zs:numberOfRecords>1</zs:numberOfRecords><zs:records><zs:record><zs:recordSchema>marcxml</zs:recordSchema><zs:recordXMLEscaping>xml</zs:recordXMLEscaping><zs:recordData><record xmlns="http://www.loc.gov/MARC21/slim">
  <leader>     cam a22        4500</leader>
  <controlfield tag="001">000041734</controlfield>
  <controlfield tag="003">DE-627-4</controlfield>
  <controlfield tag="005">20210616123246.0</controlfield>
  <controlfield tag="007">tu</controlfield>
  <controlfield tag="008">020901s1673    xx |||||      00| ||ger c</controlfield>
  <datafield tag="024" ind1="7" ind2=" ">
    <subfield code="a">23:262164Q</subfield>
    <subfield code="2">vd17</subfield>
  </datafield>
  <datafield tag="026" ind1=" " ind2=" ">
    <subfield code="e">r.rs enhm itnd leni C 1673A</subfield>
    <subfield code="2">fei</subfield>
  </datafield>
  <datafield tag="035" ind1=" " ind2=" ">
    <subfield code="a">(DE-627-4)000041734</subfield>
  </datafield>
  <datafield tag="035" ind1=" " ind2=" ">
    <subfield code="a">(DE-599)KXP000041734</subfield>
  </datafield>
  <datafield tag="040" ind1=" " ind2=" ">
    <subfield code="a">DE-627</subfield>
    <subfield code="b">ger</subfield>
    <subfield code="c">DE-627</subfield>
    <subfield code="e">rakwb</subfield>
  </datafield>
  <datafield tag="041" ind1=" " ind2=" ">
    <subfield code="a">ger</subfield>
  </datafield>
  <datafield tag="100" ind1="1" ind2=" ">
    <subfield code="a">Meltzer, Georg</subfield>
    <subfield code="0">(DE-588)121431800</subfield>
    <subfield code="0">(DE-627)004460456</subfield>
    <subfield code="0">(DE-576)292706901</subfield>
    <subfield code="4">aut</subfield>
  </datafield>
  <datafield tag="245" ind1="1" ind2="0">
    <subfield code="a">Adelicher Personen Gebühr/ und ihr Lohn dafür/ Ihre Schuldigkeit/ Und des Höchsten Vergelters Mildigkeit/ Ihre Pflicht/ und ihnen von dem gnädigen Gott auffgehendes Freuden-Liecht</subfield>
    <subfield code="b">Bey Volckreicher und Hochansehnlicher Leichbegängnüß Des ... Herrn Daniel von Plessen/ Ihr HochFürstl. Durchl. zu Meckelburg Schwerinischer Seiten wolverdienten Land-Raths ... welcher den 8. Martii nechst verwichenen 1672. Jahrs ... sanfft und seelig ... eingeschlaffen/ und folgends den 25. Sept. selbigen Jahres/ in sein Erb-Begräbnüß zu Hohenkirchen ... beygesetzet worden</subfield>
    <subfield code="c">... vorgestellet ... von Georgio Meltzern/ Pastore zu Hohenkirchen</subfield>
  </datafield>
  <datafield tag="246" ind1="3" ind2="0">
    <subfield code="a">Adliger aufgehendes Freudenlicht Licht volkreicher sanft selig eingeschlafen Leichenbegängnis Erbbegräbnis</subfield>
  </datafield>
  <datafield tag="264" ind1=" " ind2="1">
    <subfield code="a">Wißmar</subfield>
    <subfield code="b">Rhet</subfield>
    <subfield code="c">1673</subfield>
  </datafield>
  <datafield tag="300" ind1=" " ind2=" ">
    <subfield code="a">[59] Bl</subfield>
    <subfield code="b">Ill. (Holzschn.)</subfield>
    <subfield code="c">4°</subfield>
  </datafield>
  <datafield tag="336" ind1=" " ind2=" ">
    <subfield code="a">nicht spezifiziert</subfield>
    <subfield code="b">zzz</subfield>
    <subfield code="2">rdacontent</subfield>
  </datafield>
  <datafield tag="337" ind1=" " ind2=" ">
    <subfield code="a">nicht spezifiziert</subfield>
    <subfield code="b">z</subfield>
    <subfield code="2">rdamedia</subfield>
  </datafield>
  <datafield tag="338" ind1=" " ind2=" ">
    <subfield code="a">nicht spezifiziert</subfield>
    <subfield code="b">zu</subfield>
    <subfield code="2">rdacarrier</subfield>
  </datafield>
  <datafield tag="583" ind1="1" ind2=" ">
    <subfield code="a">Digitalisiert</subfield>
    <subfield code="z">Digitalisierung Regional durch UB Rostock</subfield>
    <subfield code="2">pdager</subfield>
  </datafield>
  <datafield tag="655" ind1=" " ind2="7">
    <subfield code="a">Leichenpredigt</subfield>
    <subfield code="0">(DE-627)00657260X</subfield>
    <subfield code="2">local</subfield>
  </datafield>
  <datafield tag="700" ind1="1" ind2=" ">
    <subfield code="a">Plessen, Daniel von</subfield>
    <subfield code="d">1606-1672</subfield>
    <subfield code="0">(DE-588)121431827</subfield>
    <subfield code="0">(DE-627)004460472</subfield>
    <subfield code="0">(DE-576)292706928</subfield>
    <subfield code="4">oth</subfield>
  </datafield>
  <datafield tag="700" ind1="1" ind2=" ">
    <subfield code="a">Rhete, Joachim Georg</subfield>
    <subfield code="0">(DE-588)1037529642</subfield>
    <subfield code="0">(DE-627)007470355</subfield>
    <subfield code="4">prt</subfield>
  </datafield>
  <datafield tag="751" ind1=" " ind2=" ">
    <subfield code="a">Wismar</subfield>
    <subfield code="4">pup</subfield>
  </datafield>
  <datafield tag="850" ind1=" " ind2=" ">
    <subfield code="a">ca</subfield>
  </datafield>
  <datafield tag="856" ind1="4" ind2="1">
    <subfield code="u">http://purl.uni-rostock.de/rosdok/ppn777427605</subfield>
    <subfield code="t">// 2014 digitalisiert von: Universitätsbibliothek Rostock. Exemplar mit der Signatur: LB FP Plessen, Daniel 1673</subfield>
    <subfield code="x">Digitalisierung</subfield>
    <subfield code="z">kostenfrei</subfield>
    <subfield code="3">Volltext</subfield>
  </datafield>
  <datafield tag="924" ind1="0" ind2=" ">
    <subfield code="a">000898694</subfield>
    <subfield code="b">DE-23</subfield>
    <subfield code="9">23</subfield>
    <subfield code="c">GBV</subfield>
    <subfield code="g">Xa 1:28 (12)</subfield>
  </datafield>
  <datafield tag="924" ind1="0" ind2=" ">
    <subfield code="a">007299745</subfield>
    <subfield code="b">DE-28</subfield>
    <subfield code="9">28</subfield>
    <subfield code="c">GBV</subfield>
    <subfield code="g">LB FP Plessen, Daniel 1673</subfield>
    <subfield code="h">28-SON</subfield>
  </datafield>
  <datafield tag="951" ind1=" " ind2=" ">
    <subfield code="a">BO</subfield>
  </datafield>
</record></zs:recordData><zs:recordPosition>1</zs:recordPosition></zs:record></zs:records><zs:echoedSearchRetrieveRequest><zs:version>2.0</zs:version><zs:query>pica.nid=121431827</zs:query><zs:startRecord>1</zs:startRecord><zs:maximumRecords>500</zs:maximumRecords><zs:recordXMLEscaping>xml</zs:recordXMLEscaping><zs:recordSchema>marcxml</zs:recordSchema></zs:echoedSearchRetrieveRequest><zs:resultCountPrecision>exact</zs:resultCountPrecision></zs:searchRetrieveResponse>
