<?xml version="1.0" encoding="UTF-8"?>
<zs:searchRetrieveResponse xmlns:zs="http://docs.oasis-open.org/ns/search-ws/sruResponse"><zs:numberOfRecords>3</zs:numberOfRecords><zs:records><zs:record><zs:recordSchema>mods</zs:recordSchema><zs:recordXMLEscaping>xml</zs:recordXMLEscaping><zs:recordData><mods xmlns:xsi="http://www.w3.org/2001/XMLSchema-instance" xmlns="http://www.loc.gov/mods/v3" version="3.6" xsi:schemaLocation="http://www.loc.gov/mods/v3 http://www.loc.gov/standards/mods/v3/mods-3-6.xsd">
  <name type="personal" usage="primary">
    <namePart>Kinsky, Ulrich von</namePart>
  </name>
  <typeOfResource/>
  <originInfo>
    <place>
      <placeTerm type="code" authority="marccountry">bbn</placeTerm>
    </place>
    <issuance/>
  </originInfo>
  <note xmlns:xlink="http://www.w3.org/1999/xlink" xlink:href="(DE-588)1059151316">Wchynsky zu Wchynicz und Tettau, Adolph Ernst</note>
  <note xmlns:xlink="http://www.w3.org/1999/xlink" xlink:href="(DE-588)103876971X">Kinsky, Moritz Philipp von</note>
  <subject>
    <geographicCode authority="iso3166">ZZ</geographicCode>
  </subject>
  <identifier type="uri">http://d-nb.info/gnd/128742658</identifier>
  <recordInfo>
    <recordCreationDate encoding="marc">040210</recordCreationDate>
    <recordChangeDate encoding="iso8601">202003211344.3</recordChangeDate>
    <recordIdentifier source="DE-627">005132169</recordIdentifier>
    <recordOrigin>Converted from MARCXML to MODS version 3.6 using MARC21slim2MODS3-6.xsl
				(Revision 1.119 2018/06/21)</recordOrigin>
  </recordInfo>
</mods></zs:recordData><zs:recordPosition>1</zs:recordPosition></zs:record><zs:record><zs:recordSchema>mods</zs:recordSchema><zs:recordXMLEscaping>xml</zs:recordXMLEscaping><zs:recordData><mods xmlns:xsi="http://www.w3.org/2001/XMLSchema-instance" xmlns="http://www.loc.gov/mods/v3" version="3.6" xsi:schemaLocation="http://www.loc.gov/mods/v3 http://www.loc.gov/standards/mods/v3/mods-3-6.xsd">
  <titleInfo>
    <title>Donum Nundinale, Oder Meß-Gaabe</title>
    <subTitle>Welche bestehet In allerhand merkwürdigen Lähren/ vortreflichen Fragen/ und scharfsinnigen Beantwortungen; Benebenst Einigen wider die Melancholey dienenden Begebenheiten</subTitle>
  </titleInfo>
  <titleInfo type="alternative">
    <title>Meß-Gabe Lehren vortrefflichen Melancholie Lieblern Messgabe bestehend</title>
  </titleInfo>
  <name type="personal" usage="primary">
    <namePart>Kinsky, Ulrich von</namePart>
    <role>
      <roleTerm authority="marcrelator" type="code">aut</roleTerm>
    </role>
    <nameIdentifier>(DE-588)128742658 (DE-627)005132169</nameIdentifier>
  </name>
  <typeOfResource>text</typeOfResource>
  <genre authority="rdacontent">nicht spezifiziert</genre>
  <genre authority="local">Anthologie</genre>
  <originInfo>
    <place>
      <placeTerm type="code" authority="marccountry">xx</placeTerm>
    </place>
    <dateIssued encoding="marc">1673</dateIssued>
    <issuance>monographic</issuance>
  </originInfo>
  <originInfo eventType="publication">
    <place>
      <placeTerm type="text">Rapperschweyl</placeTerm>
    </place>
    <publisher>Liebler</publisher>
    <dateIssued>1673</dateIssued>
  </originInfo>
  <language>
    <languageTerm authority="iso639-2b" type="code">ger</languageTerm>
  </language>
  <physicalDescription>
    <form authority="marcform">print</form>
    <extent>119 S 12°</extent>
    <form type="media" authority="rdamedia">nicht spezifiziert</form>
    <form type="carrier" authority="rdacarrier">nicht spezifiziert</form>
  </physicalDescription>
  <note type="statement of responsibility" altRepGroup="00">Einem jeden verehret Von dem Freygebigen [d. i. Ulrich von Kinsky]</note>
  <note>Schlüsselseiten aus dem Exemplar der SBB-PK Berlin: Yt 9511</note>
  <note>Nach Goedeke ist Ulrich von Kinsky Mitglied der Fruchtbringenden Gesellschaft unter dem Namen Der Freygebige</note>
  <note>Vorlageform des Erscheinungsvermerks: Gedrukt zu Rapperschweyl/ bey Henning Lieblem. Im Jahr MDCLXXIII.</note>
  <note type="action">Digitalisierung geplant Digitalisierung Unika durch SBB-PK Berlin pdager</note>
  <identifier type="vd17">1:642505G</identifier>
  <relatedItem>
    <location>
      <url displayLabel="Volltext" note="Kostenfrei">http://resolver.staatsbibliothek-berlin.de/SBB0001C71900000000</url>
    </location>
  </relatedItem>
  <recordInfo>
    <descriptionStandard>rakwb</descriptionStandard>
    <recordContentSource authority="marcorg">DE-627</recordContentSource>
    <recordCreationDate encoding="marc">040209</recordCreationDate>
    <recordChangeDate encoding="iso8601">20200310220807.0</recordChangeDate>
    <recordIdentifier source="DE-627-4">00513188X</recordIdentifier>
    <recordOrigin>Converted from MARCXML to MODS version 3.6 using MARC21slim2MODS3-6.xsl
				(Revision 1.119 2018/06/21)</recordOrigin>
    <languageOfCataloging>
      <languageTerm authority="iso639-2b" type="code">ger</languageTerm>
    </languageOfCataloging>
  </recordInfo>
</mods></zs:recordData><zs:recordPosition>2</zs:recordPosition></zs:record><zs:record><zs:recordSchema>mods</zs:recordSchema><zs:recordXMLEscaping>xml</zs:recordXMLEscaping><zs:recordData><mods xmlns:xsi="http://www.w3.org/2001/XMLSchema-instance" xmlns="http://www.loc.gov/mods/v3" version="3.6" xsi:schemaLocation="http://www.loc.gov/mods/v3 http://www.loc.gov/standards/mods/v3/mods-3-6.xsd">
  <titleInfo>
    <title>Poetische Götter-Lust/ Bey Des Hoch-Wohlgebohrnen Grafen und Herrn/ Herrn Ulrichs Kinsky ... Als Hoch-Gräflichen Herrn Bräutigams/ Und ... Annen Catharinen/Des ... George Jobs von Carlowitz ... Tochter ... Als Hoch-Adlichen Jungfer Braut/ Den 29. Jenners des 1665sten Jahrs ... Hochansehnlichst angestellten/ und gehaltnen Gräflichen Beylager</title>
  </titleInfo>
  <titleInfo type="alternative">
    <title>hoch-wohlgebornen hoch-adligen Januars Beilager</title>
  </titleInfo>
  <name type="personal" usage="primary">
    <namePart>Georgenfelder, Methodius</namePart>
    <role>
      <roleTerm authority="marcrelator" type="code">aut</roleTerm>
    </role>
    <nameIdentifier>(DE-588)120530864 (DE-627)004385330 (DE-576)169194728</nameIdentifier>
  </name>
  <name type="personal">
    <namePart>Schmid, Johann Christoph</namePart>
    <role>
      <roleTerm authority="marcrelator" type="code">oth</roleTerm>
    </role>
  </name>
  <name type="personal">
    <namePart>Kinsky, Ulrich von</namePart>
    <role>
      <roleTerm authority="marcrelator" type="code">oth</roleTerm>
    </role>
    <nameIdentifier>(DE-588)128742658 (DE-627)005132169</nameIdentifier>
  </name>
  <name type="personal">
    <namePart>Kinsky, Anna Catharina von</namePart>
    <role>
      <roleTerm authority="marcrelator" type="code">oth</roleTerm>
    </role>
  </name>
  <name type="personal">
    <namePart>Bergen, Melchior</namePart>
    <role>
      <roleTerm authority="marcrelator" type="code">prt</roleTerm>
    </role>
    <nameIdentifier>(DE-588)1037511379 (DE-627)007477015 (DE-576)391554980</nameIdentifier>
  </name>
  <typeOfResource>text</typeOfResource>
  <genre authority="rdacontent">nicht spezifiziert</genre>
  <genre authority="local">Gelegenheitsschrift:Hochzeit</genre>
  <originInfo>
    <place>
      <placeTerm type="code" authority="marccountry">xx</placeTerm>
    </place>
    <dateIssued encoding="marc">1665</dateIssued>
    <issuance>monographic</issuance>
  </originInfo>
  <originInfo eventType="publication">
    <place>
      <placeTerm type="text">Dreßden</placeTerm>
    </place>
    <publisher>Bergen</publisher>
    <dateIssued>1665</dateIssued>
  </originInfo>
  <language>
    <languageTerm authority="iso639-2b" type="code">ger</languageTerm>
  </language>
  <language>
    <languageTerm authority="iso639-2b" type="code">lat</languageTerm>
  </language>
  <physicalDescription>
    <form authority="marcform">print</form>
    <extent>[6] Bl. 2°</extent>
    <form type="media" authority="rdamedia">nicht spezifiziert</form>
    <form type="carrier" authority="rdacarrier">nicht spezifiziert</form>
  </physicalDescription>
  <note type="statement of responsibility" altRepGroup="00">gestifftet/ und an Deroselben Hochzeitlichen Ehr- und Freuden-Tafel/ vermittelst gegenwärtigen Lateinischen Aufsatzes schuldigst beygebracht von Methodio Georgenfeldern ... und in die Muttersprache übertragen Durch M. Johann Christof Schmiden</note>
  <note>Hochzeitsschrift auf Ulrich Kinsky und Anna Catharina, geb. von Carlowitz</note>
  <note>Schlüsselseiten aus dem Exemplar der SLUB Dresden: 1.B.8338,angeb.126</note>
  <note type="language">Text dt. u. lat.</note>
  <note type="action">Digitalisierung geplant Digitalisierung Unika durch SLUB Dresden pdager</note>
  <identifier type="vd17">14:001951A</identifier>
  <recordInfo>
    <descriptionStandard>rakwb</descriptionStandard>
    <recordContentSource authority="marcorg">DE-627</recordContentSource>
    <recordCreationDate encoding="marc">020901</recordCreationDate>
    <recordChangeDate encoding="iso8601">20200224151031.0</recordChangeDate>
    <recordIdentifier source="DE-627-4">00142307X</recordIdentifier>
    <recordOrigin>Converted from MARCXML to MODS version 3.6 using MARC21slim2MODS3-6.xsl
				(Revision 1.119 2018/06/21)</recordOrigin>
    <languageOfCataloging>
      <languageTerm authority="iso639-2b" type="code">ger</languageTerm>
    </languageOfCataloging>
  </recordInfo>
</mods></zs:recordData><zs:recordPosition>3</zs:recordPosition></zs:record></zs:records><zs:echoedSearchRetrieveRequest><zs:version>2.0</zs:version><zs:query>pica.nid=128742658</zs:query><zs:startRecord>1</zs:startRecord><zs:maximumRecords>500</zs:maximumRecords><zs:recordXMLEscaping>xml</zs:recordXMLEscaping><zs:recordSchema>mods</zs:recordSchema></zs:echoedSearchRetrieveRequest><zs:resultCountPrecision>exact</zs:resultCountPrecision></zs:searchRetrieveResponse>
