<?xml version="1.0" encoding="UTF-8"?>
<zs:searchRetrieveResponse xmlns:zs="http://docs.oasis-open.org/ns/search-ws/sruResponse"><zs:numberOfRecords>7</zs:numberOfRecords><zs:records><zs:record><zs:recordSchema>marcxml</zs:recordSchema><zs:recordXMLEscaping>xml</zs:recordXMLEscaping><zs:recordData><record xmlns="http://www.loc.gov/MARC21/slim">
  <leader>     cam a22        4500</leader>
  <controlfield tag="001">000756229</controlfield>
  <controlfield tag="003">DE-627-4</controlfield>
  <controlfield tag="005">20210604103331.0</controlfield>
  <controlfield tag="007">tu</controlfield>
  <controlfield tag="008">020901s1648    xx |||||      00| ||ger c</controlfield>
  <datafield tag="024" ind1="7" ind2=" ">
    <subfield code="a">23:254276X</subfield>
    <subfield code="2">vd17</subfield>
  </datafield>
  <datafield tag="026" ind1=" " ind2=" ">
    <subfield code="e">A-r- b-zu l,su Wewa C 1648A</subfield>
    <subfield code="2">fei</subfield>
  </datafield>
  <datafield tag="035" ind1=" " ind2=" ">
    <subfield code="a">(DE-627-4)000756229</subfield>
  </datafield>
  <datafield tag="035" ind1=" " ind2=" ">
    <subfield code="a">(DE-599)KXP000756229</subfield>
  </datafield>
  <datafield tag="040" ind1=" " ind2=" ">
    <subfield code="a">DE-627</subfield>
    <subfield code="b">ger</subfield>
    <subfield code="c">DE-627</subfield>
    <subfield code="e">rakwb</subfield>
  </datafield>
  <datafield tag="041" ind1=" " ind2=" ">
    <subfield code="a">ger</subfield>
  </datafield>
  <datafield tag="100" ind1="1" ind2=" ">
    <subfield code="a">Freiesleben, Jakob</subfield>
    <subfield code="d">1598-1657</subfield>
    <subfield code="0">(DE-588)102458685</subfield>
    <subfield code="0">(DE-627)004107241</subfield>
    <subfield code="0">(DE-576)288784049</subfield>
    <subfield code="4">aut</subfield>
  </datafield>
  <datafield tag="245" ind1="1" ind2="0">
    <subfield code="a">Exequiae Bünavianae. Das ist/ Christlicher Leichen- und Gedächtnis-Sermon/ Dem ... Herrn Rudolphen von Bünau ...</subfield>
    <subfield code="b">Welcher im Jahr Christi 1647. den 12. Decembris ... der Welt ... abgedancket/ und den 17. Januarii folgendes 1648. Jahres ... in der Kloster-Kirchen zu Altenburg in seine ... Grabes-Krufft gesencket worden</subfield>
    <subfield code="c">... gehalten durch M. Jacobum Freießleben ...</subfield>
  </datafield>
  <datafield tag="246" ind1="3" ind2="0">
    <subfield code="a">abgedankt Grabes-Gruft</subfield>
  </datafield>
  <datafield tag="264" ind1=" " ind2="1">
    <subfield code="a">Altenburg</subfield>
    <subfield code="b">Michael</subfield>
    <subfield code="c">1648</subfield>
  </datafield>
  <datafield tag="300" ind1=" " ind2=" ">
    <subfield code="a">[44] Bl</subfield>
    <subfield code="c">4°</subfield>
  </datafield>
  <datafield tag="336" ind1=" " ind2=" ">
    <subfield code="a">nicht spezifiziert</subfield>
    <subfield code="b">zzz</subfield>
    <subfield code="2">rdacontent</subfield>
  </datafield>
  <datafield tag="337" ind1=" " ind2=" ">
    <subfield code="a">nicht spezifiziert</subfield>
    <subfield code="b">z</subfield>
    <subfield code="2">rdamedia</subfield>
  </datafield>
  <datafield tag="338" ind1=" " ind2=" ">
    <subfield code="a">nicht spezifiziert</subfield>
    <subfield code="b">zu</subfield>
    <subfield code="2">rdacarrier</subfield>
  </datafield>
  <datafield tag="500" ind1=" " ind2=" ">
    <subfield code="a">Schlüsselseiten liegen noch nicht vor Xa 1:5 (11) (HAB Wolfenbüttel)</subfield>
  </datafield>
  <datafield tag="655" ind1=" " ind2="7">
    <subfield code="a">Leichenpredigt</subfield>
    <subfield code="0">(DE-627)00657260X</subfield>
    <subfield code="2">local</subfield>
  </datafield>
  <datafield tag="700" ind1="1" ind2=" ">
    <subfield code="a">Bünau, Rudolph von</subfield>
    <subfield code="d">1593-1647</subfield>
    <subfield code="0">(DE-588)122942965</subfield>
    <subfield code="0">(DE-627)004623355</subfield>
    <subfield code="0">(DE-576)29348676X</subfield>
    <subfield code="4">oth</subfield>
  </datafield>
  <datafield tag="700" ind1="1" ind2=" ">
    <subfield code="a">Bünau, Amalie Dorothee von</subfield>
    <subfield code="e">WidmungsempfängerIn</subfield>
    <subfield code="4">dte</subfield>
  </datafield>
  <datafield tag="700" ind1="1" ind2=" ">
    <subfield code="a">Reinesius, Th.</subfield>
    <subfield code="e">BeiträgerIn</subfield>
    <subfield code="4">ctb</subfield>
  </datafield>
  <datafield tag="700" ind1="1" ind2=" ">
    <subfield code="a">Cundisius, Gothofredus</subfield>
    <subfield code="e">BeiträgerIn</subfield>
    <subfield code="4">ctb</subfield>
  </datafield>
  <datafield tag="700" ind1="1" ind2=" ">
    <subfield code="a">Caselius, Martinus</subfield>
    <subfield code="e">BeiträgerIn</subfield>
    <subfield code="4">ctb</subfield>
  </datafield>
  <datafield tag="700" ind1="1" ind2=" ">
    <subfield code="a">Grauel, Heinrich</subfield>
    <subfield code="e">BeiträgerIn</subfield>
    <subfield code="4">ctb</subfield>
  </datafield>
  <datafield tag="700" ind1="1" ind2=" ">
    <subfield code="a">Bünau, Heinrich von</subfield>
    <subfield code="e">BeiträgerIn</subfield>
    <subfield code="4">ctb</subfield>
  </datafield>
  <datafield tag="700" ind1="1" ind2=" ">
    <subfield code="a">Sidelius, Joachimus</subfield>
    <subfield code="e">BeiträgerIn</subfield>
    <subfield code="4">ctb</subfield>
  </datafield>
  <datafield tag="700" ind1="1" ind2=" ">
    <subfield code="a">Eichler, Salomon</subfield>
    <subfield code="e">BeiträgerIn</subfield>
    <subfield code="4">ctb</subfield>
  </datafield>
  <datafield tag="700" ind1="1" ind2=" ">
    <subfield code="a">Megandrus, Christianus Ernestus</subfield>
    <subfield code="e">BeiträgerIn</subfield>
    <subfield code="4">ctb</subfield>
  </datafield>
  <datafield tag="700" ind1="1" ind2=" ">
    <subfield code="a">Crellius, Michael</subfield>
    <subfield code="e">BeiträgerIn</subfield>
    <subfield code="4">ctb</subfield>
  </datafield>
  <datafield tag="700" ind1="0" ind2=" ">
    <subfield code="a">L. S.</subfield>
    <subfield code="e">BeiträgerIn</subfield>
    <subfield code="4">ctb</subfield>
  </datafield>
  <datafield tag="700" ind1="1" ind2=" ">
    <subfield code="a">Wolff, Petrus Paulus</subfield>
    <subfield code="e">BeiträgerIn</subfield>
    <subfield code="4">ctb</subfield>
  </datafield>
  <datafield tag="700" ind1="1" ind2=" ">
    <subfield code="a">Michael, Otto</subfield>
    <subfield code="d">-1659</subfield>
    <subfield code="0">(DE-588)1037525647</subfield>
    <subfield code="0">(DE-627)007479158</subfield>
    <subfield code="4">prt</subfield>
  </datafield>
  <datafield tag="751" ind1=" " ind2=" ">
    <subfield code="a">Altenburg</subfield>
    <subfield code="4">pup</subfield>
  </datafield>
  <datafield tag="856" ind1="4" ind2="1">
    <subfield code="u">http://diglib.hab.de/drucke/xa-1-5b-11s/start.htm</subfield>
    <subfield code="q">image/jpeg</subfield>
    <subfield code="t">digitalisiert von: Herzog August Bibliothek Wolfenbüttel, Exemplar mit der Signatur: Xa 1:5 (11)</subfield>
    <subfield code="x">Digitalisierung</subfield>
    <subfield code="z">kostenfrei</subfield>
    <subfield code="3">Volltext</subfield>
  </datafield>
  <datafield tag="924" ind1="0" ind2=" ">
    <subfield code="a">001462024</subfield>
    <subfield code="b">DE-23</subfield>
    <subfield code="9">23</subfield>
    <subfield code="c">GBV</subfield>
    <subfield code="g">Xa 1:5 (11)</subfield>
  </datafield>
  <datafield tag="951" ind1=" " ind2=" ">
    <subfield code="a">BO</subfield>
  </datafield>
</record></zs:recordData><zs:recordPosition>1</zs:recordPosition></zs:record><zs:record><zs:recordSchema>marcxml</zs:recordSchema><zs:recordXMLEscaping>xml</zs:recordXMLEscaping><zs:recordData><record xmlns="http://www.loc.gov/MARC21/slim">
  <leader>     cam a22        4500</leader>
  <controlfield tag="001">000755915</controlfield>
  <controlfield tag="003">DE-627-4</controlfield>
  <controlfield tag="005">20210119102839.0</controlfield>
  <controlfield tag="007">tu</controlfield>
  <controlfield tag="008">020901s1648    xx |||||      00| ||ger c</controlfield>
  <datafield tag="024" ind1="7" ind2=" ">
    <subfield code="a">39:113851K</subfield>
    <subfield code="2">vd17</subfield>
  </datafield>
  <datafield tag="026" ind1=" " ind2=" ">
    <subfield code="e">A-r- e-zu elge heen C 1648A</subfield>
    <subfield code="2">fei</subfield>
  </datafield>
  <datafield tag="035" ind1=" " ind2=" ">
    <subfield code="a">(DE-627-4)000755915</subfield>
  </datafield>
  <datafield tag="035" ind1=" " ind2=" ">
    <subfield code="a">(DE-599)KXP000755915</subfield>
  </datafield>
  <datafield tag="040" ind1=" " ind2=" ">
    <subfield code="a">DE-627</subfield>
    <subfield code="b">ger</subfield>
    <subfield code="c">DE-627</subfield>
    <subfield code="e">rakwb</subfield>
  </datafield>
  <datafield tag="041" ind1=" " ind2=" ">
    <subfield code="a">ger</subfield>
  </datafield>
  <datafield tag="100" ind1="1" ind2=" ">
    <subfield code="a">Freiesleben, Jakob</subfield>
    <subfield code="d">1598-1657</subfield>
    <subfield code="0">(DE-588)102458685</subfield>
    <subfield code="0">(DE-627)004107241</subfield>
    <subfield code="0">(DE-576)288784049</subfield>
    <subfield code="4">aut</subfield>
  </datafield>
  <datafield tag="245" ind1="1" ind2="0">
    <subfield code="a">Exequiae Bünavianae. Das ist/ Christlicher Leichen- und Gedächtnis-Sermon/ Dem ... Rudolphen von Bünau ...</subfield>
    <subfield code="b">Welcher im Jahr Christi 1647. den 12. Decembris ... der Welt durch einen seligen Todt abgedancket/ und den 17. Januarii folgendes 1648. Jahres ... in der Kloster-Kirchen zu Altenburg in seine ... Grabes-Krufft gesencket worden/</subfield>
    <subfield code="c">bey respective gnädiger Gegenwart und Anwesenheit hoher Fürstlicher/ Adelicher und vieler anderer Personen zu Ehren gehalten/ durch M. Jacobum Freießleben ...</subfield>
  </datafield>
  <datafield tag="246" ind1="3" ind2="0">
    <subfield code="a">Tod abgedanket Grabes-Gruft</subfield>
  </datafield>
  <datafield tag="264" ind1=" " ind2="1">
    <subfield code="a">Altenburg</subfield>
    <subfield code="b">Michael</subfield>
    <subfield code="c">1648</subfield>
  </datafield>
  <datafield tag="300" ind1=" " ind2=" ">
    <subfield code="a">[44] Bl</subfield>
    <subfield code="c">4°</subfield>
  </datafield>
  <datafield tag="336" ind1=" " ind2=" ">
    <subfield code="a">nicht spezifiziert</subfield>
    <subfield code="b">zzz</subfield>
    <subfield code="2">rdacontent</subfield>
  </datafield>
  <datafield tag="337" ind1=" " ind2=" ">
    <subfield code="a">nicht spezifiziert</subfield>
    <subfield code="b">z</subfield>
    <subfield code="2">rdamedia</subfield>
  </datafield>
  <datafield tag="338" ind1=" " ind2=" ">
    <subfield code="a">nicht spezifiziert</subfield>
    <subfield code="b">zu</subfield>
    <subfield code="2">rdacarrier</subfield>
  </datafield>
  <datafield tag="500" ind1=" " ind2=" ">
    <subfield code="a">Zwischentitelbl. des enth. Werkes nicht verfilmt</subfield>
  </datafield>
  <datafield tag="500" ind1=" " ind2=" ">
    <subfield code="a">Schlüsselseiten aus Exemplar LP R 8° III, 6 (11) (UFB Erfurt/Gotha)</subfield>
  </datafield>
  <datafield tag="501" ind1=" " ind2=" ">
    <subfield code="a">Enth. außerdem: Lessus metrici, super obitum Dn. Rudolphi a Bünau ... d. 12. Decembr. Anno MDCXXXXVII. placidissime rebus humanis exemti, ab Amicis, Filiis &amp; Clientibus conscripti &amp; Posteritati consecrati</subfield>
  </datafield>
  <datafield tag="583" ind1="1" ind2=" ">
    <subfield code="a">Digitalisierung geplant</subfield>
    <subfield code="z">Digitalisierung Mainstream durch SUB Göttingen</subfield>
    <subfield code="2">pdager</subfield>
  </datafield>
  <datafield tag="655" ind1=" " ind2="7">
    <subfield code="a">Leichenpredigt</subfield>
    <subfield code="0">(DE-627)00657260X</subfield>
    <subfield code="2">local</subfield>
  </datafield>
  <datafield tag="700" ind1="1" ind2=" ">
    <subfield code="a">Bünau, Rudolph von</subfield>
    <subfield code="d">1593-1647</subfield>
    <subfield code="0">(DE-588)122942965</subfield>
    <subfield code="0">(DE-627)004623355</subfield>
    <subfield code="0">(DE-576)29348676X</subfield>
    <subfield code="4">oth</subfield>
  </datafield>
  <datafield tag="700" ind1="1" ind2=" ">
    <subfield code="a">Crellius, Michael</subfield>
    <subfield code="e">BeiträgerIn</subfield>
    <subfield code="4">ctb</subfield>
  </datafield>
  <datafield tag="700" ind1="1" ind2=" ">
    <subfield code="a">Wolff, Petrus Paulus</subfield>
    <subfield code="e">BeiträgerIn</subfield>
    <subfield code="4">ctb</subfield>
  </datafield>
  <datafield tag="700" ind1="1" ind2=" ">
    <subfield code="a">Sidelius, Joachimus</subfield>
    <subfield code="e">BeiträgerIn</subfield>
    <subfield code="4">ctb</subfield>
  </datafield>
  <datafield tag="700" ind1="1" ind2=" ">
    <subfield code="a">Schelhase, Justinus</subfield>
    <subfield code="e">BeiträgerIn</subfield>
    <subfield code="4">ctb</subfield>
  </datafield>
  <datafield tag="700" ind1="1" ind2=" ">
    <subfield code="a">Reinesius, Th.</subfield>
    <subfield code="e">BeiträgerIn</subfield>
    <subfield code="4">ctb</subfield>
  </datafield>
  <datafield tag="700" ind1="1" ind2=" ">
    <subfield code="a">Grauel, Heinrich</subfield>
    <subfield code="e">BeiträgerIn</subfield>
    <subfield code="4">ctb</subfield>
  </datafield>
  <datafield tag="700" ind1="1" ind2=" ">
    <subfield code="a">Cundisius, Gothofredus</subfield>
    <subfield code="e">BeiträgerIn</subfield>
    <subfield code="4">ctb</subfield>
  </datafield>
  <datafield tag="700" ind1="1" ind2=" ">
    <subfield code="a">Caselius, Martinus</subfield>
    <subfield code="e">BeiträgerIn</subfield>
    <subfield code="4">ctb</subfield>
  </datafield>
  <datafield tag="700" ind1="1" ind2=" ">
    <subfield code="a">Megandrus, Christianus Ernestus</subfield>
    <subfield code="e">BeiträgerIn</subfield>
    <subfield code="4">ctb</subfield>
  </datafield>
  <datafield tag="700" ind1="1" ind2=" ">
    <subfield code="a">Bünau, Rudolph a</subfield>
    <subfield code="e">BeiträgerIn</subfield>
    <subfield code="4">ctb</subfield>
  </datafield>
  <datafield tag="700" ind1="1" ind2=" ">
    <subfield code="a">Clauderus, Josephus</subfield>
    <subfield code="e">BeiträgerIn</subfield>
    <subfield code="4">ctb</subfield>
  </datafield>
  <datafield tag="700" ind1="1" ind2=" ">
    <subfield code="a">Bünau, Heinrich a</subfield>
    <subfield code="e">BeiträgerIn</subfield>
    <subfield code="4">ctb</subfield>
  </datafield>
  <datafield tag="700" ind1="1" ind2=" ">
    <subfield code="a">Eichler, Salomon</subfield>
    <subfield code="e">BeiträgerIn</subfield>
    <subfield code="4">ctb</subfield>
  </datafield>
  <datafield tag="700" ind1="1" ind2=" ">
    <subfield code="a">Saybantus, Gaudentius</subfield>
    <subfield code="e">BeiträgerIn</subfield>
    <subfield code="4">ctb</subfield>
  </datafield>
  <datafield tag="700" ind1="1" ind2=" ">
    <subfield code="a">Michael, Otto</subfield>
    <subfield code="d">-1659</subfield>
    <subfield code="0">(DE-588)1037525647</subfield>
    <subfield code="0">(DE-627)007479158</subfield>
    <subfield code="4">prt</subfield>
  </datafield>
  <datafield tag="751" ind1=" " ind2=" ">
    <subfield code="a">Altenburg</subfield>
    <subfield code="4">pup</subfield>
  </datafield>
  <datafield tag="850" ind1=" " ind2=" ">
    <subfield code="a">cb</subfield>
  </datafield>
  <datafield tag="924" ind1="0" ind2=" ">
    <subfield code="a">00021356X</subfield>
    <subfield code="b">DE-1a</subfield>
    <subfield code="9">1a</subfield>
    <subfield code="c">GBV</subfield>
    <subfield code="d">b</subfield>
    <subfield code="g">Ee 700-504</subfield>
    <subfield code="h">1:R</subfield>
  </datafield>
  <datafield tag="924" ind1="0" ind2=" ">
    <subfield code="a">002462257</subfield>
    <subfield code="b">DE-547</subfield>
    <subfield code="9">547</subfield>
    <subfield code="c">GBV</subfield>
    <subfield code="d">b</subfield>
    <subfield code="g">LP R 8° III, 00006 (11)</subfield>
    <subfield code="g">Forschungsbibliothek Gotha</subfield>
    <subfield code="h">FBG MAG</subfield>
  </datafield>
  <datafield tag="924" ind1="0" ind2=" ">
    <subfield code="a">002462265</subfield>
    <subfield code="b">DE-547</subfield>
    <subfield code="9">547</subfield>
    <subfield code="c">GBV</subfield>
    <subfield code="d">b</subfield>
    <subfield code="g">Theol 4° 00950-951 (04)</subfield>
    <subfield code="g">Forschungsbibliothek Gotha</subfield>
    <subfield code="h">FBG MAG</subfield>
  </datafield>
  <datafield tag="924" ind1="0" ind2=" ">
    <subfield code="a">004724844</subfield>
    <subfield code="b">DE-7</subfield>
    <subfield code="9">7</subfield>
    <subfield code="c">GBV</subfield>
    <subfield code="g">4 CONC FUN 15 (19)</subfield>
  </datafield>
  <datafield tag="924" ind1="0" ind2=" ">
    <subfield code="a">005017831</subfield>
    <subfield code="b">DE-14</subfield>
    <subfield code="9">14</subfield>
    <subfield code="c">BSZ</subfield>
    <subfield code="d">c</subfield>
    <subfield code="g">6.A.6196</subfield>
  </datafield>
  <datafield tag="951" ind1=" " ind2=" ">
    <subfield code="a">BO</subfield>
  </datafield>
</record></zs:recordData><zs:recordPosition>2</zs:recordPosition></zs:record><zs:record><zs:recordSchema>marcxml</zs:recordSchema><zs:recordXMLEscaping>xml</zs:recordXMLEscaping><zs:recordData><record xmlns="http://www.loc.gov/MARC21/slim">
  <leader>     cam a22        4500</leader>
  <controlfield tag="001">008801096</controlfield>
  <controlfield tag="003">DE-627-4</controlfield>
  <controlfield tag="005">20200310092503.0</controlfield>
  <controlfield tag="007">tu</controlfield>
  <controlfield tag="008">200309s1620    xx |||||      00| ||ger c</controlfield>
  <datafield tag="024" ind1="7" ind2=" ">
    <subfield code="a">15:749005N</subfield>
    <subfield code="2">vd17</subfield>
  </datafield>
  <datafield tag="026" ind1=" " ind2=" ">
    <subfield code="e">0.n, t.it jeit n,in S 1620A</subfield>
    <subfield code="2">fei</subfield>
  </datafield>
  <datafield tag="035" ind1=" " ind2=" ">
    <subfield code="a">(DE-627-4)008801096</subfield>
  </datafield>
  <datafield tag="035" ind1=" " ind2=" ">
    <subfield code="a">(DE-599)KXP008801096</subfield>
  </datafield>
  <datafield tag="040" ind1=" " ind2=" ">
    <subfield code="a">DE-627</subfield>
    <subfield code="b">ger</subfield>
    <subfield code="c">DE-627</subfield>
    <subfield code="e">rda</subfield>
  </datafield>
  <datafield tag="041" ind1=" " ind2=" ">
    <subfield code="a">ger</subfield>
  </datafield>
  <datafield tag="245" ind1="1" ind2="0">
    <subfield code="a">JacobsLohn und Petri Fischfang Beschrieben Zu Ehren und freundlicher Glückwünschung dem hochzeitlichen Ehefest/ des Ehrwürdigen/ Achtbarn und Wogelahrten/ Herrn M. Petri Kirchbachs/ Des WolEdlen/ und Gestrengen Herrn/ Herrn Rudolpfs von Binaw ... HoffPredigers/ Bräutgams Wie auch Der Erbarn/ Ehrn und Vieltugentsamen Jungfrawen Justinen ... Herrn Johan Costs S. .... Eheleiblichen Tochter/ Braut.</subfield>
  </datafield>
  <datafield tag="246" ind1="3" ind2="0">
    <subfield code="a">Jacobs Lohn  Achtbaren Wohlgelehrten Bräutigams Ehrbaren Ehren Vieltugendsamen Jungfrauen Kosts Halle bei Wohledlen Binau Hofprediger</subfield>
  </datafield>
  <datafield tag="264" ind1=" " ind2="1">
    <subfield code="a">Gedruckt zu Hall in Sachsen</subfield>
    <subfield code="b">Bey Peter Schmieden</subfield>
    <subfield code="c">Anno 1620.</subfield>
  </datafield>
  <datafield tag="300" ind1=" " ind2=" ">
    <subfield code="a">1 Bogen</subfield>
    <subfield code="c">Format: circa 38 x 31 cm. Satzspiegel: 34,6 x 28,6 cm</subfield>
  </datafield>
  <datafield tag="336" ind1=" " ind2=" ">
    <subfield code="a">Text</subfield>
    <subfield code="b">txt</subfield>
    <subfield code="2">rdacontent</subfield>
  </datafield>
  <datafield tag="337" ind1=" " ind2=" ">
    <subfield code="a">ohne Hilfsmittel zu benutzen</subfield>
    <subfield code="b">n</subfield>
    <subfield code="2">rdamedia</subfield>
  </datafield>
  <datafield tag="338" ind1=" " ind2=" ">
    <subfield code="a">Blatt</subfield>
    <subfield code="b">nb</subfield>
    <subfield code="2">rdacarrier</subfield>
  </datafield>
  <datafield tag="500" ind1=" " ind2=" ">
    <subfield code="a">Vorlageform der Veröffentlichungsangabe: Gedruckt zu Hall in Sachsen/ Bey Peter Schmieden/ Anno 1620.</subfield>
  </datafield>
  <datafield tag="583" ind1="1" ind2=" ">
    <subfield code="a">Digitalisierung geplant</subfield>
    <subfield code="c">2020</subfield>
    <subfield code="2">pdager</subfield>
    <subfield code="5">DE-15</subfield>
  </datafield>
  <datafield tag="655" ind1=" " ind2="7">
    <subfield code="a">Einblattdruck</subfield>
    <subfield code="0">(DE-627)006573231</subfield>
    <subfield code="2">local</subfield>
  </datafield>
  <datafield tag="655" ind1=" " ind2="7">
    <subfield code="a">Gelegenheitsschrift:Hochzeit</subfield>
    <subfield code="0">(DE-627)006572979</subfield>
    <subfield code="2">local</subfield>
  </datafield>
  <datafield tag="700" ind1="1" ind2=" ">
    <subfield code="a">Kirchbach, Peter</subfield>
    <subfield code="d">1590-1638</subfield>
    <subfield code="e">GefeierteR</subfield>
    <subfield code="0">(DE-588)128681101</subfield>
    <subfield code="0">(DE-627)005120047</subfield>
    <subfield code="4">hnr</subfield>
  </datafield>
  <datafield tag="700" ind1="1" ind2=" ">
    <subfield code="a">Kirchbach, Justina</subfield>
    <subfield code="d">-1623</subfield>
    <subfield code="e">GefeierteR</subfield>
    <subfield code="0">(DE-588)121580873</subfield>
    <subfield code="0">(DE-627)004484827</subfield>
    <subfield code="0">(DE-576)292782616</subfield>
    <subfield code="4">hnr</subfield>
  </datafield>
  <datafield tag="700" ind1="1" ind2=" ">
    <subfield code="a">Bünau, Rudolph von</subfield>
    <subfield code="d">1593-1647</subfield>
    <subfield code="e">Sonstige Person, Familie und Körperschaft</subfield>
    <subfield code="0">(DE-588)122942965</subfield>
    <subfield code="0">(DE-627)004623355</subfield>
    <subfield code="0">(DE-576)29348676X</subfield>
    <subfield code="4">oth</subfield>
  </datafield>
  <datafield tag="700" ind1="1" ind2=" ">
    <subfield code="a">Kost, Johann</subfield>
    <subfield code="e">Sonstige Person, Familie und Körperschaft</subfield>
    <subfield code="0">(DE-588)115786953</subfield>
    <subfield code="0">(DE-627)004216776</subfield>
    <subfield code="4">oth</subfield>
  </datafield>
  <datafield tag="700" ind1="1" ind2=" ">
    <subfield code="a">Schmidt, Peter</subfield>
    <subfield code="e">DruckerIn</subfield>
    <subfield code="0">(DE-588)1037502094</subfield>
    <subfield code="0">(DE-627)007481942</subfield>
    <subfield code="4">prt</subfield>
  </datafield>
  <datafield tag="751" ind1=" " ind2=" ">
    <subfield code="a">Halle (Saale)</subfield>
    <subfield code="0">(DE-588)4023025-9</subfield>
    <subfield code="0">(DE-627)006929931</subfield>
    <subfield code="4">pup</subfield>
  </datafield>
  <datafield tag="850" ind1=" " ind2=" ">
    <subfield code="a">cb</subfield>
  </datafield>
  <datafield tag="924" ind1="0" ind2=" ">
    <subfield code="a">00822109X</subfield>
    <subfield code="b">DE-15</subfield>
    <subfield code="9">15</subfield>
    <subfield code="c">BSZ</subfield>
    <subfield code="d">c</subfield>
    <subfield code="g">01E-2020-1,365</subfield>
  </datafield>
  <datafield tag="951" ind1=" " ind2=" ">
    <subfield code="a">BO</subfield>
  </datafield>
</record></zs:recordData><zs:recordPosition>3</zs:recordPosition></zs:record><zs:record><zs:recordSchema>marcxml</zs:recordSchema><zs:recordXMLEscaping>xml</zs:recordXMLEscaping><zs:recordData><record xmlns="http://www.loc.gov/MARC21/slim">
  <leader>     cam a22        4500</leader>
  <controlfield tag="001">001735896</controlfield>
  <controlfield tag="003">DE-627-4</controlfield>
  <controlfield tag="005">20200130162541.0</controlfield>
  <controlfield tag="007">tu</controlfield>
  <controlfield tag="008">020901s1611    xx |||||      00| ||lat c</controlfield>
  <datafield tag="024" ind1="7" ind2=" ">
    <subfield code="a">125:025571R</subfield>
    <subfield code="2">vd17</subfield>
  </datafield>
  <datafield tag="026" ind1=" " ind2=" ">
    <subfield code="e">t,a. uiu: tet, t,m, C 1611R</subfield>
    <subfield code="2">fei</subfield>
  </datafield>
  <datafield tag="035" ind1=" " ind2=" ">
    <subfield code="a">(DE-627-4)001735896</subfield>
  </datafield>
  <datafield tag="035" ind1=" " ind2=" ">
    <subfield code="a">(DE-599)KXP001735896</subfield>
  </datafield>
  <datafield tag="040" ind1=" " ind2=" ">
    <subfield code="a">DE-627</subfield>
    <subfield code="b">ger</subfield>
    <subfield code="c">DE-627</subfield>
    <subfield code="e">rakwb</subfield>
  </datafield>
  <datafield tag="041" ind1=" " ind2=" ">
    <subfield code="a">lat</subfield>
  </datafield>
  <datafield tag="100" ind1="1" ind2=" ">
    <subfield code="a">Piccart, Michael</subfield>
    <subfield code="d">1574-1620</subfield>
    <subfield code="0">(DE-588)116177314</subfield>
    <subfield code="0">(DE-627)00423250X</subfield>
    <subfield code="4">aut</subfield>
  </datafield>
  <datafield tag="245" ind1="1" ind2="0">
    <subfield code="a">Armilustrium Michaelis Piccarti Fr. Professoris Norici Ad Generosum Et Nobilißimum D. Rudolphum a Bunau in Treben Eq. Misnic. Et Cl. Virum, D. Tobiam Adamium IC. &amp; Philosophum eximium Strenae loco missum Cal. Ianuariis Anni MDCXI.</subfield>
  </datafield>
  <datafield tag="264" ind1=" " ind2="1">
    <subfield code="a">Altorphii</subfield>
    <subfield code="b">Agricola</subfield>
    <subfield code="c">1611</subfield>
  </datafield>
  <datafield tag="300" ind1=" " ind2=" ">
    <subfield code="a">[8] Bl</subfield>
    <subfield code="c">4°</subfield>
  </datafield>
  <datafield tag="336" ind1=" " ind2=" ">
    <subfield code="a">nicht spezifiziert</subfield>
    <subfield code="b">zzz</subfield>
    <subfield code="2">rdacontent</subfield>
  </datafield>
  <datafield tag="337" ind1=" " ind2=" ">
    <subfield code="a">nicht spezifiziert</subfield>
    <subfield code="b">z</subfield>
    <subfield code="2">rdamedia</subfield>
  </datafield>
  <datafield tag="338" ind1=" " ind2=" ">
    <subfield code="a">nicht spezifiziert</subfield>
    <subfield code="b">zu</subfield>
    <subfield code="2">rdacarrier</subfield>
  </datafield>
  <datafield tag="500" ind1=" " ind2=" ">
    <subfield code="a">Schlüsselseiten aus dem Exemplar der RSB Zwickau: 48.6.6.(20)</subfield>
  </datafield>
  <datafield tag="500" ind1=" " ind2=" ">
    <subfield code="a">Vorlageform des Erscheinungsvermerks: Altorphii, Typis Theodorici, per Cunradum Agricolam</subfield>
  </datafield>
  <datafield tag="655" ind1=" " ind2="7">
    <subfield code="a">Gelegenheitsschrift:Neujahr</subfield>
    <subfield code="0">(DE-627)006572928</subfield>
    <subfield code="2">local</subfield>
  </datafield>
  <datafield tag="655" ind1=" " ind2="7">
    <subfield code="a">Lyrik</subfield>
    <subfield code="0">(DE-627)006572545</subfield>
    <subfield code="2">local</subfield>
  </datafield>
  <datafield tag="700" ind1="1" ind2=" ">
    <subfield code="a">Bünau, Rudolph von</subfield>
    <subfield code="d">1593-1647</subfield>
    <subfield code="0">(DE-588)122942965</subfield>
    <subfield code="0">(DE-627)004623355</subfield>
    <subfield code="0">(DE-576)29348676X</subfield>
    <subfield code="4">oth</subfield>
  </datafield>
  <datafield tag="700" ind1="1" ind2=" ">
    <subfield code="a">Adami, Tobias</subfield>
    <subfield code="d">1581-1643</subfield>
    <subfield code="0">(DE-588)122420217</subfield>
    <subfield code="0">(DE-627)004582616</subfield>
    <subfield code="4">oth</subfield>
  </datafield>
  <datafield tag="700" ind1="1" ind2=" ">
    <subfield code="a">Agricola, Conrad</subfield>
    <subfield code="d">-1619</subfield>
    <subfield code="0">(DE-588)116270381</subfield>
    <subfield code="0">(DE-627)004235150</subfield>
    <subfield code="4">prt</subfield>
  </datafield>
  <datafield tag="751" ind1=" " ind2=" ">
    <subfield code="a">Altdorf</subfield>
    <subfield code="4">pup</subfield>
  </datafield>
  <datafield tag="924" ind1="0" ind2=" ">
    <subfield code="a">005620902</subfield>
    <subfield code="b">DE-547</subfield>
    <subfield code="9">547</subfield>
    <subfield code="c">GBV</subfield>
    <subfield code="d">b</subfield>
    <subfield code="g">01 - Jus.K. 8° 00258 (07)</subfield>
    <subfield code="g">xke 01 - Jus.K. 8° 00258</subfield>
    <subfield code="h">SMAG</subfield>
  </datafield>
  <datafield tag="924" ind1="0" ind2=" ">
    <subfield code="a">00277514X</subfield>
    <subfield code="b">DE-125</subfield>
    <subfield code="9">125</subfield>
    <subfield code="c">BSZ</subfield>
    <subfield code="d">c</subfield>
    <subfield code="g">48.6.6.(20)</subfield>
  </datafield>
  <datafield tag="951" ind1=" " ind2=" ">
    <subfield code="a">BO</subfield>
  </datafield>
</record></zs:recordData><zs:recordPosition>4</zs:recordPosition></zs:record><zs:record><zs:recordSchema>marcxml</zs:recordSchema><zs:recordXMLEscaping>xml</zs:recordXMLEscaping><zs:recordData><record xmlns="http://www.loc.gov/MARC21/slim">
  <leader>     cam a22        4500</leader>
  <controlfield tag="001">001264796</controlfield>
  <controlfield tag="003">DE-627-4</controlfield>
  <controlfield tag="005">20210528101440.0</controlfield>
  <controlfield tag="007">tu</controlfield>
  <controlfield tag="008">020901s1611    xx |||||      00| ||lat c</controlfield>
  <datafield tag="024" ind1="7" ind2=" ">
    <subfield code="a">125:010965M</subfield>
    <subfield code="2">vd17</subfield>
  </datafield>
  <datafield tag="026" ind1=" " ind2=" ">
    <subfield code="e">die- u-r- u-e- e-r. C 1611C</subfield>
    <subfield code="2">fei</subfield>
  </datafield>
  <datafield tag="035" ind1=" " ind2=" ">
    <subfield code="a">(DE-627-4)001264796</subfield>
  </datafield>
  <datafield tag="035" ind1=" " ind2=" ">
    <subfield code="a">(DE-599)KXP001264796</subfield>
  </datafield>
  <datafield tag="040" ind1=" " ind2=" ">
    <subfield code="a">DE-627</subfield>
    <subfield code="b">ger</subfield>
    <subfield code="c">DE-627</subfield>
    <subfield code="e">rakwb</subfield>
  </datafield>
  <datafield tag="041" ind1=" " ind2=" ">
    <subfield code="a">lat</subfield>
  </datafield>
  <datafield tag="100" ind1="1" ind2=" ">
    <subfield code="a">Waldung, Wolfgang</subfield>
    <subfield code="d">1555-1621</subfield>
    <subfield code="0">(DE-588)117120855</subfield>
    <subfield code="0">(DE-627)004259408</subfield>
    <subfield code="4">aut</subfield>
  </datafield>
  <datafield tag="245" ind1="1" ind2="0">
    <subfield code="a">Certamen Senectutis Cum Adolescentia</subfield>
    <subfield code="b">Viris iuvenibus ... Rudolpho A Binau in Treben &amp;c. &amp; ... D. Tobiae Adami. In felicem discessum, suavissimae memoriae &amp; iucundissimae conversationis signum: Relictum</subfield>
    <subfield code="c">A Wolfgango Waldungo phys: Professo: publico in ipso senectutis lumine consituto</subfield>
  </datafield>
  <datafield tag="264" ind1=" " ind2="1">
    <subfield code="a">Altorfi[i]</subfield>
    <subfield code="b">Agricola</subfield>
    <subfield code="c">1611</subfield>
  </datafield>
  <datafield tag="300" ind1=" " ind2=" ">
    <subfield code="a">[6] Bl</subfield>
    <subfield code="c">4°</subfield>
  </datafield>
  <datafield tag="336" ind1=" " ind2=" ">
    <subfield code="a">nicht spezifiziert</subfield>
    <subfield code="b">zzz</subfield>
    <subfield code="2">rdacontent</subfield>
  </datafield>
  <datafield tag="337" ind1=" " ind2=" ">
    <subfield code="a">nicht spezifiziert</subfield>
    <subfield code="b">z</subfield>
    <subfield code="2">rdamedia</subfield>
  </datafield>
  <datafield tag="338" ind1=" " ind2=" ">
    <subfield code="a">nicht spezifiziert</subfield>
    <subfield code="b">zu</subfield>
    <subfield code="2">rdacarrier</subfield>
  </datafield>
  <datafield tag="500" ind1=" " ind2=" ">
    <subfield code="a">Erscheinungsjahr nach einem Chronogramm</subfield>
  </datafield>
  <datafield tag="655" ind1=" " ind2="7">
    <subfield code="a">Gelegenheitsschrift:Abschied</subfield>
    <subfield code="0">(DE-627)00657307X</subfield>
    <subfield code="2">local</subfield>
  </datafield>
  <datafield tag="700" ind1="1" ind2=" ">
    <subfield code="a">Bünau, Rudolph von</subfield>
    <subfield code="d">1593-1647</subfield>
    <subfield code="0">(DE-588)122942965</subfield>
    <subfield code="0">(DE-627)004623355</subfield>
    <subfield code="0">(DE-576)29348676X</subfield>
    <subfield code="4">oth</subfield>
  </datafield>
  <datafield tag="700" ind1="1" ind2=" ">
    <subfield code="a">Adami, Tobias</subfield>
    <subfield code="d">1581-1643</subfield>
    <subfield code="0">(DE-588)122420217</subfield>
    <subfield code="0">(DE-627)004582616</subfield>
    <subfield code="4">oth</subfield>
  </datafield>
  <datafield tag="700" ind1="1" ind2=" ">
    <subfield code="a">Agricola, Conrad</subfield>
    <subfield code="d">-1619</subfield>
    <subfield code="0">(DE-588)116270381</subfield>
    <subfield code="0">(DE-627)004235150</subfield>
    <subfield code="4">prt</subfield>
  </datafield>
  <datafield tag="710" ind1="2" ind2=" ">
    <subfield code="a">Universität Altdorf</subfield>
    <subfield code="4">oth</subfield>
  </datafield>
  <datafield tag="751" ind1=" " ind2=" ">
    <subfield code="a">Altdorf</subfield>
    <subfield code="4">pup</subfield>
  </datafield>
  <datafield tag="856" ind1="4" ind2="1">
    <subfield code="u">https://nbn-resolving.org/urn:nbn:de:urmel-28a84b4a-3ab1-4fd3-89a3-94d33a4b56cb4</subfield>
    <subfield code="t">// 2011 digitalisiert von: UFB Erfurt/Gotha. Exemplar mit der Signatur: Phil 4° 00222-223 (49)</subfield>
    <subfield code="x">Digitalisierung</subfield>
    <subfield code="z">kostenfrei</subfield>
    <subfield code="3">Volltext</subfield>
  </datafield>
  <datafield tag="924" ind1="0" ind2=" ">
    <subfield code="a">004278518</subfield>
    <subfield code="b">DE-547</subfield>
    <subfield code="9">547</subfield>
    <subfield code="c">GBV</subfield>
    <subfield code="d">b</subfield>
    <subfield code="g">03 - Eu. 8° 00025 (09)</subfield>
    <subfield code="g">xke 03 - Eu. 8° 00025</subfield>
    <subfield code="h">SMAG</subfield>
  </datafield>
  <datafield tag="924" ind1="0" ind2=" ">
    <subfield code="a">005624940</subfield>
    <subfield code="b">DE-547</subfield>
    <subfield code="9">547</subfield>
    <subfield code="c">GBV</subfield>
    <subfield code="d">b</subfield>
    <subfield code="g">Phil 4° 00222-223 (49)</subfield>
    <subfield code="g">Forschungsbibliothek Gotha</subfield>
    <subfield code="g">xkg Phil 4° 00222-223</subfield>
    <subfield code="h">FBG MAG</subfield>
  </datafield>
  <datafield tag="924" ind1="0" ind2=" ">
    <subfield code="a">007704569</subfield>
    <subfield code="b">DE-547</subfield>
    <subfield code="9">547</subfield>
    <subfield code="c">GBV</subfield>
    <subfield code="d">b</subfield>
    <subfield code="g">Phil 4° 00225-226 (07)</subfield>
    <subfield code="g">Forschungsbibliothek Gotha</subfield>
    <subfield code="g">xkg</subfield>
    <subfield code="h">FBG R</subfield>
  </datafield>
  <datafield tag="924" ind1="0" ind2=" ">
    <subfield code="a">001935275</subfield>
    <subfield code="b">DE-23</subfield>
    <subfield code="9">23</subfield>
    <subfield code="c">GBV</subfield>
    <subfield code="g">44.13 Rhet. (9)</subfield>
  </datafield>
  <datafield tag="924" ind1="0" ind2=" ">
    <subfield code="a">002698803</subfield>
    <subfield code="b">DE-125</subfield>
    <subfield code="9">125</subfield>
    <subfield code="c">BSZ</subfield>
    <subfield code="d">c</subfield>
    <subfield code="g">21.10.3.(5)</subfield>
  </datafield>
  <datafield tag="951" ind1=" " ind2=" ">
    <subfield code="a">BO</subfield>
  </datafield>
</record></zs:recordData><zs:recordPosition>5</zs:recordPosition></zs:record><zs:record><zs:recordSchema>marcxml</zs:recordSchema><zs:recordXMLEscaping>xml</zs:recordXMLEscaping><zs:recordData><record xmlns="http://www.loc.gov/MARC21/slim">
  <leader>     cam a22        4500</leader>
  <controlfield tag="001">008789002</controlfield>
  <controlfield tag="003">DE-627-4</controlfield>
  <controlfield tag="005">20200609081546.0</controlfield>
  <controlfield tag="007">tu</controlfield>
  <controlfield tag="008">200203s1610    xx |||||      00| ||lat c</controlfield>
  <datafield tag="024" ind1="7" ind2=" ">
    <subfield code="a">15:748445F</subfield>
    <subfield code="2">vd17</subfield>
  </datafield>
  <datafield tag="026" ind1=" " ind2=" ">
    <subfield code="e">I.e. e.l. o.h. tqt, S 1610A</subfield>
    <subfield code="2">fei</subfield>
  </datafield>
  <datafield tag="035" ind1=" " ind2=" ">
    <subfield code="a">(DE-627-4)008789002</subfield>
  </datafield>
  <datafield tag="035" ind1=" " ind2=" ">
    <subfield code="a">(DE-599)KXP008789002</subfield>
  </datafield>
  <datafield tag="040" ind1=" " ind2=" ">
    <subfield code="a">DE-627</subfield>
    <subfield code="b">ger</subfield>
    <subfield code="c">DE-627</subfield>
    <subfield code="e">rda</subfield>
  </datafield>
  <datafield tag="041" ind1=" " ind2=" ">
    <subfield code="a">lat</subfield>
  </datafield>
  <datafield tag="245" ind1="1" ind2="0">
    <subfield code="a">Favsta Acclamatio, In Natalem Jllustris ac Generosißimi Baronis, Domini, Dn. Henrici Rutheni, Ivnioris Posthvmi: ...</subfield>
  </datafield>
  <datafield tag="246" ind1="3" ind2="0">
    <subfield code="a">Fausta Illustris Generosissimi Iunioris Posthumi Gerae</subfield>
  </datafield>
  <datafield tag="264" ind1=" " ind2="1">
    <subfield code="a">Geræ ad Elystrum</subfield>
    <subfield code="b">typis Martini Spiessii.</subfield>
    <subfield code="c">Decantata 12. die Iulii Anno 1610.</subfield>
  </datafield>
  <datafield tag="300" ind1=" " ind2=" ">
    <subfield code="a">1 Bogen</subfield>
    <subfield code="c">Format: circa 39 x 30 cm. Satzspiegel: 31,0 x 20,8 cm</subfield>
  </datafield>
  <datafield tag="336" ind1=" " ind2=" ">
    <subfield code="a">Text</subfield>
    <subfield code="b">txt</subfield>
    <subfield code="2">rdacontent</subfield>
  </datafield>
  <datafield tag="337" ind1=" " ind2=" ">
    <subfield code="a">ohne Hilfsmittel zu benutzen</subfield>
    <subfield code="b">n</subfield>
    <subfield code="2">rdamedia</subfield>
  </datafield>
  <datafield tag="338" ind1=" " ind2=" ">
    <subfield code="a">Blatt</subfield>
    <subfield code="b">nb</subfield>
    <subfield code="2">rdacarrier</subfield>
  </datafield>
  <datafield tag="500" ind1=" " ind2=" ">
    <subfield code="a">Erscheinungsjahr der Datierung am Ende des Textes entnommen</subfield>
  </datafield>
  <datafield tag="500" ind1=" " ind2=" ">
    <subfield code="a">Vorlageform der Veröffentlichungsangabe: Geræ ad Elystrum, typis Martini Spiessii.</subfield>
  </datafield>
  <datafield tag="583" ind1="1" ind2=" ">
    <subfield code="a">Digitalisierung geplant</subfield>
    <subfield code="c">2020</subfield>
    <subfield code="2">pdager</subfield>
    <subfield code="5">DE-15</subfield>
  </datafield>
  <datafield tag="655" ind1=" " ind2="7">
    <subfield code="a">Einblattdruck</subfield>
    <subfield code="0">(DE-627)006573231</subfield>
    <subfield code="2">local</subfield>
  </datafield>
  <datafield tag="655" ind1=" " ind2="7">
    <subfield code="a">Gelegenheitsschrift</subfield>
    <subfield code="0">(DE-627)006573088</subfield>
    <subfield code="2">local</subfield>
  </datafield>
  <datafield tag="700" ind1="1" ind2=" ">
    <subfield code="a">Rabiel, Rudolf von</subfield>
    <subfield code="e">MitwirkendeR</subfield>
    <subfield code="4">ctb</subfield>
  </datafield>
  <datafield tag="700" ind1="1" ind2=" ">
    <subfield code="a">Kreutz, Johannes von</subfield>
    <subfield code="e">MitwirkendeR</subfield>
    <subfield code="4">ctb</subfield>
  </datafield>
  <datafield tag="700" ind1="1" ind2=" ">
    <subfield code="a">Hildebrand, Heinrich</subfield>
    <subfield code="e">MitwirkendeR</subfield>
    <subfield code="4">ctb</subfield>
  </datafield>
  <datafield tag="700" ind1="1" ind2=" ">
    <subfield code="a">Pflug, Caesar</subfield>
    <subfield code="d">1573-1633</subfield>
    <subfield code="e">MitwirkendeR</subfield>
    <subfield code="0">(DE-588)1122860986</subfield>
    <subfield code="0">(DE-627)008327033</subfield>
    <subfield code="0">(DE-576)481518282</subfield>
    <subfield code="4">ctb</subfield>
  </datafield>
  <datafield tag="700" ind1="1" ind2=" ">
    <subfield code="a">Pflug, Caesar minore.</subfield>
    <subfield code="e">MitwirkendeR</subfield>
    <subfield code="4">ctb</subfield>
  </datafield>
  <datafield tag="700" ind1="1" ind2=" ">
    <subfield code="a">Bose, Johann Heinrich</subfield>
    <subfield code="e">MitwirkendeR</subfield>
    <subfield code="0">(DE-588)122785991</subfield>
    <subfield code="0">(DE-627)004609530</subfield>
    <subfield code="0">(DE-576)293419922</subfield>
    <subfield code="4">ctb</subfield>
  </datafield>
  <datafield tag="700" ind1="1" ind2=" ">
    <subfield code="a">Bünau, Heinrich von</subfield>
    <subfield code="d">1559-1624</subfield>
    <subfield code="e">MitwirkendeR</subfield>
    <subfield code="0">(DE-588)104171960</subfield>
    <subfield code="0">(DE-627)004141938</subfield>
    <subfield code="0">(DE-576)288963385</subfield>
    <subfield code="4">ctb</subfield>
  </datafield>
  <datafield tag="700" ind1="1" ind2=" ">
    <subfield code="a">Burckhardt, Heinrich</subfield>
    <subfield code="e">MitwirkendeR</subfield>
    <subfield code="4">ctb</subfield>
  </datafield>
  <datafield tag="700" ind1="1" ind2=" ">
    <subfield code="a">Bünau, Rudolph von</subfield>
    <subfield code="d">1593-1647</subfield>
    <subfield code="e">MitwirkendeR</subfield>
    <subfield code="0">(DE-588)122942965</subfield>
    <subfield code="0">(DE-627)004623355</subfield>
    <subfield code="0">(DE-576)29348676X</subfield>
    <subfield code="4">ctb</subfield>
  </datafield>
  <datafield tag="700" ind1="1" ind2=" ">
    <subfield code="a">Botfeldt, Melchior von</subfield>
    <subfield code="e">MitwirkendeR</subfield>
    <subfield code="4">ctb</subfield>
  </datafield>
  <datafield tag="700" ind1="1" ind2=" ">
    <subfield code="a">Henricus, Johannes</subfield>
    <subfield code="e">MitwirkendeR</subfield>
    <subfield code="0">(DE-588)121469727</subfield>
    <subfield code="0">(DE-627)004470095</subfield>
    <subfield code="0">(DE-576)292727607</subfield>
    <subfield code="4">ctb</subfield>
  </datafield>
  <datafield tag="700" ind1="1" ind2=" ">
    <subfield code="a">Stange, Wolfgang Theodor</subfield>
    <subfield code="e">MitwirkendeR</subfield>
    <subfield code="4">ctb</subfield>
  </datafield>
  <datafield tag="700" ind1="1" ind2=" ">
    <subfield code="a">Stange, Hans Heinrich</subfield>
    <subfield code="d">1600-1659</subfield>
    <subfield code="e">MitwirkendeR</subfield>
    <subfield code="0">(DE-588)120587890</subfield>
    <subfield code="0">(DE-627)004388011</subfield>
    <subfield code="0">(DE-576)292288271</subfield>
    <subfield code="4">ctb</subfield>
  </datafield>
  <datafield tag="700" ind1="1" ind2=" ">
    <subfield code="a">Bünau, Heinrich von</subfield>
    <subfield code="e">MitwirkendeR</subfield>
    <subfield code="4">ctb</subfield>
  </datafield>
  <datafield tag="700" ind1="1" ind2=" ">
    <subfield code="a">Lichtenhain, Christoph Theodor</subfield>
    <subfield code="e">MitwirkendeR</subfield>
    <subfield code="4">ctb</subfield>
  </datafield>
  <datafield tag="700" ind1="0" ind2=" ">
    <subfield code="a">Heinrich</subfield>
    <subfield code="c">Reuß-Gera</subfield>
    <subfield code="d">1572-1635</subfield>
    <subfield code="e">WidmungsempfängerIn</subfield>
    <subfield code="0">(DE-588)104254173</subfield>
    <subfield code="0">(DE-627)004154657</subfield>
    <subfield code="4">dte</subfield>
  </datafield>
  <datafield tag="751" ind1=" " ind2=" ">
    <subfield code="a">Gera</subfield>
    <subfield code="0">(DE-588)4020295-1</subfield>
    <subfield code="0">(DE-627)006934277</subfield>
    <subfield code="4">pup</subfield>
  </datafield>
  <datafield tag="850" ind1=" " ind2=" ">
    <subfield code="a">cb</subfield>
  </datafield>
  <datafield tag="924" ind1="0" ind2=" ">
    <subfield code="a">008185220</subfield>
    <subfield code="b">DE-15</subfield>
    <subfield code="9">15</subfield>
    <subfield code="c">BSZ</subfield>
    <subfield code="d">c</subfield>
    <subfield code="g">01E-2020-1,144</subfield>
  </datafield>
  <datafield tag="951" ind1=" " ind2=" ">
    <subfield code="a">BO</subfield>
  </datafield>
</record></zs:recordData><zs:recordPosition>6</zs:recordPosition></zs:record><zs:record><zs:recordSchema>marcxml</zs:recordSchema><zs:recordXMLEscaping>xml</zs:recordXMLEscaping><zs:recordData><record xmlns="http://www.loc.gov/MARC21/slim">
  <leader>     cam a22        4500</leader>
  <controlfield tag="001">001574868</controlfield>
  <controlfield tag="003">DE-627-4</controlfield>
  <controlfield tag="005">20200902004616.0</controlfield>
  <controlfield tag="007">tu</controlfield>
  <controlfield tag="008">020901s1607    xx |||||      00| ||lat c</controlfield>
  <datafield tag="024" ind1="7" ind2=" ">
    <subfield code="a">1:004193M</subfield>
    <subfield code="2">vd17</subfield>
  </datafield>
  <datafield tag="026" ind1=" " ind2=" ">
    <subfield code="e">r.i- diV. s.it neV. C 1607A</subfield>
    <subfield code="2">fei</subfield>
  </datafield>
  <datafield tag="035" ind1=" " ind2=" ">
    <subfield code="a">(DE-627-4)001574868</subfield>
  </datafield>
  <datafield tag="035" ind1=" " ind2=" ">
    <subfield code="a">(DE-599)KXP001574868</subfield>
  </datafield>
  <datafield tag="040" ind1=" " ind2=" ">
    <subfield code="a">DE-627</subfield>
    <subfield code="b">ger</subfield>
    <subfield code="c">DE-627</subfield>
    <subfield code="e">rakwb</subfield>
  </datafield>
  <datafield tag="041" ind1=" " ind2=" ">
    <subfield code="a">lat</subfield>
  </datafield>
  <datafield tag="100" ind1="1" ind2=" ">
    <subfield code="a">Rühel, Tiburt</subfield>
    <subfield code="0">(DE-588)129185272</subfield>
    <subfield code="0">(DE-627)005294231</subfield>
    <subfield code="0">(DE-576)297529196</subfield>
    <subfield code="4">aut</subfield>
  </datafield>
  <datafield tag="245" ind1="1" ind2="0">
    <subfield code="a">Disputatio Iuridica De Fideiussoribus</subfield>
    <subfield code="c">Quam ... In celeberrima Witebergensium Academia Sub Praesidio Tiburtii Ruhelii ... Publice ventilandam proponit Rudolphus a Bunaw. Habebitur disputatio in auditorio ICtorum ad diem 6. Martii</subfield>
  </datafield>
  <datafield tag="264" ind1=" " ind2="1">
    <subfield code="a">Witebergae</subfield>
    <subfield code="b">Typis Cratonianis, per Johannem Gorman</subfield>
    <subfield code="c">1607</subfield>
  </datafield>
  <datafield tag="300" ind1=" " ind2=" ">
    <subfield code="a">[4] Bl</subfield>
    <subfield code="c">4°</subfield>
  </datafield>
  <datafield tag="336" ind1=" " ind2=" ">
    <subfield code="a">nicht spezifiziert</subfield>
    <subfield code="b">zzz</subfield>
    <subfield code="2">rdacontent</subfield>
  </datafield>
  <datafield tag="337" ind1=" " ind2=" ">
    <subfield code="a">nicht spezifiziert</subfield>
    <subfield code="b">z</subfield>
    <subfield code="2">rdamedia</subfield>
  </datafield>
  <datafield tag="338" ind1=" " ind2=" ">
    <subfield code="a">nicht spezifiziert</subfield>
    <subfield code="b">zu</subfield>
    <subfield code="2">rdacarrier</subfield>
  </datafield>
  <datafield tag="500" ind1=" " ind2=" ">
    <subfield code="a">Schlüsselseiten aus dem Exemplar der SBB-PK Berlin: Fi 141 (Volldigitalisat)</subfield>
  </datafield>
  <datafield tag="500" ind1=" " ind2=" ">
    <subfield code="a">Vorlageform des Erscheinungsvermerks: Witebergae, Typis Cratonianis, per Johannem Gorman, Anno 1607.</subfield>
  </datafield>
  <datafield tag="655" ind1=" " ind2="7">
    <subfield code="a">Dissertation:jur.</subfield>
    <subfield code="0">(DE-627)006573266</subfield>
    <subfield code="2">local</subfield>
  </datafield>
  <datafield tag="700" ind1="1" ind2=" ">
    <subfield code="a">Bünau, Rudolph von</subfield>
    <subfield code="d">1593-1647</subfield>
    <subfield code="0">(DE-588)122942965</subfield>
    <subfield code="0">(DE-627)004623355</subfield>
    <subfield code="0">(DE-576)29348676X</subfield>
    <subfield code="4">aut</subfield>
  </datafield>
  <datafield tag="700" ind1="1" ind2=" ">
    <subfield code="a">Bredow, Wichardus a</subfield>
    <subfield code="e">WidmungsempfängerIn</subfield>
    <subfield code="4">dte</subfield>
  </datafield>
  <datafield tag="700" ind1="1" ind2=" ">
    <subfield code="a">Lochow, Ludovicus a</subfield>
    <subfield code="e">WidmungsempfängerIn</subfield>
    <subfield code="4">dte</subfield>
  </datafield>
  <datafield tag="700" ind1="1" ind2=" ">
    <subfield code="a">Gormann, Johann</subfield>
    <subfield code="d">-1628</subfield>
    <subfield code="0">(DE-588)1037501861</subfield>
    <subfield code="0">(DE-627)007484151</subfield>
    <subfield code="4">prt</subfield>
  </datafield>
  <datafield tag="700" ind1="1" ind2=" ">
    <subfield code="a">Krafft, Johann</subfield>
    <subfield code="d">1566-1614</subfield>
    <subfield code="0">(DE-588)136439284</subfield>
    <subfield code="0">(DE-627)006452779</subfield>
    <subfield code="4">prt</subfield>
  </datafield>
  <datafield tag="710" ind1="2" ind2=" ">
    <subfield code="a">Universität Wittenberg</subfield>
    <subfield code="4">oth</subfield>
  </datafield>
  <datafield tag="751" ind1=" " ind2=" ">
    <subfield code="a">Wittenberg</subfield>
    <subfield code="4">pup</subfield>
  </datafield>
  <datafield tag="856" ind1="4" ind2="1">
    <subfield code="u">http://resolver.staatsbibliothek-berlin.de/SBB0001F33800000000</subfield>
    <subfield code="t">2017 digitalisiert von: Staatsbibliothek zu Berlin - Preußischer Kulturbesitz. Exemplar mit der Signatur: 16 in: Fi 141</subfield>
    <subfield code="x">Digitalisierung</subfield>
    <subfield code="z">kostenfrei</subfield>
    <subfield code="3">Volltext</subfield>
  </datafield>
  <datafield tag="924" ind1="0" ind2=" ">
    <subfield code="a">000650757</subfield>
    <subfield code="b">DE-1a</subfield>
    <subfield code="9">1a</subfield>
    <subfield code="c">GBV</subfield>
    <subfield code="d">b</subfield>
    <subfield code="g">16 in:@Fi 141</subfield>
    <subfield code="h">6</subfield>
  </datafield>
  <datafield tag="924" ind1="0" ind2=" ">
    <subfield code="a">004357299</subfield>
    <subfield code="b">DE-7</subfield>
    <subfield code="9">7</subfield>
    <subfield code="c">GBV</subfield>
    <subfield code="g">DISS JUR COLL MAX 408 (23b)</subfield>
  </datafield>
  <datafield tag="924" ind1="0" ind2=" ">
    <subfield code="a">006224881</subfield>
    <subfield code="b">DE-3</subfield>
    <subfield code="9">3</subfield>
    <subfield code="c">GBV</subfield>
    <subfield code="d">c</subfield>
    <subfield code="g">05 A 2108 (1)</subfield>
  </datafield>
  <datafield tag="951" ind1=" " ind2=" ">
    <subfield code="a">BO</subfield>
  </datafield>
</record></zs:recordData><zs:recordPosition>7</zs:recordPosition></zs:record></zs:records><zs:echoedSearchRetrieveRequest><zs:version>2.0</zs:version><zs:query>pica.nid=122942965</zs:query><zs:startRecord>1</zs:startRecord><zs:maximumRecords>500</zs:maximumRecords><zs:recordXMLEscaping>xml</zs:recordXMLEscaping><zs:recordSchema>marcxml</zs:recordSchema></zs:echoedSearchRetrieveRequest><zs:resultCountPrecision>exact</zs:resultCountPrecision></zs:searchRetrieveResponse>
