<?xml version="1.0" encoding="UTF-8"?>
<zs:searchRetrieveResponse xmlns:zs="http://docs.oasis-open.org/ns/search-ws/sruResponse"><zs:numberOfRecords>6</zs:numberOfRecords><zs:records><zs:record><zs:recordSchema>mods</zs:recordSchema><zs:recordXMLEscaping>xml</zs:recordXMLEscaping><zs:recordData><mods xmlns:xsi="http://www.w3.org/2001/XMLSchema-instance" xmlns="http://www.loc.gov/mods/v3" version="3.6" xsi:schemaLocation="http://www.loc.gov/mods/v3 http://www.loc.gov/standards/mods/v3/mods-3-6.xsd">
  <name type="personal" usage="primary">
    <namePart>Pfankuch, Gerhard</namePart>
    <namePart type="date">1640-1696</namePart>
  </name>
  <typeOfResource/>
  <originInfo>
    <place>
      <placeTerm type="code" authority="marccountry">bbn</placeTerm>
    </place>
    <issuance/>
  </originInfo>
  <note xmlns:xlink="http://www.w3.org/1999/xlink" xlink:href="(DE-588)4029050-5">(DE-627)00693045X (DE-588)4029050-5 Jurist berc r Charakteristischer Beruf</note>
  <identifier type="uri">http://d-nb.info/gnd/124374794</identifier>
  <recordInfo>
    <recordCreationDate encoding="marc">021210</recordCreationDate>
    <recordChangeDate encoding="iso8601">202003151220.4</recordChangeDate>
    <recordIdentifier source="DE-627">004083873</recordIdentifier>
    <recordOrigin>Converted from MARCXML to MODS version 3.6 using MARC21slim2MODS3-6.xsl
				(Revision 1.119 2018/06/21)</recordOrigin>
  </recordInfo>
</mods></zs:recordData><zs:recordPosition>1</zs:recordPosition></zs:record><zs:record><zs:recordSchema>mods</zs:recordSchema><zs:recordXMLEscaping>xml</zs:recordXMLEscaping><zs:recordData><mods xmlns:xsi="http://www.w3.org/2001/XMLSchema-instance" xmlns="http://www.loc.gov/mods/v3" version="3.6" xsi:schemaLocation="http://www.loc.gov/mods/v3 http://www.loc.gov/standards/mods/v3/mods-3-6.xsd">
  <titleInfo>
    <nonSort xml:space="preserve">Gerhardi  </nonSort>
    <title>Pfankuch/ Iurium Doctoris, Marco-Guestphali ... Tractatus De Prohibitis Verbalium Iniuriarum Retorsionibus</title>
    <subTitle>In Quo Siparia, quibus Clariss. Dn. Struvius ICtus Consummatissimus, &amp; in legum nutrice Ienensi non ita pridem Antecessor Nominatissimus, nunc Consiliarius Saxo-Vinariensis intimus; Veritatem hactenus obvelavit, dimoventur, quodque retorsiones omni cuicunq[ue] iuri, &amp; divino &amp; naturali, aeque legibus ac iustis moribus, tam Ethico, quam Politico adversentur, ostenditur ; Cum Indice rerum &amp; verborum locupletissimo</subTitle>
  </titleInfo>
  <titleInfo type="alternative">
    <title>Struve, Georg Adam</title>
  </titleInfo>
  <name type="personal" usage="primary">
    <namePart>Pfankuch, Gerhard</namePart>
    <namePart type="date">1640-1696</namePart>
    <role>
      <roleTerm authority="marcrelator" type="code">aut</roleTerm>
    </role>
    <nameIdentifier>(DE-588)124374794 (DE-627)004083873 (DE-576)294143718</nameIdentifier>
  </name>
  <name type="personal">
    <namePart>Nesselrode, Franciscus de</namePart>
    <role>
      <roleTerm type="text">WidmungsempfängerIn</roleTerm>
    </role>
    <role>
      <roleTerm authority="marcrelator" type="code">dte</roleTerm>
    </role>
  </name>
  <name type="personal">
    <namePart>Johann Adolf</namePart>
    <namePart type="termsOfAddress">Bentheim-Tecklenburg, Graf</namePart>
    <role>
      <roleTerm type="text">WidmungsempfängerIn</roleTerm>
    </role>
    <role>
      <roleTerm authority="marcrelator" type="code">dte</roleTerm>
    </role>
  </name>
  <name type="personal">
    <namePart>Esbach in Brockhausen, Goswin. von</namePart>
    <role>
      <roleTerm type="text">BeiträgerIn</roleTerm>
    </role>
    <role>
      <roleTerm authority="marcrelator" type="code">ctb</roleTerm>
    </role>
  </name>
  <name type="personal">
    <namePart>Rosa, Benedictus</namePart>
    <role>
      <roleTerm type="text">BeiträgerIn</roleTerm>
    </role>
    <role>
      <roleTerm authority="marcrelator" type="code">ctb</roleTerm>
    </role>
  </name>
  <name type="personal">
    <namePart>Nesselrode &amp; Silesiae in Trachenberg, Franciscus de</namePart>
    <role>
      <roleTerm type="text">BeiträgerIn</roleTerm>
    </role>
    <role>
      <roleTerm authority="marcrelator" type="code">ctb</roleTerm>
    </role>
  </name>
  <name type="personal">
    <namePart>Dimel, Thomas</namePart>
    <role>
      <roleTerm type="text">BeiträgerIn</roleTerm>
    </role>
    <role>
      <roleTerm authority="marcrelator" type="code">ctb</roleTerm>
    </role>
  </name>
  <name type="personal">
    <namePart>Seyler, Jakob Gottfried</namePart>
    <role>
      <roleTerm authority="marcrelator" type="code">prt</roleTerm>
    </role>
    <nameIdentifier>(DE-588)1037533437 (DE-627)007463014 (DE-576)391609300</nameIdentifier>
  </name>
  <typeOfResource>text</typeOfResource>
  <genre authority="rdacontent">nicht spezifiziert</genre>
  <originInfo>
    <place>
      <placeTerm type="code" authority="marccountry">xx</placeTerm>
    </place>
    <dateIssued encoding="marc">1675</dateIssued>
    <issuance>monographic</issuance>
  </originInfo>
  <originInfo eventType="publication">
    <place>
      <placeTerm type="text">Fancofurti Ad Moenum</placeTerm>
    </place>
    <publisher>Seilerus</publisher>
    <dateIssued>1675</dateIssued>
  </originInfo>
  <language>
    <languageTerm authority="iso639-2b" type="code">lat</languageTerm>
  </language>
  <physicalDescription>
    <form authority="marcform">print</form>
    <internetMediaType>image/jpeg</internetMediaType>
    <extent>[10] Bl., 382 S., [1] Bl. 4°</extent>
    <form type="media" authority="rdamedia">nicht spezifiziert</form>
    <form type="carrier" authority="rdacarrier">nicht spezifiziert</form>
  </physicalDescription>
  <note>Schlüsselseiten aus dem Exemplar der SBB-PK Berlin: Fv 10256</note>
  <note>Vorlageform des Erscheinungsvermerks: Fancofurti Ad Moenum, Sumptibus Jacobi Gothofredi, M. DC. LXXV.</note>
  <note type="action">Digitalisierung geplant Digitalisierung Mainstream durch HAB Wolfenbüttel pdager</note>
  <note type="action">Digitalisierung geplant Digitalisierung Mainstream durch SUB Göttingen pdager</note>
  <relatedItem>
    <internetMediaType>image/jpeg</internetMediaType>
  </relatedItem>
  <identifier type="vd17">1:011826S</identifier>
  <relatedItem>
    <location>
      <url displayLabel="Volltext" note="Kostenfrei">http://diglib.hab.de/drucke/li-6995/start.htm</url>
    </location>
  </relatedItem>
  <recordInfo>
    <descriptionStandard>rakwb</descriptionStandard>
    <recordContentSource authority="marcorg">DE-627</recordContentSource>
    <recordCreationDate encoding="marc">020901</recordCreationDate>
    <recordChangeDate encoding="iso8601">20200310212911.0</recordChangeDate>
    <recordIdentifier source="DE-627-4">000899844</recordIdentifier>
    <recordOrigin>Converted from MARCXML to MODS version 3.6 using MARC21slim2MODS3-6.xsl
				(Revision 1.119 2018/06/21)</recordOrigin>
    <languageOfCataloging>
      <languageTerm authority="iso639-2b" type="code">ger</languageTerm>
    </languageOfCataloging>
  </recordInfo>
</mods></zs:recordData><zs:recordPosition>2</zs:recordPosition></zs:record><zs:record><zs:recordSchema>mods</zs:recordSchema><zs:recordXMLEscaping>xml</zs:recordXMLEscaping><zs:recordData><mods xmlns:xsi="http://www.w3.org/2001/XMLSchema-instance" xmlns="http://www.loc.gov/mods/v3" version="3.6" xsi:schemaLocation="http://www.loc.gov/mods/v3 http://www.loc.gov/standards/mods/v3/mods-3-6.xsd">
  <titleInfo>
    <nonSort xml:space="preserve">I.  </nonSort>
    <title>Philippi Slevogtii, Pauli F. Ad Nobilissimum &amp; Consultissimum Virum, Dn. Gerhardum Pfankuch/ Illustrissimorum quorundam S. R. I. Comitum Consiliarium, &amp; hoc tempore ad Ratisbonensia Comitia Legatum, Epistola De Vindicatione Iniuriarum</title>
    <subTitle>Approbatae moribus ac legibus sententiae de aequitate Retorsionis Iniuriarum interpres, &amp; tractatui contra Magnificum I. C. Dn. Georgium Adamum Struvium nuper divulgato, opposita</subTitle>
  </titleInfo>
  <titleInfo type="alternative">
    <title>Epistola De Vindicatione Iniuriarum</title>
  </titleInfo>
  <name type="personal" usage="primary">
    <namePart>Slevogt, Johann Philipp</namePart>
    <namePart type="date">1649-1727</namePart>
    <role>
      <roleTerm authority="marcrelator" type="code">aut</roleTerm>
    </role>
    <nameIdentifier>(DE-588)100338615 (DE-627)004081366 (DE-576)288647866</nameIdentifier>
  </name>
  <name type="personal">
    <namePart>Pfankuch, Gerhard</namePart>
    <namePart type="date">1640-1696</namePart>
    <role>
      <roleTerm authority="marcrelator" type="code">oth</roleTerm>
    </role>
    <nameIdentifier>(DE-588)124374794 (DE-627)004083873 (DE-576)294143718</nameIdentifier>
  </name>
  <name type="personal">
    <namePart>Nisius, Johann</namePart>
    <namePart type="date">-1684</namePart>
    <role>
      <roleTerm authority="marcrelator" type="code">prt</roleTerm>
    </role>
    <nameIdentifier>(DE-588)1037504097 (DE-627)007483945 (DE-576)391562290</nameIdentifier>
  </name>
  <typeOfResource>text</typeOfResource>
  <genre authority="rdacontent">nicht spezifiziert</genre>
  <genre authority="local">Streitschrift:jur.</genre>
  <genre authority="local">Brief</genre>
  <originInfo>
    <place>
      <placeTerm type="code" authority="marccountry">xx</placeTerm>
    </place>
    <dateIssued encoding="marc">1675</dateIssued>
    <issuance>monographic</issuance>
  </originInfo>
  <originInfo eventType="publication">
    <place>
      <placeTerm type="text">Ienae</placeTerm>
    </place>
    <publisher>Nisius</publisher>
    <dateIssued>1675</dateIssued>
  </originInfo>
  <language>
    <languageTerm authority="iso639-2b" type="code">lat</languageTerm>
  </language>
  <physicalDescription>
    <form authority="marcform">print</form>
    <extent>[1] Bl., 38 S 4°</extent>
    <form type="media" authority="rdamedia">nicht spezifiziert</form>
    <form type="carrier" authority="rdacarrier">nicht spezifiziert</form>
  </physicalDescription>
  <note>Schlüsselseiten aus dem Exemplar der SBB-PK Berlin: Fi 1402-10</note>
  <note type="action">Digitalisierung geplant Digitalisierung Regional durch ThULB Jena pdager</note>
  <identifier type="vd17">1:005667D</identifier>
  <relatedItem>
    <location>
      <url displayLabel="Volltext" note="Kostenfrei">https://nbn-resolving.org/urn:nbn:de:urmel-dfg-3aaad724-b58f-4d4a-b95a-d31605c2ec4f3</url>
    </location>
  </relatedItem>
  <recordInfo>
    <descriptionStandard>rakwb</descriptionStandard>
    <recordContentSource authority="marcorg">DE-627</recordContentSource>
    <recordCreationDate encoding="marc">020901</recordCreationDate>
    <recordChangeDate encoding="iso8601">20200310210911.0</recordChangeDate>
    <recordIdentifier source="DE-627-4">000569828</recordIdentifier>
    <recordOrigin>Converted from MARCXML to MODS version 3.6 using MARC21slim2MODS3-6.xsl
				(Revision 1.119 2018/06/21)</recordOrigin>
    <languageOfCataloging>
      <languageTerm authority="iso639-2b" type="code">ger</languageTerm>
    </languageOfCataloging>
  </recordInfo>
</mods></zs:recordData><zs:recordPosition>3</zs:recordPosition></zs:record><zs:record><zs:recordSchema>mods</zs:recordSchema><zs:recordXMLEscaping>xml</zs:recordXMLEscaping><zs:recordData><mods xmlns:xsi="http://www.w3.org/2001/XMLSchema-instance" xmlns="http://www.loc.gov/mods/v3" version="3.6" xsi:schemaLocation="http://www.loc.gov/mods/v3 http://www.loc.gov/standards/mods/v3/mods-3-6.xsd">
  <titleInfo>
    <title>Tractatus Brevis Et Succinctus Ad. Ordinat. Camer. Imper. p.2. tit. 21. §. fin. De Summarissimo Possessorio</title>
    <subTitle>Eiusdemq[ue] hodierno ad R. 1. de anno 1654. ordinato processu in Augustissimis Aulico &amp; Imperialis Camerae Iudiciis, caeterisque immediatis Romani Germanorum Imperii tribunalibus ; Duobus libris, quorum prior materiam ipsam eiusque indolem ... ; Cum capitum &amp; rerum indicibus</subTitle>
  </titleInfo>
  <name type="personal" usage="primary">
    <namePart>Pfankuch, Georg</namePart>
    <role>
      <roleTerm authority="marcrelator" type="code">aut</roleTerm>
    </role>
    <nameIdentifier>(DE-588)121317447 (DE-627)004438469 (DE-576)292644000</nameIdentifier>
  </name>
  <name type="personal">
    <namePart>Pfankuch, Gerhard</namePart>
    <namePart type="date">1640-1696</namePart>
    <role>
      <roleTerm authority="marcrelator" type="code">aut</roleTerm>
    </role>
    <nameIdentifier>(DE-588)124374794 (DE-627)004083873 (DE-576)294143718</nameIdentifier>
  </name>
  <name type="personal">
    <namePart>Adolphus Sacri Romani Germanorum Imperii Princeps Liberorum Imperialium &amp; exemptorum Monasteriorum Werden &amp; Helmonsteeden. Abbas. &amp; c. &amp; c.</namePart>
    <role>
      <roleTerm type="text">WidmungsempfängerIn</roleTerm>
    </role>
    <role>
      <roleTerm authority="marcrelator" type="code">dte</roleTerm>
    </role>
  </name>
  <name type="corporate">
    <namePart>Jost Kalckhoven Erben</namePart>
    <role>
      <roleTerm authority="marcrelator" type="code">prt</roleTerm>
    </role>
    <nameIdentifier>(DE-588)6146052-7 (DE-627)00739649X (DE-576)326072241</nameIdentifier>
  </name>
  <typeOfResource>text</typeOfResource>
  <genre authority="rdacontent">nicht spezifiziert</genre>
  <originInfo>
    <place>
      <placeTerm type="code" authority="marccountry">xx</placeTerm>
    </place>
    <dateIssued encoding="marc">1670</dateIssued>
    <issuance>monographic</issuance>
  </originInfo>
  <originInfo eventType="publication">
    <place>
      <placeTerm type="text">Coloniae</placeTerm>
    </place>
    <publisher>Kalcovius</publisher>
    <dateIssued>1670</dateIssued>
  </originInfo>
  <language>
    <languageTerm authority="iso639-2b" type="code">lat</languageTerm>
  </language>
  <physicalDescription>
    <form authority="marcform">print</form>
    <extent>[4] Bl., 315 S Tbl. r&amp;s 4°</extent>
    <form type="media" authority="rdamedia">nicht spezifiziert</form>
    <form type="carrier" authority="rdacarrier">nicht spezifiziert</form>
  </physicalDescription>
  <note type="statement of responsibility" altRepGroup="00">... Partim ex Analectis. Dn. Georgii. Pfankuch ... Partim vero industria Gerhardi Pfankuch ...</note>
  <note>Schlüsselseiten aus dem Exemplar der SLUB Dresden: 4.A.5291</note>
  <note>Vorlageform des Erscheinungsvermerks: Coloniae &amp; Francofurti Sumptibus Haeredum Jodoci Kalcovii M.DC.LXX.</note>
  <note type="action">Digitalisierung geplant Digitalisierung Mainstream durch SUB Göttingen pdager</note>
  <identifier type="vd17">14:669351L</identifier>
  <relatedItem>
    <location>
      <url displayLabel="Volltext" note="Kostenfrei">http://digital.slub-dresden.de/id37286581X</url>
    </location>
  </relatedItem>
  <recordInfo>
    <descriptionStandard>rakwb</descriptionStandard>
    <recordContentSource authority="marcorg">DE-627</recordContentSource>
    <recordCreationDate encoding="marc">050607</recordCreationDate>
    <recordChangeDate encoding="iso8601">20200310221338.0</recordChangeDate>
    <recordIdentifier source="DE-627-4">00556686X</recordIdentifier>
    <recordOrigin>Converted from MARCXML to MODS version 3.6 using MARC21slim2MODS3-6.xsl
				(Revision 1.119 2018/06/21)</recordOrigin>
    <languageOfCataloging>
      <languageTerm authority="iso639-2b" type="code">ger</languageTerm>
    </languageOfCataloging>
  </recordInfo>
</mods></zs:recordData><zs:recordPosition>4</zs:recordPosition></zs:record><zs:record><zs:recordSchema>mods</zs:recordSchema><zs:recordXMLEscaping>xml</zs:recordXMLEscaping><zs:recordData><mods xmlns:xsi="http://www.w3.org/2001/XMLSchema-instance" xmlns="http://www.loc.gov/mods/v3" version="3.6" xsi:schemaLocation="http://www.loc.gov/mods/v3 http://www.loc.gov/standards/mods/v3/mods-3-6.xsd">
  <titleInfo>
    <title>Tractatus. Brevis. Et. Succinctus. Ad. Ordinat. Camer. tit. 21. §. fin. De. Summarissimo-Possessorio. Eiusque. hodierno processu. in. Augustissimis. Aulico. &amp;. Imperalis. Camerae. Iudiciis. Caeterisque. Romani. Germanorum. Imperii. tribunalibus</title>
  </titleInfo>
  <name type="personal" usage="primary">
    <namePart>Pfankuch, Georg</namePart>
    <role>
      <roleTerm authority="marcrelator" type="code">aut</roleTerm>
    </role>
    <nameIdentifier>(DE-588)121317447 (DE-627)004438469 (DE-576)292644000</nameIdentifier>
  </name>
  <name type="personal">
    <namePart>Pfankuch, Gerhard</namePart>
    <namePart type="date">1640-1696</namePart>
    <role>
      <roleTerm authority="marcrelator" type="code">aut</roleTerm>
    </role>
    <nameIdentifier>(DE-588)124374794 (DE-627)004083873 (DE-576)294143718</nameIdentifier>
  </name>
  <name type="personal">
    <namePart>Satrapes Barones Caeteriq. Comitatus Marchiae. Ordines &amp; proceres</namePart>
    <role>
      <roleTerm type="text">WidmungsempfängerIn</roleTerm>
    </role>
    <role>
      <roleTerm authority="marcrelator" type="code">dte</roleTerm>
    </role>
  </name>
  <name type="personal">
    <namePart>Adolphus Sacri Romani-Germanorum Imperii Princeps Liberorum Imperialium &amp; exemptorum Monasteriorum Werden &amp; Helmonsteeden Abbas &amp; c. &amp; c.</namePart>
    <role>
      <roleTerm type="text">WidmungsempfängerIn</roleTerm>
    </role>
    <role>
      <roleTerm authority="marcrelator" type="code">dte</roleTerm>
    </role>
  </name>
  <name type="corporate">
    <namePart>Jost Kalckhoven Erben</namePart>
    <role>
      <roleTerm authority="marcrelator" type="code">prt</roleTerm>
    </role>
    <nameIdentifier>(DE-588)6146052-7 (DE-627)00739649X (DE-576)326072241</nameIdentifier>
  </name>
  <typeOfResource>text</typeOfResource>
  <genre authority="rdacontent">nicht spezifiziert</genre>
  <originInfo>
    <place>
      <placeTerm type="code" authority="marccountry">xx</placeTerm>
    </place>
    <dateIssued encoding="marc">1670</dateIssued>
    <issuance>monographic</issuance>
  </originInfo>
  <originInfo eventType="publication">
    <place>
      <placeTerm type="text">Coloniae</placeTerm>
    </place>
    <publisher>Kalcovius</publisher>
    <dateIssued>1670</dateIssued>
  </originInfo>
  <language>
    <languageTerm authority="iso639-2b" type="code">lat</languageTerm>
  </language>
  <physicalDescription>
    <form authority="marcform">print</form>
    <extent>[4] Bl., 315 S 4°</extent>
    <form type="media" authority="rdamedia">nicht spezifiziert</form>
    <form type="carrier" authority="rdacarrier">nicht spezifiziert</form>
  </physicalDescription>
  <note type="statement of responsibility" altRepGroup="00">Partim. ex. Analectis. Dn. Georgii. Pfankuch ... Plurimum. vero. industria. concinnatus. Gerhardi. Pfankuch ...</note>
  <note>Schlüsselseiten aus Exemplar Gb 11560 (SBB-PK)</note>
  <note>Vorlageform des Erscheinungsvermerks: Coloniae. &amp;. Francofurti. Sumptibus Haeredum Jodoci Kalcovii. LXX.</note>
  <identifier type="vd17">1:012824F</identifier>
  <relatedItem>
    <location>
      <url displayLabel="Volltext" note="Kostenfrei">http://resolver.staatsbibliothek-berlin.de/SBB00020C7E00000000</url>
    </location>
  </relatedItem>
  <recordInfo>
    <descriptionStandard>rakwb</descriptionStandard>
    <recordContentSource authority="marcorg">DE-627</recordContentSource>
    <recordCreationDate encoding="marc">020901</recordCreationDate>
    <recordChangeDate encoding="iso8601">20200310215344.0</recordChangeDate>
    <recordIdentifier source="DE-627-4">001600540</recordIdentifier>
    <recordOrigin>Converted from MARCXML to MODS version 3.6 using MARC21slim2MODS3-6.xsl
				(Revision 1.119 2018/06/21)</recordOrigin>
    <languageOfCataloging>
      <languageTerm authority="iso639-2b" type="code">ger</languageTerm>
    </languageOfCataloging>
  </recordInfo>
</mods></zs:recordData><zs:recordPosition>5</zs:recordPosition></zs:record><zs:record><zs:recordSchema>mods</zs:recordSchema><zs:recordXMLEscaping>xml</zs:recordXMLEscaping><zs:recordData><mods xmlns:xsi="http://www.w3.org/2001/XMLSchema-instance" xmlns="http://www.loc.gov/mods/v3" version="3.6" xsi:schemaLocation="http://www.loc.gov/mods/v3 http://www.loc.gov/standards/mods/v3/mods-3-6.xsd">
  <titleInfo>
    <title>Disputationem Iuridicam De Transactionibus Iuncta Decade Principum Iurium Controversiarum Patrocinante ... D.D. Johann' Ottone Tabore ... DD. Iurium Candidatis Et Studiosis, veritatis lance trutinandam exponit Gerhard' Pfankuch/ e Marckensibus Werdensium Guestphalis, Author. Ad Diem 3. Iulii, horis locoq[ue] solitis</title>
  </titleInfo>
  <name type="personal" usage="primary">
    <namePart>Tabor, Johann Otto</namePart>
    <namePart type="date">1604-1674</namePart>
    <role>
      <roleTerm authority="marcrelator" type="code">aut</roleTerm>
    </role>
    <nameIdentifier>(DE-588)100595626 (DE-627)004057201 (DE-576)16326189X</nameIdentifier>
  </name>
  <name type="personal">
    <namePart>Pfankuch, Gerhard</namePart>
    <namePart type="date">1640-1696</namePart>
    <role>
      <roleTerm authority="marcrelator" type="code">aut</roleTerm>
    </role>
    <nameIdentifier>(DE-588)124374794 (DE-627)004083873 (DE-576)294143718</nameIdentifier>
  </name>
  <name type="personal">
    <namePart>Meierus, Johann' Diethericus</namePart>
    <role>
      <roleTerm type="text">WidmungsempfängerIn</roleTerm>
    </role>
    <role>
      <roleTerm authority="marcrelator" type="code">dte</roleTerm>
    </role>
  </name>
  <name type="personal">
    <namePart>Tabor, Tobias Otto</namePart>
    <role>
      <roleTerm type="text">WidmungsempfängerIn</roleTerm>
    </role>
    <role>
      <roleTerm authority="marcrelator" type="code">dte</roleTerm>
    </role>
  </name>
  <name type="personal">
    <namePart>Hubertus, Johannes</namePart>
    <role>
      <roleTerm type="text">WidmungsempfängerIn</roleTerm>
    </role>
    <role>
      <roleTerm authority="marcrelator" type="code">dte</roleTerm>
    </role>
  </name>
  <name type="personal">
    <namePart>Dresingius, Bernhardus</namePart>
    <role>
      <roleTerm type="text">WidmungsempfängerIn</roleTerm>
    </role>
    <role>
      <roleTerm authority="marcrelator" type="code">dte</roleTerm>
    </role>
  </name>
  <name type="personal">
    <namePart>Hampel, Joseph Dietrich</namePart>
    <namePart type="date">1608-</namePart>
    <role>
      <roleTerm authority="marcrelator" type="code">prt</roleTerm>
    </role>
    <nameIdentifier>(DE-588)115649042 (DE-627)004207459 (DE-576)289999014</nameIdentifier>
  </name>
  <typeOfResource>text</typeOfResource>
  <genre authority="rdacontent">nicht spezifiziert</genre>
  <genre authority="local">Dissertation:jur.</genre>
  <originInfo>
    <place>
      <placeTerm type="code" authority="marccountry">xx</placeTerm>
    </place>
    <dateIssued encoding="marc">1661</dateIssued>
    <issuance>monographic</issuance>
  </originInfo>
  <originInfo eventType="publication">
    <place>
      <placeTerm type="text">Giessae Hassorum</placeTerm>
    </place>
    <publisher>Hampelius</publisher>
    <dateIssued>1661</dateIssued>
  </originInfo>
  <language>
    <languageTerm authority="iso639-2b" type="code">lat</languageTerm>
  </language>
  <physicalDescription>
    <form authority="marcform">print</form>
    <extent>24 S 4°</extent>
    <form type="media" authority="rdamedia">nicht spezifiziert</form>
    <form type="carrier" authority="rdacarrier">nicht spezifiziert</form>
  </physicalDescription>
  <note type="action">Digitalisierung geplant Digitalisierung Unika durch SBB-PK Berlin pdager</note>
  <identifier type="vd17">1:014794E</identifier>
  <relatedItem>
    <location>
      <url displayLabel="Volltext" note="Kostenfrei">http://resolver.staatsbibliothek-berlin.de/SBB00020B7900000000</url>
    </location>
  </relatedItem>
  <recordInfo>
    <descriptionStandard>rakwb</descriptionStandard>
    <recordContentSource authority="marcorg">DE-627</recordContentSource>
    <recordCreationDate encoding="marc">020901</recordCreationDate>
    <recordChangeDate encoding="iso8601">20200310215352.0</recordChangeDate>
    <recordIdentifier source="DE-627-4">001605275</recordIdentifier>
    <recordOrigin>Converted from MARCXML to MODS version 3.6 using MARC21slim2MODS3-6.xsl
				(Revision 1.119 2018/06/21)</recordOrigin>
    <languageOfCataloging>
      <languageTerm authority="iso639-2b" type="code">ger</languageTerm>
    </languageOfCataloging>
  </recordInfo>
</mods></zs:recordData><zs:recordPosition>6</zs:recordPosition></zs:record></zs:records><zs:echoedSearchRetrieveRequest><zs:version>2.0</zs:version><zs:query>pica.nid=124374794</zs:query><zs:startRecord>1</zs:startRecord><zs:maximumRecords>500</zs:maximumRecords><zs:recordXMLEscaping>xml</zs:recordXMLEscaping><zs:recordSchema>mods</zs:recordSchema></zs:echoedSearchRetrieveRequest><zs:resultCountPrecision>exact</zs:resultCountPrecision></zs:searchRetrieveResponse>
