<?xml version="1.0" encoding="UTF-8"?>
<zs:searchRetrieveResponse xmlns:zs="http://docs.oasis-open.org/ns/search-ws/sruResponse"><zs:numberOfRecords>3</zs:numberOfRecords><zs:records><zs:record><zs:recordSchema>mods</zs:recordSchema><zs:recordXMLEscaping>xml</zs:recordXMLEscaping><zs:recordData><mods xmlns:xsi="http://www.w3.org/2001/XMLSchema-instance" xmlns="http://www.loc.gov/mods/v3" version="3.6" xsi:schemaLocation="http://www.loc.gov/mods/v3 http://www.loc.gov/standards/mods/v3/mods-3-6.xsd">
  <name type="personal" usage="primary">
    <namePart>Georg Aribert</namePart>
    <namePart type="termsOfAddress">Anhalt-Dessau, Fürst</namePart>
    <namePart type="date">1606-1643</namePart>
  </name>
  <typeOfResource/>
  <originInfo>
    <place>
      <placeTerm type="code" authority="marccountry">bbn</placeTerm>
    </place>
    <issuance/>
  </originInfo>
  <note xmlns:xlink="http://www.w3.org/1999/xlink" xlink:href="(DE-588)4155603-3">(DE-627)006930107 (DE-588)4155603-3 Fürst adel r Adelstitel</note>
  <subject>
    <geographicCode authority="iso3166">XA-DE</geographicCode>
  </subject>
  <identifier type="uri">http://d-nb.info/gnd/104173270</identifier>
  <recordInfo>
    <recordCreationDate encoding="marc">020621</recordCreationDate>
    <recordChangeDate encoding="iso8601">202003151223.3</recordChangeDate>
    <recordIdentifier source="DE-627">004142276</recordIdentifier>
    <recordOrigin>Converted from MARCXML to MODS version 3.6 using MARC21slim2MODS3-6.xsl
				(Revision 1.119 2018/06/21)</recordOrigin>
  </recordInfo>
</mods></zs:recordData><zs:recordPosition>1</zs:recordPosition></zs:record><zs:record><zs:recordSchema>mods</zs:recordSchema><zs:recordXMLEscaping>xml</zs:recordXMLEscaping><zs:recordData><mods xmlns:xsi="http://www.w3.org/2001/XMLSchema-instance" xmlns="http://www.loc.gov/mods/v3" version="3.6" xsi:schemaLocation="http://www.loc.gov/mods/v3 http://www.loc.gov/standards/mods/v3/mods-3-6.xsd">
  <titleInfo>
    <title>Nos, Dei Gratia, Augustus, Ludovicus, Johannes-Casimirus, Christianus, Georgius-Aribertus, &amp; Fridericus, Principes Anhaltini, Comites Ascaniae, Domini Sevestae Et Bernburgi. Nobilibus Et Prudentissimis, Praecipue Dilectis Nostris, Bernensis Reipublicae Consulibus Et Senatoribus Salutem &amp; benevolentiam nostram</title>
    <subTitle>Res ipsa loquitur, in ea nos, proh dolor! ... ; Dab. An. M. DC.XXXIIX</subTitle>
  </titleInfo>
  <name type="personal">
    <namePart>August</namePart>
    <namePart type="termsOfAddress">Anhalt-Köthen, Fürst</namePart>
    <namePart type="date">1575-1653</namePart>
    <role>
      <roleTerm authority="marcrelator" type="code">oth</roleTerm>
    </role>
    <nameIdentifier>(DE-588)12105876X (DE-627)004415272 (DE-576)292521618</nameIdentifier>
  </name>
  <name type="personal">
    <namePart>Ludwig</namePart>
    <namePart type="termsOfAddress">Anhalt-Köthen, Fürst</namePart>
    <namePart type="date">1579-1650</namePart>
    <role>
      <roleTerm authority="marcrelator" type="code">oth</roleTerm>
    </role>
    <nameIdentifier>(DE-588)118574868 (DE-627)004290674 (DE-576)209018518</nameIdentifier>
  </name>
  <name type="personal">
    <namePart>Johann Kasimir</namePart>
    <namePart type="termsOfAddress">Anhalt-Dessau, Fürst</namePart>
    <namePart type="date">1596-1660</namePart>
    <role>
      <roleTerm authority="marcrelator" type="code">oth</roleTerm>
    </role>
    <nameIdentifier>(DE-588)100858457 (DE-627)004099370 (DE-576)169616401</nameIdentifier>
  </name>
  <name type="personal">
    <namePart>Christian</namePart>
    <namePart type="termsOfAddress">II. Anhalt-Bernburg, Fürst</namePart>
    <namePart type="date">1599-1656</namePart>
    <role>
      <roleTerm authority="marcrelator" type="code">oth</roleTerm>
    </role>
    <nameIdentifier>(DE-588)119130947 (DE-627)004315995 (DE-576)175488169</nameIdentifier>
  </name>
  <name type="personal">
    <namePart>Georg Aribert</namePart>
    <namePart type="termsOfAddress">Anhalt-Dessau, Fürst</namePart>
    <namePart type="date">1606-1643</namePart>
    <role>
      <roleTerm authority="marcrelator" type="code">oth</roleTerm>
    </role>
    <nameIdentifier>(DE-588)104173270 (DE-627)004142276 (DE-576)288964411</nameIdentifier>
  </name>
  <name type="personal">
    <namePart>Friedrich</namePart>
    <namePart type="termsOfAddress">Anhalt-Bernburg, Fürst</namePart>
    <namePart type="date">1613-1670</namePart>
    <role>
      <roleTerm authority="marcrelator" type="code">oth</roleTerm>
    </role>
    <nameIdentifier>(DE-588)102042632 (DE-627)004103033 (DE-576)172076838</nameIdentifier>
  </name>
  <typeOfResource>text</typeOfResource>
  <genre authority="rdacontent">nicht spezifiziert</genre>
  <genre authority="local">Amtsdruckschrift</genre>
  <originInfo>
    <place>
      <placeTerm type="code" authority="marccountry">xx</placeTerm>
    </place>
    <dateIssued encoding="marc">1638</dateIssued>
    <issuance>monographic</issuance>
  </originInfo>
  <originInfo eventType="publication">
    <place>
      <placeTerm type="text">[S.l.]</placeTerm>
    </place>
    <publisher/>
    <dateIssued>1638</dateIssued>
  </originInfo>
  <language>
    <languageTerm authority="iso639-2b" type="code">lat</languageTerm>
  </language>
  <physicalDescription>
    <form authority="marcform">print</form>
    <extent>[3] Bl 2°</extent>
    <form type="media" authority="rdamedia">nicht spezifiziert</form>
    <form type="carrier" authority="rdacarrier">nicht spezifiziert</form>
  </physicalDescription>
  <note>Schlüsselseiten aus dem Exemplar der ULB Halle: 78 M 492, Kapsel (16)</note>
  <note>Erscheinungsjahr nach der Datierung am Ende des Textes angegeben</note>
  <identifier type="vd17">3:677621B</identifier>
  <relatedItem>
    <location>
      <url note="Kostenfrei">http://vd17.bibliothek.uni-halle.de/pict/2005/3:677621B/</url>
    </location>
  </relatedItem>
  <recordInfo>
    <descriptionStandard>rakwb</descriptionStandard>
    <recordContentSource authority="marcorg">DE-627</recordContentSource>
    <recordCreationDate encoding="marc">051121</recordCreationDate>
    <recordChangeDate encoding="iso8601">20200310221529.0</recordChangeDate>
    <recordIdentifier source="DE-627-4">005689066</recordIdentifier>
    <recordOrigin>Converted from MARCXML to MODS version 3.6 using MARC21slim2MODS3-6.xsl
				(Revision 1.119 2018/06/21)</recordOrigin>
    <languageOfCataloging>
      <languageTerm authority="iso639-2b" type="code">ger</languageTerm>
    </languageOfCataloging>
  </recordInfo>
</mods></zs:recordData><zs:recordPosition>2</zs:recordPosition></zs:record><zs:record><zs:recordSchema>mods</zs:recordSchema><zs:recordXMLEscaping>xml</zs:recordXMLEscaping><zs:recordData><mods xmlns:xsi="http://www.w3.org/2001/XMLSchema-instance" xmlns="http://www.loc.gov/mods/v3" version="3.6" xsi:schemaLocation="http://www.loc.gov/mods/v3 http://www.loc.gov/standards/mods/v3/mods-3-6.xsd">
  <titleInfo>
    <nonSort xml:space="preserve">L  </nonSort>
    <title>hore de Recreation = ErquickStunden/ Von Zwey Tausend ein Hundert außerlesenen schönen lustigen Historien und Geschichten</title>
  </titleInfo>
  <titleInfo type="alternative">
    <title>2100 zweitausendeinhundert</title>
  </titleInfo>
  <name type="personal" usage="primary">
    <namePart>Zanach, Jakob</namePart>
    <role>
      <roleTerm authority="marcrelator" type="code">aut</roleTerm>
    </role>
    <nameIdentifier>(DE-588)128409010 (DE-627)004983874 (DE-576)297128426</nameIdentifier>
  </name>
  <name type="personal">
    <namePart>Johann Kasimir</namePart>
    <namePart type="termsOfAddress">Anhalt-Dessau, Fürst</namePart>
    <namePart type="date">1596-1660</namePart>
    <role>
      <roleTerm type="text">WidmungsempfängerIn</roleTerm>
    </role>
    <role>
      <roleTerm authority="marcrelator" type="code">dte</roleTerm>
    </role>
    <nameIdentifier>(DE-588)100858457 (DE-627)004099370 (DE-576)169616401</nameIdentifier>
  </name>
  <name type="personal">
    <namePart>Georg Aribert</namePart>
    <namePart type="termsOfAddress">Anhalt-Dessau, Fürst</namePart>
    <namePart type="date">1606-1643</namePart>
    <role>
      <roleTerm type="text">WidmungsempfängerIn</roleTerm>
    </role>
    <role>
      <roleTerm authority="marcrelator" type="code">dte</roleTerm>
    </role>
    <nameIdentifier>(DE-588)104173270 (DE-627)004142276 (DE-576)288964411</nameIdentifier>
  </name>
  <name type="personal">
    <namePart>Ernst</namePart>
    <namePart type="termsOfAddress">Anhalt-Bernburg, Fürst</namePart>
    <namePart type="date">1608-1632</namePart>
    <role>
      <roleTerm type="text">WidmungsempfängerIn</roleTerm>
    </role>
    <role>
      <roleTerm authority="marcrelator" type="code">dte</roleTerm>
    </role>
    <nameIdentifier>(DE-588)104173238 (DE-627)004142268 (DE-576)288964373</nameIdentifier>
  </name>
  <name type="personal">
    <namePart>Christian</namePart>
    <namePart type="termsOfAddress">II. Anhalt-Bernburg, Fürst</namePart>
    <namePart type="date">1599-1656</namePart>
    <role>
      <roleTerm type="text">WidmungsempfängerIn</roleTerm>
    </role>
    <role>
      <roleTerm authority="marcrelator" type="code">dte</roleTerm>
    </role>
    <nameIdentifier>(DE-588)119130947 (DE-627)004315995 (DE-576)175488169</nameIdentifier>
  </name>
  <name type="personal">
    <namePart>Joachim Ernst</namePart>
    <namePart type="termsOfAddress">Anhalt, Fürst</namePart>
    <namePart type="date">1592-1615</namePart>
    <role>
      <roleTerm type="text">WidmungsempfängerIn</roleTerm>
    </role>
    <role>
      <roleTerm authority="marcrelator" type="code">dte</roleTerm>
    </role>
    <nameIdentifier>(DE-588)104303670 (DE-627)004164148 (DE-576)289040426</nameIdentifier>
  </name>
  <name type="personal">
    <namePart>Ludwig</namePart>
    <namePart type="termsOfAddress">Anhalt-Köthen, Fürst</namePart>
    <namePart type="date">1607-1624</namePart>
    <role>
      <roleTerm type="text">WidmungsempfängerIn</roleTerm>
    </role>
    <role>
      <roleTerm authority="marcrelator" type="code">dte</roleTerm>
    </role>
    <nameIdentifier>(DE-588)124281729 (DE-627)004733444 (DE-576)294100768</nameIdentifier>
  </name>
  <name type="personal">
    <namePart>Börner, Johann</namePart>
    <namePart type="termsOfAddress">der Jüngere</namePart>
    <role>
      <roleTerm authority="marcrelator" type="code">prt</roleTerm>
    </role>
    <nameIdentifier>(DE-588)1037506871 (DE-627)007466005 (DE-576)391559494</nameIdentifier>
  </name>
  <name type="personal">
    <namePart>Rambau, Andreas</namePart>
    <role>
      <roleTerm authority="marcrelator" type="code">prt</roleTerm>
    </role>
    <nameIdentifier>(DE-588)1037524748 (DE-627)007477783 (DE-576)39154165X</nameIdentifier>
  </name>
  <name type="personal">
    <namePart>Mamitzsch, Andreas</namePart>
    <role>
      <roleTerm authority="marcrelator" type="code">prt</roleTerm>
    </role>
    <nameIdentifier>(DE-588)1037533860 (DE-627)007482264 (DE-576)391608878</nameIdentifier>
  </name>
  <typeOfResource>text</typeOfResource>
  <genre authority="rdacontent">nicht spezifiziert</genre>
  <genre authority="local">Anthologie</genre>
  <originInfo>
    <place>
      <placeTerm type="code" authority="marccountry">xx</placeTerm>
    </place>
    <dateIssued encoding="marc">1623</dateIssued>
    <edition>Zum vierdten mal gedruckt</edition>
    <issuance>monographic</issuance>
  </originInfo>
  <originInfo eventType="publication">
    <place>
      <placeTerm type="text">Leipzig</placeTerm>
    </place>
    <publisher>Börner</publisher>
    <dateIssued>1623</dateIssued>
  </originInfo>
  <originInfo eventType="publication">
    <place>
      <placeTerm type="text">Gera an der Elster</placeTerm>
    </place>
    <publisher>Mamitzsch</publisher>
    <dateIssued>1623</dateIssued>
  </originInfo>
  <language>
    <languageTerm authority="iso639-2b" type="code">ger</languageTerm>
  </language>
  <physicalDescription>
    <form authority="marcform">print</form>
    <extent>[16] Bl., 1026 S., [13] Bl Tbl. r&amp;s 8°</extent>
    <form type="media" authority="rdamedia">nicht spezifiziert</form>
    <form type="carrier" authority="rdacarrier">nicht spezifiziert</form>
  </physicalDescription>
  <note>Schlüsselseiten aus dem Exemplar der FB Gotha: Poes 8° 2978/1 (3)</note>
  <note>Vorlageform des Impressums: In Verlegung Johann Börners und Andreae Rhambaws Buchhändl. - Vorlageform des Kolophons: Gedruckt zu Gera an der Elster/ Durch Andream Mamitzsch. Anno M.DC.XXIII.</note>
  <note type="language">Text dt.</note>
  <note type="action">Digitalisierung geplant Digitalisierung Unika durch FB Gotha pdager</note>
  <relatedItem type="host">
    <identifier type="local">(DE-627)001016563</identifier>
    <part>
      <text>3</text>
    </part>
    <part>
      <detail level="1">
        <number>3.1623</number>
      </detail>
      <detail level="2">
        <number/>
      </detail>
      <detail level="3">
        <number/>
      </detail>
      <extent unit="page">
        <start/>
      </extent>
    </part>
  </relatedItem>
  <identifier type="vd17">39:125333W</identifier>
  <relatedItem>
    <location>
      <url displayLabel="Volltext" note="Kostenfrei">https://nbn-resolving.org/urn:nbn:de:urmel-2c6d5aae-7cb7-4250-baa6-a37ffa80479c6</url>
    </location>
  </relatedItem>
  <recordInfo>
    <descriptionStandard>rakwb</descriptionStandard>
    <recordContentSource authority="marcorg">DE-627</recordContentSource>
    <recordCreationDate encoding="marc">020901</recordCreationDate>
    <recordChangeDate encoding="iso8601">20200610072455.0</recordChangeDate>
    <recordIdentifier source="DE-627-4">001016660</recordIdentifier>
    <recordOrigin>Converted from MARCXML to MODS version 3.6 using MARC21slim2MODS3-6.xsl
				(Revision 1.119 2018/06/21)</recordOrigin>
    <languageOfCataloging>
      <languageTerm authority="iso639-2b" type="code">ger</languageTerm>
    </languageOfCataloging>
  </recordInfo>
</mods></zs:recordData><zs:recordPosition>3</zs:recordPosition></zs:record></zs:records><zs:echoedSearchRetrieveRequest><zs:version>2.0</zs:version><zs:query>pica.nid=104173270</zs:query><zs:startRecord>1</zs:startRecord><zs:maximumRecords>500</zs:maximumRecords><zs:recordXMLEscaping>xml</zs:recordXMLEscaping><zs:recordSchema>mods</zs:recordSchema></zs:echoedSearchRetrieveRequest><zs:resultCountPrecision>exact</zs:resultCountPrecision></zs:searchRetrieveResponse>
