<?xml version="1.0" encoding="UTF-8"?>
<zs:searchRetrieveResponse xmlns:zs="http://docs.oasis-open.org/ns/search-ws/sruResponse"><zs:numberOfRecords>2</zs:numberOfRecords><zs:records><zs:record><zs:recordSchema>mods</zs:recordSchema><zs:recordXMLEscaping>xml</zs:recordXMLEscaping><zs:recordData><mods xmlns:xsi="http://www.w3.org/2001/XMLSchema-instance" xmlns="http://www.loc.gov/mods/v3" version="3.6" xsi:schemaLocation="http://www.loc.gov/mods/v3 http://www.loc.gov/standards/mods/v3/mods-3-6.xsd">
  <name type="personal" usage="primary">
    <namePart>Breitenbauch, Melchior von</namePart>
    <namePart type="termsOfAddress">der Andere</namePart>
    <namePart type="date">1599-1681</namePart>
  </name>
  <typeOfResource/>
  <originInfo>
    <place>
      <placeTerm type="code" authority="marccountry">bbn</placeTerm>
    </place>
    <issuance/>
  </originInfo>
  <note xmlns:xlink="http://www.w3.org/1999/xlink" xlink:href="(DE-588)4300473-8">(DE-627)006960928 (DE-588)4300473-8 Direktor berc r Charakteristischer Beruf</note>
  <note>Steuerdirektor beru r Beruf</note>
  <subject>
    <geographicCode authority="iso3166">ZZ</geographicCode>
  </subject>
  <identifier type="uri">http://d-nb.info/gnd/139072098</identifier>
  <recordInfo>
    <recordCreationDate encoding="marc">090902</recordCreationDate>
    <recordChangeDate encoding="iso8601">202003221854.4</recordChangeDate>
    <recordIdentifier source="DE-627">006563856</recordIdentifier>
    <recordOrigin>Converted from MARCXML to MODS version 3.6 using MARC21slim2MODS3-6.xsl
				(Revision 1.119 2018/06/21)</recordOrigin>
  </recordInfo>
</mods></zs:recordData><zs:recordPosition>1</zs:recordPosition></zs:record><zs:record><zs:recordSchema>mods</zs:recordSchema><zs:recordXMLEscaping>xml</zs:recordXMLEscaping><zs:recordData><mods xmlns:xsi="http://www.w3.org/2001/XMLSchema-instance" xmlns="http://www.loc.gov/mods/v3" version="3.6" xsi:schemaLocation="http://www.loc.gov/mods/v3 http://www.loc.gov/standards/mods/v3/mods-3-6.xsd">
  <titleInfo>
    <title>Rosarium, quo Annæ Elisabethæ, e prosapia Bendlebiana ortae, Fœminæ, qua pietatis, qua morum integritate rarissimæ, … Viri Dn. Melchioris A Breitenbauch in Ranis/ Brandenstein/ …</title>
  </titleInfo>
  <titleInfo type="alternative">
    <title>Annae Elisabethae Iohannes Ienae Foeminae rarissimae Coes Jenae Viduae Weidnerianae</title>
  </titleInfo>
  <name type="personal" usage="primary">
    <namePart>Rüdinger, Johann</namePart>
    <namePart type="date">1586-1657</namePart>
    <role>
      <roleTerm type="text">VerfasserIn</roleTerm>
    </role>
    <role>
      <roleTerm authority="marcrelator" type="code">aut</roleTerm>
    </role>
    <nameIdentifier>(DE-588)122790669 (DE-627)004609786 (DE-576)293421684</nameIdentifier>
  </name>
  <name type="personal">
    <namePart>Breitenbauch, Anna Elisabeth von</namePart>
    <namePart type="date">1610-1632</namePart>
    <role>
      <roleTerm type="text">WidmungsempfängerIn</roleTerm>
    </role>
    <role>
      <roleTerm authority="marcrelator" type="code">dte</roleTerm>
    </role>
    <nameIdentifier>(DE-588)115854967 (DE-627)004224507 (DE-576)290115418</nameIdentifier>
  </name>
  <name type="personal">
    <namePart>Breitenbauch, Melchior von</namePart>
    <namePart type="termsOfAddress">der Andere</namePart>
    <namePart type="date">1599-1681</namePart>
    <role>
      <roleTerm type="text">Sonstige Person, Familie und Körperschaft</roleTerm>
    </role>
    <role>
      <roleTerm authority="marcrelator" type="code">oth</roleTerm>
    </role>
    <nameIdentifier>(DE-588)139072098 (DE-627)006563856</nameIdentifier>
  </name>
  <name type="personal">
    <namePart>Weidner, Barbara</namePart>
    <role>
      <roleTerm type="text">DruckerIn</roleTerm>
    </role>
    <role>
      <roleTerm authority="marcrelator" type="code">prt</roleTerm>
    </role>
    <nameIdentifier>(DE-588)1037505689 (DE-627)007452667 (DE-576)391560662</nameIdentifier>
  </name>
  <typeOfResource>text</typeOfResource>
  <genre authority="rdacontent">Text</genre>
  <genre authority="local">Einblattdruck</genre>
  <genre authority="local">Gelegenheitsschrift:Tod</genre>
  <originInfo>
    <place>
      <placeTerm type="code" authority="marccountry">xx</placeTerm>
    </place>
    <dateIssued encoding="marc">1626</dateIssued>
    <issuance>monographic</issuance>
  </originInfo>
  <originInfo eventType="publication">
    <place>
      <placeTerm type="text">Jenæ</placeTerm>
    </place>
    <publisher>Typis Viduæ Weidnerianæ</publisher>
    <dateIssued>[1626]</dateIssued>
  </originInfo>
  <language>
    <languageTerm authority="iso639-2b" type="code">lat</languageTerm>
  </language>
  <physicalDescription>
    <form authority="marcform">print</form>
    <extent>1 Bogen Format: circa 38 x 30 cm. Satzspiegel: 33,0 x 24,9 cm</extent>
    <form type="media" authority="rdamedia">ohne Hilfsmittel zu benutzen</form>
    <form type="carrier" authority="rdacarrier">Blatt</form>
  </physicalDescription>
  <note type="statement of responsibility" altRepGroup="00">M. Johannes Rüdinger P. L. Cœs. In superiori Oppurgo Ecclesiastes.</note>
  <note>Erscheinungsjahr nach den Wirkungsdaten des Druckers geschätzt</note>
  <note>Vorlageform der Veröffentlichungsangabe: Jenæ, Typis Viduæ Weidnerianæ.</note>
  <note type="action">Digitalisierung geplant 2020 pdager DE-15</note>
  <identifier type="vd17">15:749514P</identifier>
  <recordInfo>
    <descriptionStandard>rda</descriptionStandard>
    <recordContentSource authority="marcorg">DE-627</recordContentSource>
    <recordCreationDate encoding="marc">200511</recordCreationDate>
    <recordChangeDate encoding="iso8601">20200511091827.0</recordChangeDate>
    <recordIdentifier source="DE-627-4">008857067</recordIdentifier>
    <recordOrigin>Converted from MARCXML to MODS version 3.6 using MARC21slim2MODS3-6.xsl
				(Revision 1.119 2018/06/21)</recordOrigin>
    <languageOfCataloging>
      <languageTerm authority="iso639-2b" type="code">ger</languageTerm>
    </languageOfCataloging>
  </recordInfo>
</mods></zs:recordData><zs:recordPosition>2</zs:recordPosition></zs:record></zs:records><zs:echoedSearchRetrieveRequest><zs:version>2.0</zs:version><zs:query>pica.nid=139072098</zs:query><zs:startRecord>1</zs:startRecord><zs:maximumRecords>500</zs:maximumRecords><zs:recordXMLEscaping>xml</zs:recordXMLEscaping><zs:recordSchema>mods</zs:recordSchema></zs:echoedSearchRetrieveRequest><zs:resultCountPrecision>exact</zs:resultCountPrecision></zs:searchRetrieveResponse>
