<?xml version="1.0" encoding="UTF-8"?>
<zs:searchRetrieveResponse xmlns:zs="http://docs.oasis-open.org/ns/search-ws/sruResponse"><zs:numberOfRecords>7</zs:numberOfRecords><zs:records><zs:record><zs:recordSchema>mods</zs:recordSchema><zs:recordXMLEscaping>xml</zs:recordXMLEscaping><zs:recordData><mods xmlns:xsi="http://www.w3.org/2001/XMLSchema-instance" xmlns="http://www.loc.gov/mods/v3" version="3.6" xsi:schemaLocation="http://www.loc.gov/mods/v3 http://www.loc.gov/standards/mods/v3/mods-3-6.xsd">
  <name type="personal" usage="primary">
    <namePart>Bentheim, Ernst Wilhelm von</namePart>
    <namePart type="date">1623-1693</namePart>
  </name>
  <typeOfResource/>
  <originInfo>
    <place>
      <placeTerm type="code" authority="marccountry">bbn</placeTerm>
    </place>
    <issuance/>
  </originInfo>
  <subject>
    <geographicCode authority="iso3166">XA-DE</geographicCode>
  </subject>
  <identifier type="uri">http://d-nb.info/gnd/104235217</identifier>
  <recordInfo>
    <recordCreationDate encoding="marc">020621</recordCreationDate>
    <recordChangeDate encoding="iso8601">202005270036.4</recordChangeDate>
    <recordIdentifier source="DE-627">004150848</recordIdentifier>
    <recordOrigin>Converted from MARCXML to MODS version 3.6 using MARC21slim2MODS3-6.xsl
				(Revision 1.119 2018/06/21)</recordOrigin>
  </recordInfo>
</mods></zs:recordData><zs:recordPosition>1</zs:recordPosition></zs:record><zs:record><zs:recordSchema>mods</zs:recordSchema><zs:recordXMLEscaping>xml</zs:recordXMLEscaping><zs:recordData><mods xmlns:xsi="http://www.w3.org/2001/XMLSchema-instance" xmlns="http://www.loc.gov/mods/v3" version="3.6" xsi:schemaLocation="http://www.loc.gov/mods/v3 http://www.loc.gov/standards/mods/v3/mods-3-6.xsd">
  <titleInfo>
    <title>Hochgraffliche Bentheimische Gericht- Undt Landts-Ordnungen</title>
  </titleInfo>
  <titleInfo type="alternative" displayLabel="abweichender Titel">
    <title>Zwischent.: Bentheimische Hoff- undt Landtgerichts- auch gemeine Ordnungen</title>
  </titleInfo>
  <titleInfo type="alternative">
    <title>Hochgräfliche Gerichtordnungen und Landesordnungen Landsordnungen Gerichtsordnungen Hofordnungen Landgerichtsordnungen</title>
  </titleInfo>
  <titleInfo type="alternative">
    <title>Bentheimische Hoff- undt Landtgerichts- auch gemeine Ordnungen</title>
  </titleInfo>
  <name type="personal" usage="primary">
    <namePart>Arnold</namePart>
    <namePart type="termsOfAddress">IV. Steinfurt, Graf</namePart>
    <namePart type="date">1554-1606</namePart>
    <role>
      <roleTerm authority="marcrelator" type="code">aut</roleTerm>
    </role>
    <nameIdentifier>(DE-588)124292100 (DE-627)004733746</nameIdentifier>
  </name>
  <name type="personal">
    <namePart>Bentheim, Ernst Wilhelm von</namePart>
    <namePart type="date">1623-1693</namePart>
    <role>
      <roleTerm authority="marcrelator" type="code">oth</roleTerm>
    </role>
    <nameIdentifier>(DE-588)104235217 (DE-627)004150848</nameIdentifier>
  </name>
  <name type="personal">
    <namePart>Langen, Diderich van</namePart>
    <role>
      <roleTerm authority="marcrelator" type="code">prt</roleTerm>
    </role>
    <nameIdentifier>(DE-588)1037612779 (DE-627)007484453 (DE-576)391617079</nameIdentifier>
  </name>
  <typeOfResource>text</typeOfResource>
  <genre authority="rdacontent">nicht spezifiziert</genre>
  <genre authority="local">Verordnung</genre>
  <originInfo>
    <place>
      <placeTerm type="code" authority="marccountry">xx</placeTerm>
    </place>
    <dateIssued encoding="marc">1691</dateIssued>
    <issuance>monographic</issuance>
  </originInfo>
  <originInfo eventType="publication">
    <place>
      <placeTerm type="text">Bentheim</placeTerm>
    </place>
    <publisher>Langen</publisher>
    <dateIssued>1691</dateIssued>
  </originInfo>
  <language>
    <languageTerm authority="iso639-2b" type="code">ger</languageTerm>
  </language>
  <physicalDescription>
    <form authority="marcform">print</form>
    <extent>[5] Bl., 54 S. 1 Ill. (Kupferst.) 2°</extent>
    <form type="media" authority="rdamedia">nicht spezifiziert</form>
    <form type="carrier" authority="rdacarrier">nicht spezifiziert</form>
  </physicalDescription>
  <note type="statement of responsibility" altRepGroup="00">Fur diesem Durch ... Herrn Arnold Graeffen zu Bentheimb ... zum theill verfasset: Anitzo aber Durch .... Herrn Ernest Wilhelm, Graffen zu Bentheimb ... mercklich verbessert, von dem 12. titul, des dritten theils, bis zum ende augmentiret, undt in offenem truck gebracht, Im Jahr 1691.</note>
  <note>Verfasserangaben dem Zwischentitelblatt entnommen</note>
  <note>Vorlageform des Erscheinungsverm.: Getruckt Anno 1691. Undt zu finden bey Diderich van Langen, Buch-handeler zu Bentheim</note>
  <identifier type="vd17">3:322856A</identifier>
  <relatedItem>
    <location>
      <url note="Kostenfrei">http://vd17.bibliothek.uni-halle.de/pict/2002/3:322856A/</url>
    </location>
  </relatedItem>
  <recordInfo>
    <descriptionStandard>rakwb</descriptionStandard>
    <recordContentSource authority="marcorg">DE-627</recordContentSource>
    <recordCreationDate encoding="marc">020901</recordCreationDate>
    <recordChangeDate encoding="iso8601">20200310214437.0</recordChangeDate>
    <recordIdentifier source="DE-627-4">001187279</recordIdentifier>
    <recordOrigin>Converted from MARCXML to MODS version 3.6 using MARC21slim2MODS3-6.xsl
				(Revision 1.119 2018/06/21)</recordOrigin>
    <languageOfCataloging>
      <languageTerm authority="iso639-2b" type="code">ger</languageTerm>
    </languageOfCataloging>
  </recordInfo>
</mods></zs:recordData><zs:recordPosition>2</zs:recordPosition></zs:record><zs:record><zs:recordSchema>mods</zs:recordSchema><zs:recordXMLEscaping>xml</zs:recordXMLEscaping><zs:recordData><mods xmlns:xsi="http://www.w3.org/2001/XMLSchema-instance" xmlns="http://www.loc.gov/mods/v3" version="3.6" xsi:schemaLocation="http://www.loc.gov/mods/v3 http://www.loc.gov/standards/mods/v3/mods-3-6.xsd">
  <titleInfo>
    <title>Hoch-Gräflicher Bentheim-Bentheimischer mit kräfftigsten Zeugnüssen/ bewehrter einfältiger Echo Auff das Iniurioso-Calumnioses so genandtes Hoch-Gräfliches Bentheim-Steinfurtisches Gegen-Manifest, (a) Oder Gründliche [b] Widerlegung von [c] Gertraud [d] Zelst vor wenig Jahren durch offenen Truck divulgirter Schmähe-[e] Schrifft: und zugleich Rechtliche [f] Behauptung zwischen denen beyden Hoch-Gräflichen Häuseren Bentheim und Steinfurt im Jahr 1487. errichteter ... Erb-Vereinigung: [g] Auch Damit ... übereinkommenden von dem Hochgebohrnen Grafen und Herren/ Herren Ernest Wilhelm/ Grafen zu Bentheim/ Tecklenburg/ Steinfurt und Limburg/ [et]c. Mit Seinem Herren Bruderen/ dem ... Herren Philip Conrad/ Grafen zu Bentheim/ Tecklenburg/ Steinfurt und Lemburg/ [et]c. ändlich [i] eingegangenem Successions-Vergleichs/ und folgends auff desselben ... Sohn Herren Arnold Mauritz Wilhelm [k] Grafen zu Bentheim/ Tecklenburg/ Steinfurt und Limburg [et]c. beschehener [l] ... Successions-Erklärung. [n] Mithin Zwischen Ihm ... Ernest Wilhelm und der ... Gräfin [o] ... Annen Isabellen/ ... Approbation [q] rühmlich bestehender Ehe. [r]</title>
  </titleInfo>
  <titleInfo type="alternative">
    <title>kräftigsten Zeugnissen Injurioso genanntes Druck Schmähschrift</title>
  </titleInfo>
  <name type="personal">
    <namePart>Bentheim, Gertrud von</namePart>
    <namePart type="date">-1679</namePart>
    <role>
      <roleTerm authority="marcrelator" type="code">oth</roleTerm>
    </role>
    <nameIdentifier>(DE-588)124370594 (DE-627)004739442 (DE-576)294141464</nameIdentifier>
  </name>
  <name type="personal">
    <namePart>Bentheim, Ernst Wilhelm von</namePart>
    <namePart type="date">1623-1693</namePart>
    <role>
      <roleTerm authority="marcrelator" type="code">oth</roleTerm>
    </role>
    <nameIdentifier>(DE-588)104235217 (DE-627)004150848</nameIdentifier>
  </name>
  <name type="personal">
    <namePart>Bentheim, Philipp Conrad von</namePart>
    <namePart type="date">1627-1668</namePart>
    <role>
      <roleTerm authority="marcrelator" type="code">oth</roleTerm>
    </role>
    <nameIdentifier>(DE-588)120208954 (DE-627)004352513 (DE-576)18592400X</nameIdentifier>
  </name>
  <name type="personal">
    <namePart>Bentheim, Arnold Moritz Wilhelm von</namePart>
    <namePart type="date">1663-1701</namePart>
    <role>
      <roleTerm authority="marcrelator" type="code">oth</roleTerm>
    </role>
    <nameIdentifier>(DE-588)120208970 (DE-627)004352521 (DE-576)292097670</nameIdentifier>
  </name>
  <name type="personal">
    <namePart>Bentheim, Anna Isabella von</namePart>
    <role>
      <roleTerm authority="marcrelator" type="code">oth</roleTerm>
    </role>
    <nameIdentifier>(DE-588)120208989 (DE-627)00435253X (DE-576)292097689</nameIdentifier>
  </name>
  <name type="personal">
    <namePart>Luppius, Andreas</namePart>
    <namePart type="date">1654-</namePart>
    <role>
      <roleTerm authority="marcrelator" type="code">prt</roleTerm>
    </role>
    <nameIdentifier>(DE-588)128460334 (DE-627)004998391 (DE-576)297158716</nameIdentifier>
  </name>
  <name type="corporate">
    <namePart>Bentheim, Grafschaft</namePart>
    <role>
      <roleTerm authority="marcrelator" type="code">oth</roleTerm>
    </role>
  </name>
  <typeOfResource>text</typeOfResource>
  <genre authority="rdacontent">nicht spezifiziert</genre>
  <genre authority="local">Streitschrift:jur.</genre>
  <originInfo>
    <place>
      <placeTerm type="code" authority="marccountry">xx</placeTerm>
    </place>
    <dateIssued encoding="marc">1687</dateIssued>
    <issuance>monographic</issuance>
  </originInfo>
  <originInfo eventType="publication">
    <place>
      <placeTerm type="text">Wesel</placeTerm>
    </place>
    <publisher>Luppius</publisher>
    <dateIssued>1687</dateIssued>
  </originInfo>
  <language>
    <languageTerm authority="iso639-2b" type="code">ger</languageTerm>
  </language>
  <physicalDescription>
    <form authority="marcform">print</form>
    <extent>82 Doppels., [2] Bl., S. 102, Doppels. 103 - 137, S. 138 - 184, [4] Bl 2°</extent>
    <form type="media" authority="rdamedia">nicht spezifiziert</form>
    <form type="carrier" authority="rdacarrier">nicht spezifiziert</form>
  </physicalDescription>
  <note>Achtung: Kustode einer Verso-Seite verweist immer auf eine Verso-Seite, Kustode einer Recto-Seite immer auf die Recto-Seite</note>
  <note>Nicht ident. mit VD17 547:640156S (dort 2. Blatt nach S. 82 verso mit S. 101 gezählt)</note>
  <note>Schlüsselseiten aus dem Exemplar der BSB München: 2 Ded. 143</note>
  <note>Die beiden den 82 Doppelseiten folgenden Blätter sind ohne Zählung, das nächstfolgende ist recto mit S. 102 gezählt, verso mit S. 103</note>
  <note>Auch in: Deductionis Seu Memoralis Bentheimensis. Ahn S. Röm. Käyserl. Mayestät/ Des H. R. Reichs Churfürsten/ Fürsten ... zu fürwährendem allgemeinem Reichs-Tag Gevollmächtigte Vortreffliche Räthe/ Bottschafften ... auch sonst aller Welt versprochenes Anderes Theil/ verfassen. - 1687</note>
  <identifier type="vd17">12:643252E</identifier>
  <recordInfo>
    <descriptionStandard>rakwb</descriptionStandard>
    <recordContentSource authority="marcorg">DE-627</recordContentSource>
    <recordCreationDate encoding="marc">040219</recordCreationDate>
    <recordChangeDate encoding="iso8601">20200224154906.0</recordChangeDate>
    <recordIdentifier source="DE-627-4">005143241</recordIdentifier>
    <recordOrigin>Converted from MARCXML to MODS version 3.6 using MARC21slim2MODS3-6.xsl
				(Revision 1.119 2018/06/21)</recordOrigin>
    <languageOfCataloging>
      <languageTerm authority="iso639-2b" type="code">ger</languageTerm>
    </languageOfCataloging>
  </recordInfo>
</mods></zs:recordData><zs:recordPosition>3</zs:recordPosition></zs:record><zs:record><zs:recordSchema>mods</zs:recordSchema><zs:recordXMLEscaping>xml</zs:recordXMLEscaping><zs:recordData><mods xmlns:xsi="http://www.w3.org/2001/XMLSchema-instance" xmlns="http://www.loc.gov/mods/v3" version="3.6" xsi:schemaLocation="http://www.loc.gov/mods/v3 http://www.loc.gov/standards/mods/v3/mods-3-6.xsd">
  <titleInfo>
    <title>Hoch-Gräflicher Bentheim-Bentheimischer mit kräfftigsten Zeugnüssen/ bewehrter einfältiger Echo Auff das Iniurioso-Calumnioses so genandtes Hoch-Gräfliches Bentheim-Steinfurtisches Gegen-Manifest, (a) Oder Gründliche [b] Widerlegung von [c] Gertraud [d] Zelst vor wenig Jahren durch offenen Truck divulgirter Schmähe-[e] Schrifft: und zugleich Rechtliche [f] Behauptung zwischen denen beyden Hoch-Gräflichen Häusern Bentheim und Steinfurt im Jahr 1487. errichteter ... Erb-Vereinigung: [g] ; Auch Damit ... übereinkommenden von dem Hochgebohrnen Grafen und Herren/ Herren Ernest Wilhelm/ Grafen zu Bentheim/ Tecklenburg/ Steinfurt und Limburg/ [et]c. Mit Seinem Herren Bruderen/ dem ... Herren Philip Conrad/ Grafen zu Bentheim/ Tecklenburg/ Steinfurt und Limburg/ [et]c. ändlich [i] eingegangenen Successions-Vergleichs</title>
  </titleInfo>
  <titleInfo type="alternative">
    <title>kräftigsten Zeugnissen Injurioso genanntes Druck Schmähschrift</title>
  </titleInfo>
  <name type="personal">
    <namePart>Bentheim, Gertrud von</namePart>
    <namePart type="date">-1679</namePart>
    <role>
      <roleTerm authority="marcrelator" type="code">oth</roleTerm>
    </role>
    <nameIdentifier>(DE-588)124370594 (DE-627)004739442 (DE-576)294141464</nameIdentifier>
  </name>
  <name type="personal">
    <namePart>Bentheim, Ernst Wilhelm von</namePart>
    <namePart type="date">1623-1693</namePart>
    <role>
      <roleTerm authority="marcrelator" type="code">oth</roleTerm>
    </role>
    <nameIdentifier>(DE-588)104235217 (DE-627)004150848</nameIdentifier>
  </name>
  <name type="personal">
    <namePart>Bentheim, Philipp Conrad von</namePart>
    <namePart type="date">1627-1668</namePart>
    <role>
      <roleTerm authority="marcrelator" type="code">oth</roleTerm>
    </role>
    <nameIdentifier>(DE-588)120208954 (DE-627)004352513 (DE-576)18592400X</nameIdentifier>
  </name>
  <name type="personal">
    <namePart>Bentheim, Arnold Moritz Wilhelm von</namePart>
    <namePart type="date">1663-1701</namePart>
    <role>
      <roleTerm authority="marcrelator" type="code">oth</roleTerm>
    </role>
    <nameIdentifier>(DE-588)120208970 (DE-627)004352521 (DE-576)292097670</nameIdentifier>
  </name>
  <name type="personal">
    <namePart>Bentheim, Anna Isabella von</namePart>
    <role>
      <roleTerm authority="marcrelator" type="code">oth</roleTerm>
    </role>
    <nameIdentifier>(DE-588)120208989 (DE-627)00435253X (DE-576)292097689</nameIdentifier>
  </name>
  <name type="personal">
    <namePart>Luppius, Andreas</namePart>
    <namePart type="date">1654-</namePart>
    <role>
      <roleTerm authority="marcrelator" type="code">prt</roleTerm>
    </role>
    <nameIdentifier>(DE-588)128460334 (DE-627)004998391 (DE-576)297158716</nameIdentifier>
  </name>
  <name type="corporate">
    <namePart>Bentheim, Grafschaft</namePart>
    <role>
      <roleTerm authority="marcrelator" type="code">oth</roleTerm>
    </role>
  </name>
  <typeOfResource>text</typeOfResource>
  <genre authority="rdacontent">nicht spezifiziert</genre>
  <genre authority="local">Streitschrift:jur.</genre>
  <originInfo>
    <place>
      <placeTerm type="code" authority="marccountry">xx</placeTerm>
    </place>
    <place>
      <placeTerm type="code" authority="iso3166">XA-DE</placeTerm>
    </place>
    <dateIssued encoding="marc">1687</dateIssued>
    <issuance>monographic</issuance>
  </originInfo>
  <originInfo eventType="publication">
    <place>
      <placeTerm type="text">Wesel</placeTerm>
    </place>
    <publisher>Luppius</publisher>
    <dateIssued>1687</dateIssued>
  </originInfo>
  <language>
    <languageTerm authority="iso639-2b" type="code">ger</languageTerm>
  </language>
  <physicalDescription>
    <form authority="marcform">print</form>
    <extent>82 Doppels., [1] Bl., S. 101-102, Doppels. 103-137, S. 138-184 2°</extent>
    <form type="media" authority="rdamedia">nicht spezifiziert</form>
    <form type="carrier" authority="rdacarrier">nicht spezifiziert</form>
  </physicalDescription>
  <note type="statement of responsibility" altRepGroup="00">und folgend auf desselben ... Sohn Herren Arnold Mauritz Wilhelm [k] Grafen zu Bentheim/ Tecklenburg/ Steinfurt und Limburg [et]c. beschehener [l] ... Successions-Erklärung. [n] Mithin Zwischen Ihm ... Ernest Wilhelm und der ... Gräfin [o] ... Annen Isabellen/ ... Approbation [q] rühmlich bestehender Ehe. [r]</note>
  <note>Achtung: Kustode einer Verso-Seite verweist immer auf eine Verso-Seite, Kustode einer Recto-Seite immer auf die Recto-Seite</note>
  <note>Nicht ident. mit VD17 12:643252E (dort 2. Blatt nach S. 82 verso nicht mit S. 101 gezählt)</note>
  <note>Schlüsselseiten aus dem Exemplar der FB Gotha: H 4° 640 (2)</note>
  <note>Das den 82 Doppelseiten folgende Blatt ist ohne Zählung, das nächstfolgende ist recto nicht gezählt, verso aber mit S. 101</note>
  <note type="action">Digitalisierung geplant Digitalisierung Unika durch FB Gotha pdager</note>
  <note>In: Deductionis Seu Memorialis Bentheimensis. Ahn S. Röm. Käyserl. Mayestät/ Des H. R. Reichs Churfürsten/ Fürsten ... zu fürwährendem allgemeinem Reichs-Tag Gevollmächtigte Vortreffliche Räthe/ Bottschafften ... auch sonst aller Welt versprochenes Anderes Theil/ verfassen. - 1687</note>
  <identifier type="vd17">547:640156S</identifier>
  <recordInfo>
    <descriptionStandard>rakwb</descriptionStandard>
    <recordContentSource authority="marcorg">DE-627</recordContentSource>
    <recordCreationDate encoding="marc">040106</recordCreationDate>
    <recordChangeDate encoding="iso8601">20200224154715.0</recordChangeDate>
    <recordIdentifier source="DE-627-4">005090253</recordIdentifier>
    <recordOrigin>Converted from MARCXML to MODS version 3.6 using MARC21slim2MODS3-6.xsl
				(Revision 1.119 2018/06/21)</recordOrigin>
    <languageOfCataloging>
      <languageTerm authority="iso639-2b" type="code">ger</languageTerm>
    </languageOfCataloging>
  </recordInfo>
</mods></zs:recordData><zs:recordPosition>4</zs:recordPosition></zs:record><zs:record><zs:recordSchema>mods</zs:recordSchema><zs:recordXMLEscaping>xml</zs:recordXMLEscaping><zs:recordData><mods xmlns:xsi="http://www.w3.org/2001/XMLSchema-instance" xmlns="http://www.loc.gov/mods/v3" version="3.6" xsi:schemaLocation="http://www.loc.gov/mods/v3 http://www.loc.gov/standards/mods/v3/mods-3-6.xsd">
  <titleInfo>
    <title>Memoriale, An Deß Heiligen Röm. Reichs Churfürsten/ Fürsten und Ständen/ zu fürwährendem allgemeinen Reichstag Gevollmächtigte/ vortreffliche Räthe/ Botschafften und Gesandte/ [et]c. In Causa Deß ... Herrn Ernesten/ Deß Heiligen Römischen Reichs Grafen zu Bentheim/ [et]c. Für sich und seine drey Herren Brüdere/ Christoffel Bernhard/ Arnold Jobsten/ Und Statio Philippen ... Eines/ Den ... Herrn Ernest Wilhelmen/ Deß Heil. Röm. Reichs Grafen zu Bentheim/ [et]c. obgemeldter Seiner Excellentz Ehelichen Kinder Curatorio nomine regierenden Grafen zu Bentheim ... Andern Theils</title>
    <subTitle>Mit Beylagen sub N. 1. 2. usque ad N. 155</subTitle>
  </titleInfo>
  <titleInfo type="alternative">
    <title>Römischen Kurfürsten Räte Botschaften drei teils</title>
  </titleInfo>
  <name type="personal">
    <namePart>Bentheim-Steinfurt, Ernst von</namePart>
    <namePart type="date">1664-1697</namePart>
    <role>
      <roleTerm authority="marcrelator" type="code">oth</roleTerm>
    </role>
    <nameIdentifier>(DE-588)121196712 (DE-627)004424239 (DE-576)292581173</nameIdentifier>
  </name>
  <name type="personal">
    <namePart>Bentheim-Steinfurt, Christoph Bernhard von</namePart>
    <namePart type="date">1665-</namePart>
    <role>
      <roleTerm authority="marcrelator" type="code">oth</roleTerm>
    </role>
    <nameIdentifier>(DE-588)121196755 (DE-627)004424247 (DE-576)292581203</nameIdentifier>
  </name>
  <name type="personal">
    <namePart>Bentheim, Arnold Jobst von</namePart>
    <namePart type="date">1666-1691</namePart>
    <role>
      <roleTerm authority="marcrelator" type="code">oth</roleTerm>
    </role>
    <nameIdentifier>(DE-588)12119678X (DE-627)004424255 (DE-576)292581211</nameIdentifier>
  </name>
  <name type="personal">
    <namePart>Bentheim-Steinfurt, Statius Philipp von</namePart>
    <namePart type="date">1668-</namePart>
    <role>
      <roleTerm authority="marcrelator" type="code">oth</roleTerm>
    </role>
    <nameIdentifier>(DE-588)121196798 (DE-627)004424263 (DE-576)29258122X</nameIdentifier>
  </name>
  <name type="personal">
    <namePart>Bentheim, Ernst Wilhelm von</namePart>
    <namePart type="date">1623-1693</namePart>
    <role>
      <roleTerm authority="marcrelator" type="code">oth</roleTerm>
    </role>
    <nameIdentifier>(DE-588)104235217 (DE-627)004150848</nameIdentifier>
  </name>
  <typeOfResource>text</typeOfResource>
  <genre authority="rdacontent">nicht spezifiziert</genre>
  <genre authority="local">Regesten</genre>
  <originInfo>
    <place>
      <placeTerm type="code" authority="marccountry">xx</placeTerm>
    </place>
    <dateIssued encoding="marc">1687</dateIssued>
    <issuance>monographic</issuance>
  </originInfo>
  <originInfo eventType="publication">
    <place>
      <placeTerm type="text">[S.l.]</placeTerm>
    </place>
    <publisher/>
    <dateIssued>[1687]</dateIssued>
  </originInfo>
  <language>
    <languageTerm authority="iso639-2b" type="code">ger</languageTerm>
  </language>
  <language>
    <languageTerm authority="iso639-2b" type="code">lat</languageTerm>
  </language>
  <language>
    <languageTerm authority="iso639-2b" type="code">fre</languageTerm>
  </language>
  <physicalDescription>
    <form authority="marcform">print</form>
    <extent>[102] Bl 2°</extent>
    <form type="media" authority="rdamedia">nicht spezifiziert</form>
    <form type="carrier" authority="rdacarrier">nicht spezifiziert</form>
  </physicalDescription>
  <note>Schlüsselseiten aus dem Exemplar der SLUB Dresden: Hist.Westfal.120,misc.1</note>
  <note>Signaturformel: A - L2, a - z2, aa - rr2</note>
  <note>Erscheinungsjahr nach Datierungen im Text</note>
  <note type="language">Text dt., teilw. lat., teilw. franz.</note>
  <identifier type="vd17">14:081954Z</identifier>
  <relatedItem>
    <location>
      <url displayLabel="Volltext" note="Kostenfrei">http://www.mdz-nbn-resolving.de/urn/resolver.pl?urn=urn:nbn:de:bvb:12-bsb10142445-2</url>
    </location>
  </relatedItem>
  <recordInfo>
    <descriptionStandard>rakwb</descriptionStandard>
    <recordContentSource authority="marcorg">DE-627</recordContentSource>
    <recordCreationDate encoding="marc">020901</recordCreationDate>
    <recordChangeDate encoding="iso8601">20200310213120.0</recordChangeDate>
    <recordIdentifier source="DE-627-4">000932418</recordIdentifier>
    <recordOrigin>Converted from MARCXML to MODS version 3.6 using MARC21slim2MODS3-6.xsl
				(Revision 1.119 2018/06/21)</recordOrigin>
    <languageOfCataloging>
      <languageTerm authority="iso639-2b" type="code">ger</languageTerm>
    </languageOfCataloging>
  </recordInfo>
</mods></zs:recordData><zs:recordPosition>5</zs:recordPosition></zs:record><zs:record><zs:recordSchema>mods</zs:recordSchema><zs:recordXMLEscaping>xml</zs:recordXMLEscaping><zs:recordData><mods xmlns:xsi="http://www.w3.org/2001/XMLSchema-instance" xmlns="http://www.loc.gov/mods/v3" version="3.6" xsi:schemaLocation="http://www.loc.gov/mods/v3 http://www.loc.gov/standards/mods/v3/mods-3-6.xsd">
  <titleInfo>
    <title>Hoch-Gräffliches Bentheim-Steinfürtisches Gegen-Manifest/ Oder Gründliche Widerlegung von Gertrud Zelst vor wenig Jahren durch offenen Truck divulgirter Schmähe-Schrifft: und zugleich Rechtliche Behauptung zwischen denen beyden Hoch-Gräfflichen Häuseren Bentheim und Steinfurt im Jahr 1487. errichteter von allen im Römischen Reich teutscher Nation von selbiger Zeit ab/ biß hierzu am Regiment gewesenen Käyseren kräfftigst confirmirter Erb-Vereinigung</title>
    <subTitle>Auch Damit allerdings übereinkommenden von dem Hochgebohrnen Graffen und Herren/ Herren Ernest Wilhelm/ Graffen zu Bentheim ... Mit seinem Herren Bruderen ... Herren Philip Conrad/ Graffen zu Bentheim ... äydlich eingegangenem Successions-Vergleichs/ und folgends auff desselben einigen hinterlassenen Sohn Herren Arnold Mauritz Wilhelm Graffen zu Bentheim ... beschehener ... Successions-Erklärung: Mithin Zwischen ihm Herren Graffen Ernest Wilhelm und der Hochgebohrnen Gräffin und Frawen Annen Isabellen ... Unter hoher geist- und weltlicher Obrigkeit Approbation rühmlich bestehender Ehe</subTitle>
  </titleInfo>
  <titleInfo type="alternative">
    <title>Hochgräfliches Druck Schmähschrift hochgräflichen Häusern deutscher Grafen Sukzessions-Vergleichs Sukzessions-Erklärung Gräfin Frauen</title>
  </titleInfo>
  <name type="personal">
    <namePart>Bentheim, Gertrud von</namePart>
    <namePart type="date">-1679</namePart>
    <role>
      <roleTerm authority="marcrelator" type="code">oth</roleTerm>
    </role>
    <nameIdentifier>(DE-588)124370594 (DE-627)004739442 (DE-576)294141464</nameIdentifier>
  </name>
  <name type="personal">
    <namePart>Bentheim, Ernst Wilhelm von</namePart>
    <namePart type="date">1623-1693</namePart>
    <role>
      <roleTerm authority="marcrelator" type="code">oth</roleTerm>
    </role>
    <nameIdentifier>(DE-588)104235217 (DE-627)004150848</nameIdentifier>
  </name>
  <name type="personal">
    <namePart>Bentheim, Philipp Conrad von</namePart>
    <namePart type="date">1627-1668</namePart>
    <role>
      <roleTerm authority="marcrelator" type="code">oth</roleTerm>
    </role>
    <nameIdentifier>(DE-588)120208954 (DE-627)004352513 (DE-576)18592400X</nameIdentifier>
  </name>
  <name type="personal">
    <namePart>Bentheim, Arnold Moritz Wilhelm von</namePart>
    <namePart type="date">1663-1701</namePart>
    <role>
      <roleTerm authority="marcrelator" type="code">oth</roleTerm>
    </role>
    <nameIdentifier>(DE-588)120208970 (DE-627)004352521 (DE-576)292097670</nameIdentifier>
  </name>
  <name type="personal">
    <namePart>Bentheim, Anna Isabella von</namePart>
    <role>
      <roleTerm authority="marcrelator" type="code">oth</roleTerm>
    </role>
    <nameIdentifier>(DE-588)120208989 (DE-627)00435253X (DE-576)292097689</nameIdentifier>
  </name>
  <typeOfResource>text</typeOfResource>
  <genre authority="rdacontent">nicht spezifiziert</genre>
  <genre authority="local">Streitschrift</genre>
  <originInfo>
    <place>
      <placeTerm type="code" authority="marccountry">xx</placeTerm>
    </place>
    <dateIssued encoding="marc">1686</dateIssued>
    <issuance>monographic</issuance>
  </originInfo>
  <originInfo eventType="publication">
    <place>
      <placeTerm type="text">[S.l.]</placeTerm>
    </place>
    <publisher/>
    <dateIssued>1686</dateIssued>
  </originInfo>
  <language>
    <languageTerm authority="iso639-2b" type="code">ger</languageTerm>
  </language>
  <physicalDescription>
    <form authority="marcform">print</form>
    <extent>107 S 4°</extent>
    <form type="media" authority="rdamedia">nicht spezifiziert</form>
    <form type="carrier" authority="rdacarrier">nicht spezifiziert</form>
  </physicalDescription>
  <note>Schlüsselseiten aus dem Exemplar der SBB-PK Berlin: Gx 13902 : 4°</note>
  <identifier type="vd17">1:020761Y</identifier>
  <recordInfo>
    <descriptionStandard>rakwb</descriptionStandard>
    <recordContentSource authority="marcorg">DE-627</recordContentSource>
    <recordCreationDate encoding="marc">020901</recordCreationDate>
    <recordChangeDate encoding="iso8601">20200224152156.0</recordChangeDate>
    <recordIdentifier source="DE-627-4">001624407</recordIdentifier>
    <recordOrigin>Converted from MARCXML to MODS version 3.6 using MARC21slim2MODS3-6.xsl
				(Revision 1.119 2018/06/21)</recordOrigin>
    <languageOfCataloging>
      <languageTerm authority="iso639-2b" type="code">ger</languageTerm>
    </languageOfCataloging>
  </recordInfo>
</mods></zs:recordData><zs:recordPosition>6</zs:recordPosition></zs:record><zs:record><zs:recordSchema>mods</zs:recordSchema><zs:recordXMLEscaping>xml</zs:recordXMLEscaping><zs:recordData><mods xmlns:xsi="http://www.w3.org/2001/XMLSchema-instance" xmlns="http://www.loc.gov/mods/v3" version="3.6" xsi:schemaLocation="http://www.loc.gov/mods/v3 http://www.loc.gov/standards/mods/v3/mods-3-6.xsd">
  <titleInfo>
    <title>Disputatio Theologica Prior De Jubilaeis</title>
  </titleInfo>
  <name type="personal" usage="primary">
    <namePart>Pauli, Reinhold</namePart>
    <namePart type="date">1637-1682</namePart>
    <role>
      <roleTerm type="text">Praeses</roleTerm>
    </role>
    <role>
      <roleTerm authority="marcrelator" type="code">pra</roleTerm>
    </role>
    <nameIdentifier>(DE-588)116065028 (DE-627)004229312 (DE-576)290185246</nameIdentifier>
  </name>
  <name type="personal">
    <namePart>Branus, Ernestus Wilhelmus</namePart>
    <role>
      <roleTerm type="text">RespondentIn</roleTerm>
    </role>
    <role>
      <roleTerm authority="marcrelator" type="code">rsp</roleTerm>
    </role>
    <nameIdentifier>(DE-588)1160632707 (DE-627)008546800 (DE-576)50609958X</nameIdentifier>
  </name>
  <name type="personal">
    <namePart>Bentheim, Ernst Wilhelm von</namePart>
    <namePart type="date">1623-1693</namePart>
    <role>
      <roleTerm type="text">WidmungsempfängerIn</roleTerm>
    </role>
    <role>
      <roleTerm authority="marcrelator" type="code">dte</roleTerm>
    </role>
    <nameIdentifier>(DE-588)104235217 (DE-627)004150848</nameIdentifier>
  </name>
  <name type="personal">
    <namePart>Bentheim, Philipp Conrad von</namePart>
    <namePart type="date">1627-1668</namePart>
    <role>
      <roleTerm type="text">WidmungsempfängerIn</roleTerm>
    </role>
    <role>
      <roleTerm authority="marcrelator" type="code">dte</roleTerm>
    </role>
    <nameIdentifier>(DE-588)120208954 (DE-627)004352513 (DE-576)18592400X</nameIdentifier>
  </name>
  <name type="personal">
    <namePart>Schiegg, J. Heinrich</namePart>
    <role>
      <roleTerm type="text">VerfasserIn von ergänzendem Text</roleTerm>
    </role>
    <role>
      <roleTerm authority="marcrelator" type="code">wst</roleTerm>
    </role>
    <nameIdentifier>(DE-588)1169803474 (DE-627)008618690</nameIdentifier>
  </name>
  <name type="personal">
    <namePart>Schefferus, Joh. Herm.</namePart>
    <role>
      <roleTerm type="text">VerfasserIn von ergänzendem Text</roleTerm>
    </role>
    <role>
      <roleTerm authority="marcrelator" type="code">wst</roleTerm>
    </role>
  </name>
  <name type="personal">
    <namePart>Wellenberg, Emanuel</namePart>
    <role>
      <roleTerm type="text">DruckerIn</roleTerm>
    </role>
    <role>
      <roleTerm authority="marcrelator" type="code">prt</roleTerm>
    </role>
    <nameIdentifier>(DE-588)1037528905 (DE-627)007465289 (DE-576)391613839</nameIdentifier>
  </name>
  <name type="corporate">
    <namePart>Gymnasium Arnoldinum</namePart>
    <role>
      <roleTerm type="text">Sonstige Person, Familie und Körperschaft</roleTerm>
    </role>
    <role>
      <roleTerm authority="marcrelator" type="code">oth</roleTerm>
    </role>
    <nameIdentifier>(DE-588)2088389-4 (DE-627)00885615X</nameIdentifier>
  </name>
  <typeOfResource>text</typeOfResource>
  <genre authority="rdacontent">Text</genre>
  <genre authority="local">Dissertation:theol.</genre>
  <originInfo>
    <place>
      <placeTerm type="code" authority="marccountry">xx</placeTerm>
    </place>
    <dateIssued encoding="marc">1668</dateIssued>
    <issuance>monographic</issuance>
  </originInfo>
  <originInfo eventType="publication">
    <place>
      <placeTerm type="text">Steinfurti</placeTerm>
    </place>
    <publisher>Typis Emanuelis Wellenberg</publisher>
    <dateIssued>An. 1668</dateIssued>
  </originInfo>
  <language>
    <languageTerm authority="iso639-2b" type="code">lat</languageTerm>
  </language>
  <physicalDescription>
    <form authority="marcform">print</form>
    <extent>1 ungezähltes Blatt, 18 ungezählte Seiten 4°</extent>
    <form type="media" authority="rdamedia">ohne Hilfsmittel zu benutzen</form>
    <form type="carrier" authority="rdacarrier">Band</form>
  </physicalDescription>
  <note type="statement of responsibility" altRepGroup="00">Quam[...] Sub Praesidio [...] Domini Reinholdi Pauli, S.S. Th. Doct. eiusdemque in Illustri Arnoldino, quod est Steinfurti, Professoris... Publicae ac placidae disquisitioni subiiecietm Ernestus Wilhelmus Branus, Benth. Guestph.  Ad Diem 22. Februar. loco horisque solitis</note>
  <note>Bogensignatur: [1], A-E2</note>
  <note type="action">Digitalisierung geplant Digitalisierung Nummernliste durch ULB Darmstadt$c2019-2020 pdager</note>
  <identifier type="vd17">17:749480Y</identifier>
  <recordInfo>
    <descriptionStandard>rda</descriptionStandard>
    <recordContentSource authority="marcorg">DE-627</recordContentSource>
    <recordCreationDate encoding="marc">200507</recordCreationDate>
    <recordChangeDate encoding="iso8601">20200507153213.0</recordChangeDate>
    <recordIdentifier source="DE-627-4">008856214</recordIdentifier>
    <recordOrigin>Converted from MARCXML to MODS version 3.6 using MARC21slim2MODS3-6.xsl
				(Revision 1.119 2018/06/21)</recordOrigin>
    <languageOfCataloging>
      <languageTerm authority="iso639-2b" type="code">ger</languageTerm>
    </languageOfCataloging>
  </recordInfo>
</mods></zs:recordData><zs:recordPosition>7</zs:recordPosition></zs:record></zs:records><zs:echoedSearchRetrieveRequest><zs:version>2.0</zs:version><zs:query>pica.nid=104235217</zs:query><zs:startRecord>1</zs:startRecord><zs:maximumRecords>500</zs:maximumRecords><zs:recordXMLEscaping>xml</zs:recordXMLEscaping><zs:recordSchema>mods</zs:recordSchema></zs:echoedSearchRetrieveRequest><zs:resultCountPrecision>exact</zs:resultCountPrecision></zs:searchRetrieveResponse>
