<?xml version="1.0" encoding="UTF-8"?>
<zs:searchRetrieveResponse xmlns:zs="http://docs.oasis-open.org/ns/search-ws/sruResponse"><zs:numberOfRecords>5</zs:numberOfRecords><zs:records><zs:record><zs:recordSchema>mods</zs:recordSchema><zs:recordXMLEscaping>xml</zs:recordXMLEscaping><zs:recordData><mods xmlns:xsi="http://www.w3.org/2001/XMLSchema-instance" xmlns="http://www.loc.gov/mods/v3" version="3.6" xsi:schemaLocation="http://www.loc.gov/mods/v3 http://www.loc.gov/standards/mods/v3/mods-3-6.xsd">
  <name type="personal" usage="primary">
    <namePart>Worgewitz, Friedrich August von</namePart>
  </name>
  <typeOfResource/>
  <originInfo>
    <place>
      <placeTerm type="code" authority="marccountry">bbn</placeTerm>
    </place>
    <issuance/>
  </originInfo>
  <identifier type="uri">http://d-nb.info/gnd/124840213</identifier>
  <recordInfo>
    <recordCreationDate encoding="marc">030717</recordCreationDate>
    <recordChangeDate encoding="iso8601">202003151300.4</recordChangeDate>
    <recordIdentifier source="DE-627">004911725</recordIdentifier>
    <recordOrigin>Converted from MARCXML to MODS version 3.6 using MARC21slim2MODS3-6.xsl
				(Revision 1.119 2018/06/21)</recordOrigin>
  </recordInfo>
</mods></zs:recordData><zs:recordPosition>1</zs:recordPosition></zs:record><zs:record><zs:recordSchema>mods</zs:recordSchema><zs:recordXMLEscaping>xml</zs:recordXMLEscaping><zs:recordData><mods xmlns:xsi="http://www.w3.org/2001/XMLSchema-instance" xmlns="http://www.loc.gov/mods/v3" version="3.6" xsi:schemaLocation="http://www.loc.gov/mods/v3 http://www.loc.gov/standards/mods/v3/mods-3-6.xsd">
  <titleInfo>
    <title>Exercitatio Politica De Boni Consiliarii In Republica Munere</title>
  </titleInfo>
  <name type="personal" usage="primary">
    <namePart>Conring, Hermann</namePart>
    <namePart type="date">1606-1681</namePart>
    <role>
      <roleTerm authority="marcrelator" type="code">aut</roleTerm>
    </role>
    <nameIdentifier>(DE-588)11852190X (DE-627)004072561 (DE-576)160613930</nameIdentifier>
  </name>
  <name type="personal">
    <namePart>Worgewitz, Friedrich August von</namePart>
    <role>
      <roleTerm authority="marcrelator" type="code">aut</roleTerm>
    </role>
    <nameIdentifier>(DE-588)124840213 (DE-627)004911725 (DE-576)29452911X</nameIdentifier>
  </name>
  <name type="personal">
    <namePart>Philippus</namePart>
    <namePart type="termsOfAddress">Dux Sleswici, Holsatiae, Stormariae &amp; Dithmarsiae</namePart>
    <role>
      <roleTerm type="text">WidmungsempfängerIn</roleTerm>
    </role>
    <role>
      <roleTerm authority="marcrelator" type="code">dte</roleTerm>
    </role>
  </name>
  <name type="personal">
    <namePart>Fridericus</namePart>
    <namePart type="termsOfAddress">Dux Sleswici, Holsatiae, Stormariae &amp; Dithmarsiae</namePart>
    <role>
      <roleTerm type="text">WidmungsempfängerIn</roleTerm>
    </role>
    <role>
      <roleTerm authority="marcrelator" type="code">dte</roleTerm>
    </role>
  </name>
  <name type="personal">
    <namePart>Müller, Henning</namePart>
    <namePart type="date">1607-1675</namePart>
    <role>
      <roleTerm authority="marcrelator" type="code">prt</roleTerm>
    </role>
    <nameIdentifier>(DE-588)121357759 (DE-627)004445295 (DE-576)292668643</nameIdentifier>
  </name>
  <name type="corporate">
    <namePart>Universität Helmstedt</namePart>
    <role>
      <roleTerm authority="marcrelator" type="code">oth</roleTerm>
    </role>
  </name>
  <typeOfResource>text</typeOfResource>
  <genre authority="rdacontent">nicht spezifiziert</genre>
  <genre authority="local">Dissertation:phil.</genre>
  <originInfo>
    <place>
      <placeTerm type="code" authority="marccountry">xx</placeTerm>
    </place>
    <dateIssued encoding="marc">1652</dateIssued>
    <issuance>monographic</issuance>
  </originInfo>
  <originInfo eventType="publication">
    <place>
      <placeTerm type="text">Helmestadi[i]</placeTerm>
    </place>
    <publisher>Mullerus</publisher>
    <dateIssued>1652</dateIssued>
  </originInfo>
  <language>
    <languageTerm authority="iso639-2b" type="code">lat</languageTerm>
  </language>
  <physicalDescription>
    <form authority="marcform">print</form>
    <extent>[31] Bl 4°</extent>
    <form type="media" authority="rdamedia">nicht spezifiziert</form>
    <form type="carrier" authority="rdacarrier">nicht spezifiziert</form>
  </physicalDescription>
  <note type="statement of responsibility" altRepGroup="00">Quam D.T.O.M.A. Praeside Viro Amplissimo, Clarissimoque Hermanno Conringio, Philosoph. ac Medicinae D. ... die Martii. Publico examini submittit. Frideric. August. von Worgewitz Nob. Holsat.</note>
  <note>Nicht identisch mit VD17 1:001647Y und 23:258211N (dort steht in der Verfasserangabe: "FRIDERICH AUGUST. von Worgewitz Nob. Holsat. Auth. &amp; Resp.") sowie 14:065957H (dort fehlt außerdem "Auth. &amp; Resp.")</note>
  <note>Schlüsselseiten aus dem Exemplar der BSB München: 4 Diss. 214</note>
  <identifier type="vd17">12:134788N</identifier>
  <recordInfo>
    <descriptionStandard>rakwb</descriptionStandard>
    <recordContentSource authority="marcorg">DE-627</recordContentSource>
    <recordCreationDate encoding="marc">020901</recordCreationDate>
    <recordChangeDate encoding="iso8601">20200224150056.0</recordChangeDate>
    <recordIdentifier source="DE-627-4">001262335</recordIdentifier>
    <recordOrigin>Converted from MARCXML to MODS version 3.6 using MARC21slim2MODS3-6.xsl
				(Revision 1.119 2018/06/21)</recordOrigin>
    <languageOfCataloging>
      <languageTerm authority="iso639-2b" type="code">ger</languageTerm>
    </languageOfCataloging>
  </recordInfo>
</mods></zs:recordData><zs:recordPosition>2</zs:recordPosition></zs:record><zs:record><zs:recordSchema>mods</zs:recordSchema><zs:recordXMLEscaping>xml</zs:recordXMLEscaping><zs:recordData><mods xmlns:xsi="http://www.w3.org/2001/XMLSchema-instance" xmlns="http://www.loc.gov/mods/v3" version="3.6" xsi:schemaLocation="http://www.loc.gov/mods/v3 http://www.loc.gov/standards/mods/v3/mods-3-6.xsd">
  <titleInfo>
    <title>Exercitatio Politica De Boni Consiliarii In Republica Munere</title>
  </titleInfo>
  <name type="personal" usage="primary">
    <namePart>Conring, Hermann</namePart>
    <namePart type="date">1606-1681</namePart>
    <role>
      <roleTerm authority="marcrelator" type="code">aut</roleTerm>
    </role>
    <nameIdentifier>(DE-588)11852190X (DE-627)004072561 (DE-576)160613930</nameIdentifier>
  </name>
  <name type="personal">
    <namePart>Worgewitz, Friedrich August von</namePart>
    <role>
      <roleTerm authority="marcrelator" type="code">aut</roleTerm>
    </role>
    <nameIdentifier>(DE-588)124840213 (DE-627)004911725 (DE-576)29452911X</nameIdentifier>
  </name>
  <name type="personal">
    <namePart>Philippus</namePart>
    <namePart type="termsOfAddress">Dux Sleswici, Holsatiae, Stormariae &amp; Dithmarsiae</namePart>
    <role>
      <roleTerm type="text">WidmungsempfängerIn</roleTerm>
    </role>
    <role>
      <roleTerm authority="marcrelator" type="code">dte</roleTerm>
    </role>
  </name>
  <name type="personal">
    <namePart>Fridericus</namePart>
    <namePart type="termsOfAddress">Dux Sleswici, Holsatiae, Stormariae &amp; Dithmarsiae</namePart>
    <role>
      <roleTerm type="text">WidmungsempfängerIn</roleTerm>
    </role>
    <role>
      <roleTerm authority="marcrelator" type="code">dte</roleTerm>
    </role>
  </name>
  <name type="personal">
    <namePart>Müller, Henning</namePart>
    <namePart type="date">1607-1675</namePart>
    <role>
      <roleTerm authority="marcrelator" type="code">prt</roleTerm>
    </role>
    <nameIdentifier>(DE-588)121357759 (DE-627)004445295 (DE-576)292668643</nameIdentifier>
  </name>
  <name type="corporate">
    <namePart>Universität Helmstedt</namePart>
    <role>
      <roleTerm authority="marcrelator" type="code">oth</roleTerm>
    </role>
  </name>
  <typeOfResource>text</typeOfResource>
  <genre authority="rdacontent">nicht spezifiziert</genre>
  <genre authority="local">Dissertation:phil.</genre>
  <originInfo>
    <place>
      <placeTerm type="code" authority="marccountry">xx</placeTerm>
    </place>
    <place>
      <placeTerm type="code" authority="iso3166">XA-DE</placeTerm>
    </place>
    <dateIssued encoding="marc">1652</dateIssued>
    <issuance>monographic</issuance>
  </originInfo>
  <originInfo eventType="publication">
    <place>
      <placeTerm type="text">Helmestadi[i]</placeTerm>
    </place>
    <publisher>Mullerus</publisher>
    <dateIssued>1652</dateIssued>
  </originInfo>
  <language>
    <languageTerm authority="iso639-2b" type="code">lat</languageTerm>
  </language>
  <physicalDescription>
    <form authority="marcform">print</form>
    <internetMediaType>image/jpeg</internetMediaType>
    <extent>[31] Bl 4°</extent>
    <form type="media" authority="rdamedia">nicht spezifiziert</form>
    <form type="carrier" authority="rdacarrier">nicht spezifiziert</form>
  </physicalDescription>
  <note type="statement of responsibility" altRepGroup="00">Quam D.T.O.M.A. Praeside Viro Amplißimo, Clarißimoque Hermanno Conringio ... die Martii Publico examini submittit. Friderich August. von Worgewitz Nob. Holsat. Auth. &amp; Resp.</note>
  <note>Nicht identisch mit VD17 12:134788N (Verfasserangabe dort: Frideric. August. von Worgewitz Nob. Holsat.), mit 23:258211N (Druckerangabe dort: ... Mvlleri; vgl. auch Position Bogensignatur A) und mit 14:065957H (dort fehlt z.B. "Auth. &amp; Resp.")</note>
  <note>Schlüsselseiten aus dem Exemplar der SBB-PK Berlin: F 2535</note>
  <relatedItem>
    <internetMediaType>image/jpeg</internetMediaType>
  </relatedItem>
  <identifier type="vd17">1:001647Y</identifier>
  <relatedItem>
    <location>
      <url displayLabel="Volltext" note="Kostenfrei">http://diglib.hab.de/drucke//t-330-4f-helmst-16s/start.htm</url>
    </location>
  </relatedItem>
  <recordInfo>
    <descriptionStandard>rakwb</descriptionStandard>
    <recordContentSource authority="marcorg">DE-627</recordContentSource>
    <recordCreationDate encoding="marc">020901</recordCreationDate>
    <recordChangeDate encoding="iso8601">20200310212459.0</recordChangeDate>
    <recordIdentifier source="DE-627-4">000857815</recordIdentifier>
    <recordOrigin>Converted from MARCXML to MODS version 3.6 using MARC21slim2MODS3-6.xsl
				(Revision 1.119 2018/06/21)</recordOrigin>
    <languageOfCataloging>
      <languageTerm authority="iso639-2b" type="code">ger</languageTerm>
    </languageOfCataloging>
  </recordInfo>
</mods></zs:recordData><zs:recordPosition>3</zs:recordPosition></zs:record><zs:record><zs:recordSchema>mods</zs:recordSchema><zs:recordXMLEscaping>xml</zs:recordXMLEscaping><zs:recordData><mods xmlns:xsi="http://www.w3.org/2001/XMLSchema-instance" xmlns="http://www.loc.gov/mods/v3" version="3.6" xsi:schemaLocation="http://www.loc.gov/mods/v3 http://www.loc.gov/standards/mods/v3/mods-3-6.xsd">
  <titleInfo>
    <title>Exercitatio Politica De Boni Consiliarii In Republica Munere</title>
  </titleInfo>
  <name type="personal" usage="primary">
    <namePart>Conring, Hermann</namePart>
    <namePart type="date">1606-1681</namePart>
    <role>
      <roleTerm authority="marcrelator" type="code">aut</roleTerm>
    </role>
    <nameIdentifier>(DE-588)11852190X (DE-627)004072561 (DE-576)160613930</nameIdentifier>
  </name>
  <name type="personal">
    <namePart>Worgewitz, Friedrich August von</namePart>
    <role>
      <roleTerm authority="marcrelator" type="code">aut</roleTerm>
    </role>
    <nameIdentifier>(DE-588)124840213 (DE-627)004911725 (DE-576)29452911X</nameIdentifier>
  </name>
  <name type="personal">
    <namePart>Philippus</namePart>
    <namePart type="termsOfAddress">Dux Sleswici, Holsatiae, Stormariae &amp; Dithmarsiae</namePart>
    <role>
      <roleTerm type="text">WidmungsempfängerIn</roleTerm>
    </role>
    <role>
      <roleTerm authority="marcrelator" type="code">dte</roleTerm>
    </role>
  </name>
  <name type="personal">
    <namePart>Fridericus</namePart>
    <namePart type="termsOfAddress">Dux Sleswici, Holsatiae, Stormariae &amp; Dithmarsiae</namePart>
    <role>
      <roleTerm type="text">WidmungsempfängerIn</roleTerm>
    </role>
    <role>
      <roleTerm authority="marcrelator" type="code">dte</roleTerm>
    </role>
  </name>
  <name type="personal">
    <namePart>Müller, Henning</namePart>
    <namePart type="date">1607-1675</namePart>
    <role>
      <roleTerm authority="marcrelator" type="code">prt</roleTerm>
    </role>
    <nameIdentifier>(DE-588)121357759 (DE-627)004445295 (DE-576)292668643</nameIdentifier>
  </name>
  <name type="corporate">
    <namePart>Universität Helmstedt</namePart>
    <role>
      <roleTerm authority="marcrelator" type="code">oth</roleTerm>
    </role>
  </name>
  <typeOfResource>text</typeOfResource>
  <genre authority="rdacontent">nicht spezifiziert</genre>
  <genre authority="local">Dissertation:phil.</genre>
  <originInfo>
    <place>
      <placeTerm type="code" authority="marccountry">xx</placeTerm>
    </place>
    <dateIssued encoding="marc">1652</dateIssued>
    <issuance>monographic</issuance>
  </originInfo>
  <originInfo eventType="publication">
    <place>
      <placeTerm type="text">Helmestadi[i]</placeTerm>
    </place>
    <publisher>Mullerus</publisher>
    <dateIssued>1652</dateIssued>
  </originInfo>
  <language>
    <languageTerm authority="iso639-2b" type="code">lat</languageTerm>
  </language>
  <physicalDescription>
    <form authority="marcform">print</form>
    <extent>[31] Bl 4°</extent>
    <form type="media" authority="rdamedia">nicht spezifiziert</form>
    <form type="carrier" authority="rdacarrier">nicht spezifiziert</form>
  </physicalDescription>
  <note type="statement of responsibility" altRepGroup="00">Quam D.T.O.M.A. Praeside Viro Amplißimo, Clarißimoque Hermanno Conringio ... die Martii Publico examini submittit. Friderich August. von Worgewitz Nob. Holsat.</note>
  <note>Nicht identisch mit VD17 1:001647Y, VD17 23:258211N u. VD17 12:134788N (vgl. Titelbl. Zeile 17/18. Hier: "FRIDERICH AVGVST. von Worgewitz|| Nob. Holsat.")</note>
  <note>Schlüsselseiten aus dem Exemplar der SLUB Dresden: Coll.diss.B.52,misc.19</note>
  <note type="action">Digitalisierung geplant Digitalisierung Mainstream durch SUB Göttingen pdager</note>
  <note type="action">Digitalisierung geplant Digitalisierung Mainstream durch ULB Halle pdager</note>
  <note type="action">Digitalisierung geplant Digitalisierung Mainstream durch HAB Wolfenbüttel pdager</note>
  <identifier type="vd17">14:065957H</identifier>
  <relatedItem>
    <location>
      <url displayLabel="Volltext" note="Kostenfrei">http://digital.slub-dresden.de/id37012152X</url>
    </location>
  </relatedItem>
  <recordInfo>
    <descriptionStandard>rakwb</descriptionStandard>
    <recordContentSource authority="marcorg">DE-627</recordContentSource>
    <recordCreationDate encoding="marc">020901</recordCreationDate>
    <recordChangeDate encoding="iso8601">20200310211340.0</recordChangeDate>
    <recordIdentifier source="DE-627-4">000731366</recordIdentifier>
    <recordOrigin>Converted from MARCXML to MODS version 3.6 using MARC21slim2MODS3-6.xsl
				(Revision 1.119 2018/06/21)</recordOrigin>
    <languageOfCataloging>
      <languageTerm authority="iso639-2b" type="code">ger</languageTerm>
    </languageOfCataloging>
  </recordInfo>
</mods></zs:recordData><zs:recordPosition>4</zs:recordPosition></zs:record><zs:record><zs:recordSchema>mods</zs:recordSchema><zs:recordXMLEscaping>xml</zs:recordXMLEscaping><zs:recordData><mods xmlns:xsi="http://www.w3.org/2001/XMLSchema-instance" xmlns="http://www.loc.gov/mods/v3" version="3.6" xsi:schemaLocation="http://www.loc.gov/mods/v3 http://www.loc.gov/standards/mods/v3/mods-3-6.xsd">
  <titleInfo>
    <title>Exercitatio Politica De Boni Consiliarii In Republica Munere</title>
  </titleInfo>
  <name type="personal" usage="primary">
    <namePart>Conring, Hermann</namePart>
    <namePart type="date">1606-1681</namePart>
    <role>
      <roleTerm authority="marcrelator" type="code">aut</roleTerm>
    </role>
    <nameIdentifier>(DE-588)11852190X (DE-627)004072561 (DE-576)160613930</nameIdentifier>
  </name>
  <name type="personal">
    <namePart>Worgewitz, Friedrich August von</namePart>
    <role>
      <roleTerm authority="marcrelator" type="code">aut</roleTerm>
    </role>
    <nameIdentifier>(DE-588)124840213 (DE-627)004911725 (DE-576)29452911X</nameIdentifier>
  </name>
  <name type="personal">
    <namePart>Philippus</namePart>
    <namePart type="termsOfAddress">Dux Sleswici, Holsatiae, Stormariae &amp; Dithmarsiae</namePart>
    <role>
      <roleTerm type="text">WidmungsempfängerIn</roleTerm>
    </role>
    <role>
      <roleTerm authority="marcrelator" type="code">dte</roleTerm>
    </role>
  </name>
  <name type="personal">
    <namePart>Fridericus</namePart>
    <namePart type="termsOfAddress">Dux Sleswici, Holsatiae, Stormariae &amp; Dithmarsiae</namePart>
    <role>
      <roleTerm type="text">WidmungsempfängerIn</roleTerm>
    </role>
    <role>
      <roleTerm authority="marcrelator" type="code">dte</roleTerm>
    </role>
  </name>
  <name type="personal">
    <namePart>Müller, Henning</namePart>
    <namePart type="date">1607-1675</namePart>
    <role>
      <roleTerm authority="marcrelator" type="code">prt</roleTerm>
    </role>
    <nameIdentifier>(DE-588)121357759 (DE-627)004445295 (DE-576)292668643</nameIdentifier>
  </name>
  <name type="corporate">
    <namePart>Universität Helmstedt</namePart>
    <role>
      <roleTerm authority="marcrelator" type="code">oth</roleTerm>
    </role>
  </name>
  <typeOfResource>text</typeOfResource>
  <genre authority="rdacontent">nicht spezifiziert</genre>
  <genre authority="local">Dissertation:phil.</genre>
  <originInfo>
    <place>
      <placeTerm type="code" authority="marccountry">xx</placeTerm>
    </place>
    <dateIssued encoding="marc">1652</dateIssued>
    <issuance>monographic</issuance>
  </originInfo>
  <originInfo eventType="publication">
    <place>
      <placeTerm type="text">Helmestadi[i]</placeTerm>
    </place>
    <publisher>Mullerus</publisher>
    <dateIssued>1652</dateIssued>
  </originInfo>
  <language>
    <languageTerm authority="iso639-2b" type="code">lat</languageTerm>
  </language>
  <physicalDescription>
    <form authority="marcform">print</form>
    <internetMediaType>image/jpeg</internetMediaType>
    <extent>[31] Bl 4°</extent>
    <form type="media" authority="rdamedia">nicht spezifiziert</form>
    <form type="carrier" authority="rdacarrier">nicht spezifiziert</form>
  </physicalDescription>
  <note type="statement of responsibility" altRepGroup="00">Quam D.T.O.M.A. Praeside Viro Amplißimo, Clarißimoque Hermanno Conringio ... die Martii. Publico examini submittit. Friderich August. von Worgewitz Nob. Holsat. Auth. &amp; Resp.</note>
  <note>Nicht identisch mit VD17 1:001647Y (dort schreibt sich der Drucker "... MULLERI"; die Lagensignatur "A" steht unter dem "ij" von "... Consiliarij ...") und nicht identisch mit VD17 12:134788N (dort steht in der Verfasserangabe: "FRIDERIC. AUGUST. von Worgewitz Nob. Holsat.") sowie VD17 14:065957H (dort fehlt "Auth. &amp; Resp.")</note>
  <note>Schlüsselseiten aus dem Exemplar der HAB Wolfenbüttel: 1010 Helmst. Dr. (14)</note>
  <relatedItem>
    <internetMediaType>image/jpeg</internetMediaType>
  </relatedItem>
  <identifier type="vd17">23:258211N</identifier>
  <relatedItem>
    <location>
      <url displayLabel="Volltext" note="Kostenfrei">http://diglib.hab.de/drucke/1010-helmst-dr-14s/start.htm</url>
    </location>
  </relatedItem>
  <recordInfo>
    <descriptionStandard>rakwb</descriptionStandard>
    <recordContentSource authority="marcorg">DE-627</recordContentSource>
    <recordCreationDate encoding="marc">020901</recordCreationDate>
    <recordChangeDate encoding="iso8601">20200310205638.0</recordChangeDate>
    <recordIdentifier source="DE-627-4">000029521</recordIdentifier>
    <recordOrigin>Converted from MARCXML to MODS version 3.6 using MARC21slim2MODS3-6.xsl
				(Revision 1.119 2018/06/21)</recordOrigin>
    <languageOfCataloging>
      <languageTerm authority="iso639-2b" type="code">ger</languageTerm>
    </languageOfCataloging>
  </recordInfo>
</mods></zs:recordData><zs:recordPosition>5</zs:recordPosition></zs:record></zs:records><zs:echoedSearchRetrieveRequest><zs:version>2.0</zs:version><zs:query>pica.nid=124840213</zs:query><zs:startRecord>1</zs:startRecord><zs:maximumRecords>500</zs:maximumRecords><zs:recordXMLEscaping>xml</zs:recordXMLEscaping><zs:recordSchema>mods</zs:recordSchema></zs:echoedSearchRetrieveRequest><zs:resultCountPrecision>exact</zs:resultCountPrecision></zs:searchRetrieveResponse>
