<?xml version="1.0" encoding="UTF-8"?>
<zs:searchRetrieveResponse xmlns:zs="http://docs.oasis-open.org/ns/search-ws/sruResponse"><zs:numberOfRecords>6</zs:numberOfRecords><zs:records><zs:record><zs:recordSchema>marcxml</zs:recordSchema><zs:recordXMLEscaping>xml</zs:recordXMLEscaping><zs:recordData><record xmlns="http://www.loc.gov/MARC21/slim">
  <leader>     cam a22        4500</leader>
  <controlfield tag="001">005410401</controlfield>
  <controlfield tag="003">DE-627-4</controlfield>
  <controlfield tag="005">20200310221138.0</controlfield>
  <controlfield tag="007">tu</controlfield>
  <controlfield tag="008">041201s1656    xx |||||      00| ||ger c</controlfield>
  <datafield tag="024" ind1="7" ind2=" ">
    <subfield code="a">3:658201Q</subfield>
    <subfield code="2">vd17</subfield>
  </datafield>
  <datafield tag="026" ind1=" " ind2=" ">
    <subfield code="e">n,t, n-nd h-en ElHa 3 1656R</subfield>
    <subfield code="2">fei</subfield>
  </datafield>
  <datafield tag="035" ind1=" " ind2=" ">
    <subfield code="a">(DE-627-4)005410401</subfield>
  </datafield>
  <datafield tag="035" ind1=" " ind2=" ">
    <subfield code="a">(DE-599)KXP005410401</subfield>
  </datafield>
  <datafield tag="040" ind1=" " ind2=" ">
    <subfield code="a">DE-627</subfield>
    <subfield code="b">ger</subfield>
    <subfield code="c">DE-627</subfield>
    <subfield code="e">rakwb</subfield>
  </datafield>
  <datafield tag="041" ind1=" " ind2=" ">
    <subfield code="a">ger</subfield>
  </datafield>
  <datafield tag="100" ind1="1" ind2=" ">
    <subfield code="a">Vogel, Zacharias</subfield>
    <subfield code="d">1593-1656</subfield>
    <subfield code="0">(DE-588)122777484</subfield>
    <subfield code="0">(DE-627)004608879</subfield>
    <subfield code="0">(DE-576)293416907</subfield>
    <subfield code="4">aut</subfield>
  </datafield>
  <datafield tag="245" ind1="1" ind2="0">
    <subfield code="a">Der Gerechten Einsamlung/ Seelen-Fried und Leibes-Ruh</subfield>
    <subfield code="b">Christliche Leich- und Trost-Predigt/ über die hochbetrübte/ doch selige Friede-Fart Des weiland Durchleuchtigen/ Hochgebornen Fürsten und Herrn/ Herrn Augusti, Hertzogen zu Sachsen/ Engern und Westphalen/ hochlöblicher Gedächtniß/ dero F. Gn. unter dem Gebet zu Gott im Jahr 1656. den 18. Januarii ... selig im Herrn entschlaffen; Dessen Fürstlicher Leichnam den 28. Martii ... in die DohmKirche bey Ratzeburg ... beygesetzet worden</subfield>
    <subfield code="c">Gehalten durch M. Zachariam Vogeln/ General-Superintendenten im Fürstenthum NiederSachsen/ und Pastorn zu Lawenburg</subfield>
  </datafield>
  <datafield tag="246" ind1="3" ind2="0">
    <subfield code="a">Einsammlung</subfield>
  </datafield>
  <datafield tag="264" ind1=" " ind2="1">
    <subfield code="a">Lüneburg</subfield>
    <subfield code="c">1656</subfield>
  </datafield>
  <datafield tag="300" ind1=" " ind2=" ">
    <subfield code="a">56 S., [4] Bl.</subfield>
    <subfield code="c">4°</subfield>
  </datafield>
  <datafield tag="336" ind1=" " ind2=" ">
    <subfield code="a">nicht spezifiziert</subfield>
    <subfield code="b">zzz</subfield>
    <subfield code="2">rdacontent</subfield>
  </datafield>
  <datafield tag="337" ind1=" " ind2=" ">
    <subfield code="a">nicht spezifiziert</subfield>
    <subfield code="b">z</subfield>
    <subfield code="2">rdamedia</subfield>
  </datafield>
  <datafield tag="338" ind1=" " ind2=" ">
    <subfield code="a">nicht spezifiziert</subfield>
    <subfield code="b">zu</subfield>
    <subfield code="2">rdacarrier</subfield>
  </datafield>
  <datafield tag="500" ind1=" " ind2=" ">
    <subfield code="a">Schlüsselseiten 1 und 2 aus dem Exemplar der ULB Halle: Pon IIn 3694, QK. -  Schlüsselseiten 3 ff. aus dem Exemplar der SUB Göttingen: CONC FUN BS-LÜN (17)</subfield>
  </datafield>
  <datafield tag="500" ind1=" " ind2=" ">
    <subfield code="a">Bogensignatur: A - H4</subfield>
  </datafield>
  <datafield tag="655" ind1=" " ind2="7">
    <subfield code="a">Leichenpredigt</subfield>
    <subfield code="0">(DE-627)00657260X</subfield>
    <subfield code="2">local</subfield>
  </datafield>
  <datafield tag="700" ind1="0" ind2=" ">
    <subfield code="a">August</subfield>
    <subfield code="b">I.</subfield>
    <subfield code="c">Sachsen-Lauenburg, Herzog</subfield>
    <subfield code="d">1577-1656</subfield>
    <subfield code="0">(DE-588)121733955</subfield>
    <subfield code="0">(DE-627)004505611</subfield>
    <subfield code="4">oth</subfield>
  </datafield>
  <datafield tag="751" ind1=" " ind2=" ">
    <subfield code="a">Lüneburg</subfield>
    <subfield code="4">pup</subfield>
  </datafield>
  <datafield tag="856" ind1="4" ind2="2">
    <subfield code="u">http://vd17.bibliothek.uni-halle.de/pict/2004/3:658201Q/</subfield>
    <subfield code="x">Digitalisierung</subfield>
    <subfield code="z">kostenfrei</subfield>
  </datafield>
  <datafield tag="924" ind1="0" ind2=" ">
    <subfield code="a">004642678</subfield>
    <subfield code="b">DE-7</subfield>
    <subfield code="9">7</subfield>
    <subfield code="c">GBV</subfield>
    <subfield code="g">CONC FUN BS-LÜN 5 (17)</subfield>
  </datafield>
  <datafield tag="924" ind1="0" ind2=" ">
    <subfield code="a">006045936</subfield>
    <subfield code="b">DE-7</subfield>
    <subfield code="9">7</subfield>
    <subfield code="c">GBV</subfield>
    <subfield code="g">8 H SLESV 5205</subfield>
  </datafield>
  <datafield tag="924" ind1="0" ind2=" ">
    <subfield code="a">006794653</subfield>
    <subfield code="b">DE-7</subfield>
    <subfield code="9">7</subfield>
    <subfield code="c">GBV</subfield>
    <subfield code="g">4 CONC FUN II, 127 (14)</subfield>
  </datafield>
  <datafield tag="924" ind1="0" ind2=" ">
    <subfield code="a">004626621</subfield>
    <subfield code="b">DE-3</subfield>
    <subfield code="9">3</subfield>
    <subfield code="c">GBV</subfield>
    <subfield code="d">c</subfield>
    <subfield code="g">Pon IIn 3694, QK</subfield>
  </datafield>
  <datafield tag="924" ind1="0" ind2=" ">
    <subfield code="a">006916422</subfield>
    <subfield code="b">DE-35</subfield>
    <subfield code="9">35</subfield>
    <subfield code="c">GBV</subfield>
    <subfield code="g">G-A 2725</subfield>
    <subfield code="h">ZEN</subfield>
  </datafield>
  <datafield tag="924" ind1="0" ind2=" ">
    <subfield code="a">007324502</subfield>
    <subfield code="b">DE-35</subfield>
    <subfield code="9">35</subfield>
    <subfield code="c">GBV</subfield>
    <subfield code="g">G-A 3367</subfield>
    <subfield code="h">ZEN</subfield>
  </datafield>
  <datafield tag="951" ind1=" " ind2=" ">
    <subfield code="a">BO</subfield>
  </datafield>
</record></zs:recordData><zs:recordPosition>1</zs:recordPosition></zs:record><zs:record><zs:recordSchema>marcxml</zs:recordSchema><zs:recordXMLEscaping>xml</zs:recordXMLEscaping><zs:recordData><record xmlns="http://www.loc.gov/MARC21/slim">
  <leader>     cam a22        4500</leader>
  <controlfield tag="001">007567219</controlfield>
  <controlfield tag="003">DE-627-4</controlfield>
  <controlfield tag="005">20200224225734.0</controlfield>
  <controlfield tag="007">tu</controlfield>
  <controlfield tag="008">131119s1648    xx |||||      00| ||lat c</controlfield>
  <datafield tag="024" ind1="7" ind2=" ">
    <subfield code="a">35:730406Z</subfield>
    <subfield code="2">vd17</subfield>
  </datafield>
  <datafield tag="026" ind1=" " ind2=" ">
    <subfield code="e">I.3. 5.2. 9.6. 9.1. S 1648C</subfield>
    <subfield code="2">fei</subfield>
  </datafield>
  <datafield tag="035" ind1=" " ind2=" ">
    <subfield code="a">(DE-627-4)007567219</subfield>
  </datafield>
  <datafield tag="035" ind1=" " ind2=" ">
    <subfield code="a">(DE-599)KXP007567219</subfield>
  </datafield>
  <datafield tag="040" ind1=" " ind2=" ">
    <subfield code="a">DE-627</subfield>
    <subfield code="b">ger</subfield>
    <subfield code="c">DE-627</subfield>
    <subfield code="e">rakwb</subfield>
  </datafield>
  <datafield tag="041" ind1=" " ind2=" ">
    <subfield code="a">lat</subfield>
  </datafield>
  <datafield tag="100" ind1="1" ind2=" ">
    <subfield code="a">Dannel, Johann</subfield>
    <subfield code="0">(DE-588)1044339179</subfield>
    <subfield code="0">(DE-627)007567243</subfield>
    <subfield code="0">(DE-576)396893201</subfield>
    <subfield code="4">aut</subfield>
  </datafield>
  <datafield tag="245" ind1="1" ind2="0">
    <subfield code="a">Jesus Nomen Servatoris Nostri Amabilissimum, Centum Versiculis Centies Explicatum, Et Illustrissimo Et Inclytissimo Principi Ac Domino Domino Augusto, Duci Saxoniae, Angariae Et Wesphaliae ... Strenae Loco Exhibitum</subfield>
    <subfield code="c">a Johanne Dannel Raceburg: Saxo.</subfield>
  </datafield>
  <datafield tag="246" ind1="3" ind2="0">
    <subfield code="a">Westphaliae</subfield>
  </datafield>
  <datafield tag="264" ind1=" " ind2="1">
    <subfield code="a">Hamburgi</subfield>
    <subfield code="b">Typis Haeredum Henrici Werneri</subfield>
    <subfield code="c">1648</subfield>
  </datafield>
  <datafield tag="300" ind1=" " ind2=" ">
    <subfield code="a">[1] Bl.</subfield>
  </datafield>
  <datafield tag="336" ind1=" " ind2=" ">
    <subfield code="a">nicht spezifiziert</subfield>
    <subfield code="b">zzz</subfield>
    <subfield code="2">rdacontent</subfield>
  </datafield>
  <datafield tag="337" ind1=" " ind2=" ">
    <subfield code="a">nicht spezifiziert</subfield>
    <subfield code="b">z</subfield>
    <subfield code="2">rdamedia</subfield>
  </datafield>
  <datafield tag="338" ind1=" " ind2=" ">
    <subfield code="a">nicht spezifiziert</subfield>
    <subfield code="b">zu</subfield>
    <subfield code="2">rdacarrier</subfield>
  </datafield>
  <datafield tag="500" ind1=" " ind2=" ">
    <subfield code="a">Schlüsselseiten aus dem Exemplar der GWLB Hannover: G-A 3367 (2)</subfield>
  </datafield>
  <datafield tag="500" ind1=" " ind2=" ">
    <subfield code="a">Format: ca. 32,8 x 30 cm. - Satzspiegel: 31,8 x 28,6 cm</subfield>
  </datafield>
  <datafield tag="500" ind1=" " ind2=" ">
    <subfield code="a">Vorlageform des Erscheinungsvermerks: Hamburgi, Typis Haeredum Henrici Werneri. - Erscheinungsjahr nach einem Chronogramm</subfield>
  </datafield>
  <datafield tag="655" ind1=" " ind2="7">
    <subfield code="a">Einblattdruck</subfield>
    <subfield code="0">(DE-627)006573231</subfield>
    <subfield code="2">local</subfield>
  </datafield>
  <datafield tag="655" ind1=" " ind2="7">
    <subfield code="a">Lyrik</subfield>
    <subfield code="0">(DE-627)006572545</subfield>
    <subfield code="2">local</subfield>
  </datafield>
  <datafield tag="700" ind1="0" ind2=" ">
    <subfield code="a">August</subfield>
    <subfield code="b">I.</subfield>
    <subfield code="c">Sachsen-Lauenburg, Herzog</subfield>
    <subfield code="d">1577-1656</subfield>
    <subfield code="0">(DE-588)121733955</subfield>
    <subfield code="0">(DE-627)004505611</subfield>
    <subfield code="4">oth</subfield>
  </datafield>
  <datafield tag="710" ind1="2" ind2=" ">
    <subfield code="a">Werner</subfield>
    <subfield code="g">Firma</subfield>
    <subfield code="0">(DE-588)1044339845</subfield>
    <subfield code="0">(DE-627)007567650</subfield>
    <subfield code="0">(DE-576)396894119</subfield>
    <subfield code="4">prt</subfield>
  </datafield>
  <datafield tag="751" ind1=" " ind2=" ">
    <subfield code="a">Hamburg</subfield>
    <subfield code="4">pup</subfield>
  </datafield>
  <datafield tag="924" ind1="0" ind2=" ">
    <subfield code="a">007324413</subfield>
    <subfield code="b">DE-35</subfield>
    <subfield code="9">35</subfield>
    <subfield code="c">GBV</subfield>
    <subfield code="g">G-A 3367</subfield>
    <subfield code="h">ZEN</subfield>
  </datafield>
  <datafield tag="951" ind1=" " ind2=" ">
    <subfield code="a">BO</subfield>
  </datafield>
</record></zs:recordData><zs:recordPosition>2</zs:recordPosition></zs:record><zs:record><zs:recordSchema>marcxml</zs:recordSchema><zs:recordXMLEscaping>xml</zs:recordXMLEscaping><zs:recordData><record xmlns="http://www.loc.gov/MARC21/slim">
  <leader>     cam a22        4500</leader>
  <controlfield tag="001">00757276X</controlfield>
  <controlfield tag="003">DE-627-4</controlfield>
  <controlfield tag="005">20200224225736.0</controlfield>
  <controlfield tag="007">tu</controlfield>
  <controlfield tag="008">131126s1623    xx |||||      00| ||lat c</controlfield>
  <datafield tag="024" ind1="7" ind2=" ">
    <subfield code="a">35:730615K</subfield>
    <subfield code="2">vd17</subfield>
  </datafield>
  <datafield tag="026" ind1=" " ind2=" ">
    <subfield code="e">I.I, uxis ceER psi: S 1623R</subfield>
    <subfield code="2">fei</subfield>
  </datafield>
  <datafield tag="035" ind1=" " ind2=" ">
    <subfield code="a">(DE-627-4)00757276X</subfield>
  </datafield>
  <datafield tag="035" ind1=" " ind2=" ">
    <subfield code="a">(DE-599)KXP00757276X</subfield>
  </datafield>
  <datafield tag="040" ind1=" " ind2=" ">
    <subfield code="a">DE-627</subfield>
    <subfield code="b">ger</subfield>
    <subfield code="c">DE-627</subfield>
    <subfield code="e">rakwb</subfield>
  </datafield>
  <datafield tag="041" ind1=" " ind2=" ">
    <subfield code="a">lat</subfield>
  </datafield>
  <datafield tag="100" ind1="1" ind2=" ">
    <subfield code="a">Bacmeister, Matthäus</subfield>
    <subfield code="d">1580-1626</subfield>
    <subfield code="0">(DE-588)117751103</subfield>
    <subfield code="0">(DE-627)004279425</subfield>
    <subfield code="0">(DE-576)291647774</subfield>
    <subfield code="4">aut</subfield>
  </datafield>
  <datafield tag="245" ind1="1" ind2="0">
    <subfield code="a">Votum Genethliacum Ad Illustrissimum ac Celsissimum Principem &amp; Dominum Dn. Augustum Ducem Saxoniae Angriae Et Westphaliae ... Cum eius Celsitudo Filio Primogenito A. D. XIIII. Iulii magno cum subditorum iubilo Raceburgi in hanc lucem ... edito Solemnia Sacrae Regenerationis Pararet, Nomenq[ue] Francisci Augusti imponeret A D. XXIIII. M. Augusti. Praesentibus Illustrissimis Principibus ...</subfield>
    <subfield code="c">In signum devotae mentis &amp; debitae subiectionis f. Matthaeus Bacmeisterus D.S. &amp; R.L. Medicus</subfield>
  </datafield>
  <datafield tag="264" ind1=" " ind2="1">
    <subfield code="a">Lunaeburgi</subfield>
    <subfield code="b">Typis Andreae Michaelis</subfield>
    <subfield code="c">1623</subfield>
  </datafield>
  <datafield tag="300" ind1=" " ind2=" ">
    <subfield code="a">[1] Bl.</subfield>
  </datafield>
  <datafield tag="336" ind1=" " ind2=" ">
    <subfield code="a">nicht spezifiziert</subfield>
    <subfield code="b">zzz</subfield>
    <subfield code="2">rdacontent</subfield>
  </datafield>
  <datafield tag="337" ind1=" " ind2=" ">
    <subfield code="a">nicht spezifiziert</subfield>
    <subfield code="b">z</subfield>
    <subfield code="2">rdamedia</subfield>
  </datafield>
  <datafield tag="338" ind1=" " ind2=" ">
    <subfield code="a">nicht spezifiziert</subfield>
    <subfield code="b">zu</subfield>
    <subfield code="2">rdacarrier</subfield>
  </datafield>
  <datafield tag="500" ind1=" " ind2=" ">
    <subfield code="a">Schlüsselseite aus dem Exemplar der GWLB Hannover: G-A 3367 (10)</subfield>
  </datafield>
  <datafield tag="500" ind1=" " ind2=" ">
    <subfield code="a">Format: ca. 34 x 28 cm. - Satzspiegel: 33,3 x 25,2 cm</subfield>
  </datafield>
  <datafield tag="500" ind1=" " ind2=" ">
    <subfield code="a">Vorlageform des Erscheinungsvermerks: Lunaeburgi, Typis Andreae Michaelis Typogr. Anno MDCXXIII.</subfield>
  </datafield>
  <datafield tag="655" ind1=" " ind2="7">
    <subfield code="a">Einblattdruck</subfield>
    <subfield code="0">(DE-627)006573231</subfield>
    <subfield code="2">local</subfield>
  </datafield>
  <datafield tag="655" ind1=" " ind2="7">
    <subfield code="a">Gelegenheitsschrift:Taufe</subfield>
    <subfield code="0">(DE-627)006572898</subfield>
    <subfield code="2">local</subfield>
  </datafield>
  <datafield tag="700" ind1="0" ind2=" ">
    <subfield code="a">August</subfield>
    <subfield code="b">I.</subfield>
    <subfield code="c">Sachsen-Lauenburg, Herzog</subfield>
    <subfield code="d">1577-1656</subfield>
    <subfield code="0">(DE-588)121733955</subfield>
    <subfield code="0">(DE-627)004505611</subfield>
    <subfield code="4">oth</subfield>
  </datafield>
  <datafield tag="700" ind1="0" ind2=" ">
    <subfield code="a">Franz August</subfield>
    <subfield code="c">Sachsen-Lauenburg, Herzog</subfield>
    <subfield code="d">1623-1625</subfield>
    <subfield code="0">(DE-588)1044608684</subfield>
    <subfield code="0">(DE-627)007572913</subfield>
    <subfield code="0">(DE-576)397970765</subfield>
    <subfield code="4">oth</subfield>
  </datafield>
  <datafield tag="700" ind1="1" ind2=" ">
    <subfield code="a">Michelsen, Andreas</subfield>
    <subfield code="d">-1627</subfield>
    <subfield code="0">(DE-588)1037506766</subfield>
    <subfield code="0">(DE-627)007473893</subfield>
    <subfield code="4">prt</subfield>
  </datafield>
  <datafield tag="710" ind1="2" ind2=" ">
    <subfield code="a">Andreas Michelsen</subfield>
    <subfield code="g">Firma</subfield>
    <subfield code="0">(DE-588)1044607467</subfield>
    <subfield code="0">(DE-627)007573642</subfield>
    <subfield code="0">(DE-576)397969120</subfield>
    <subfield code="4">prt</subfield>
  </datafield>
  <datafield tag="751" ind1=" " ind2=" ">
    <subfield code="a">Lüneburg</subfield>
    <subfield code="4">pup</subfield>
  </datafield>
  <datafield tag="924" ind1="0" ind2=" ">
    <subfield code="a">00733155X</subfield>
    <subfield code="b">DE-35</subfield>
    <subfield code="9">35</subfield>
    <subfield code="c">GBV</subfield>
    <subfield code="g">G-A 3367</subfield>
    <subfield code="h">ZEN</subfield>
  </datafield>
  <datafield tag="951" ind1=" " ind2=" ">
    <subfield code="a">BO</subfield>
  </datafield>
</record></zs:recordData><zs:recordPosition>3</zs:recordPosition></zs:record><zs:record><zs:recordSchema>marcxml</zs:recordSchema><zs:recordXMLEscaping>xml</zs:recordXMLEscaping><zs:recordData><record xmlns="http://www.loc.gov/MARC21/slim">
  <leader>     cam a22        4500</leader>
  <controlfield tag="001">007567073</controlfield>
  <controlfield tag="003">DE-627-4</controlfield>
  <controlfield tag="005">20200224225734.0</controlfield>
  <controlfield tag="007">tu</controlfield>
  <controlfield tag="008">131119s1623    xx |||||      00| ||lat c</controlfield>
  <datafield tag="024" ind1="7" ind2=" ">
    <subfield code="a">35:730400D</subfield>
    <subfield code="2">vd17</subfield>
  </datafield>
  <datafield tag="026" ind1=" " ind2=" ">
    <subfield code="e">C.u- s.am s.t, *otha C 1623C</subfield>
    <subfield code="2">fei</subfield>
  </datafield>
  <datafield tag="035" ind1=" " ind2=" ">
    <subfield code="a">(DE-627-4)007567073</subfield>
  </datafield>
  <datafield tag="035" ind1=" " ind2=" ">
    <subfield code="a">(DE-599)KXP007567073</subfield>
  </datafield>
  <datafield tag="040" ind1=" " ind2=" ">
    <subfield code="a">DE-627</subfield>
    <subfield code="b">ger</subfield>
    <subfield code="c">DE-627</subfield>
    <subfield code="e">rakwb</subfield>
  </datafield>
  <datafield tag="041" ind1=" " ind2=" ">
    <subfield code="a">lat</subfield>
    <subfield code="a">grc</subfield>
  </datafield>
  <datafield tag="100" ind1="1" ind2=" ">
    <subfield code="a">Borstel, Matthias</subfield>
    <subfield code="0">(DE-588)128415436</subfield>
    <subfield code="0">(DE-627)004985575</subfield>
    <subfield code="0">(DE-576)297132156</subfield>
    <subfield code="4">aut</subfield>
  </datafield>
  <datafield tag="245" ind1="1" ind2="0">
    <subfield code="a">Strena Graeco-Latina</subfield>
    <subfield code="b">Quam ex cunabilis Theanthrōpon Jesuli desumptam, Illustrissimo Principi ... Dn. Augusto, Duci Saxoniae ... Felicem Novi Anni Ingressum, Feliciorem Progressum, Felicissimum Egressum, devote precando</subfield>
    <subfield code="c">In apophoretum Ianuarium ... dicat &amp; consecrat Matthias Borstell Sandov. Ecclesiastes Aulicus Frantzhagii; Anno ...</subfield>
  </datafield>
  <datafield tag="264" ind1=" " ind2="1">
    <subfield code="a">Hamburgi</subfield>
    <subfield code="b">Langius</subfield>
    <subfield code="c">1623</subfield>
  </datafield>
  <datafield tag="300" ind1=" " ind2=" ">
    <subfield code="a">[24] Bl.</subfield>
    <subfield code="c">4°</subfield>
  </datafield>
  <datafield tag="336" ind1=" " ind2=" ">
    <subfield code="a">nicht spezifiziert</subfield>
    <subfield code="b">zzz</subfield>
    <subfield code="2">rdacontent</subfield>
  </datafield>
  <datafield tag="337" ind1=" " ind2=" ">
    <subfield code="a">nicht spezifiziert</subfield>
    <subfield code="b">z</subfield>
    <subfield code="2">rdamedia</subfield>
  </datafield>
  <datafield tag="338" ind1=" " ind2=" ">
    <subfield code="a">nicht spezifiziert</subfield>
    <subfield code="b">zu</subfield>
    <subfield code="2">rdacarrier</subfield>
  </datafield>
  <datafield tag="500" ind1=" " ind2=" ">
    <subfield code="a">Schlüsselseiten aus dem Exemplar der GWLB Hannover: G-A 3367 (1)</subfield>
  </datafield>
  <datafield tag="500" ind1=" " ind2=" ">
    <subfield code="a">Vorlageform des Erscheinungsvermerks: Hamburgi Typis Pauli Langii. - Erscheinungsjahr nach einem Chronogramm</subfield>
  </datafield>
  <datafield tag="546" ind1=" " ind2=" ">
    <subfield code="a">Text lat. und griech.</subfield>
  </datafield>
  <datafield tag="655" ind1=" " ind2="7">
    <subfield code="a">Gelegenheitsschrift:Neujahr</subfield>
    <subfield code="0">(DE-627)006572928</subfield>
    <subfield code="2">local</subfield>
  </datafield>
  <datafield tag="655" ind1=" " ind2="7">
    <subfield code="a">Lyrik</subfield>
    <subfield code="0">(DE-627)006572545</subfield>
    <subfield code="2">local</subfield>
  </datafield>
  <datafield tag="700" ind1="0" ind2=" ">
    <subfield code="a">August</subfield>
    <subfield code="b">I.</subfield>
    <subfield code="c">Sachsen-Lauenburg, Herzog</subfield>
    <subfield code="d">1577-1656</subfield>
    <subfield code="0">(DE-588)121733955</subfield>
    <subfield code="0">(DE-627)004505611</subfield>
    <subfield code="4">oth</subfield>
  </datafield>
  <datafield tag="700" ind1="1" ind2=" ">
    <subfield code="a">Burmeisterus, Joan.</subfield>
    <subfield code="e">BeiträgerIn</subfield>
    <subfield code="4">ctb</subfield>
  </datafield>
  <datafield tag="700" ind1="1" ind2=" ">
    <subfield code="a">Lange, Paul</subfield>
    <subfield code="0">(DE-588)1037530764</subfield>
    <subfield code="0">(DE-627)007455607</subfield>
    <subfield code="4">prt</subfield>
  </datafield>
  <datafield tag="751" ind1=" " ind2=" ">
    <subfield code="a">Hamburg</subfield>
    <subfield code="4">pup</subfield>
  </datafield>
  <datafield tag="924" ind1="0" ind2=" ">
    <subfield code="a">007324316</subfield>
    <subfield code="b">DE-35</subfield>
    <subfield code="9">35</subfield>
    <subfield code="c">GBV</subfield>
    <subfield code="g">G-A 3367</subfield>
    <subfield code="h">ZEN</subfield>
  </datafield>
  <datafield tag="951" ind1=" " ind2=" ">
    <subfield code="a">BO</subfield>
  </datafield>
</record></zs:recordData><zs:recordPosition>4</zs:recordPosition></zs:record><zs:record><zs:recordSchema>marcxml</zs:recordSchema><zs:recordXMLEscaping>xml</zs:recordXMLEscaping><zs:recordData><record xmlns="http://www.loc.gov/MARC21/slim">
  <leader>     cam a22        4500</leader>
  <controlfield tag="001">006030866</controlfield>
  <controlfield tag="003">DE-627-4</controlfield>
  <controlfield tag="005">20210226092028.0</controlfield>
  <controlfield tag="007">tu</controlfield>
  <controlfield tag="008">070606s1621    xx |||||      00| ||ger c</controlfield>
  <datafield tag="024" ind1="7" ind2=" ">
    <subfield code="a">23:696866D</subfield>
    <subfield code="2">vd17</subfield>
  </datafield>
  <datafield tag="026" ind1=" " ind2=" ">
    <subfield code="e">iaen b-e- ini- Algl 3 1621R</subfield>
    <subfield code="2">fei</subfield>
  </datafield>
  <datafield tag="026" ind1=" " ind2=" ">
    <subfield code="e">162104 - *b1 A3 tetige : b2 J _w</subfield>
    <subfield code="2">fei</subfield>
  </datafield>
  <datafield tag="035" ind1=" " ind2=" ">
    <subfield code="a">(DE-627-4)006030866</subfield>
  </datafield>
  <datafield tag="035" ind1=" " ind2=" ">
    <subfield code="a">(DE-599)KXP006030866</subfield>
  </datafield>
  <datafield tag="040" ind1=" " ind2=" ">
    <subfield code="a">DE-627</subfield>
    <subfield code="b">ger</subfield>
    <subfield code="c">DE-627</subfield>
    <subfield code="e">rakwb</subfield>
  </datafield>
  <datafield tag="041" ind1=" " ind2=" ">
    <subfield code="a">ger</subfield>
  </datafield>
  <datafield tag="245" ind1="1" ind2="0">
    <subfield code="a">Hoffgerichts Ordnunge/ Des Durchleuchtigen Hochgebornen Fürsten und Herrn/ Herrn Augusti Hertzogen zu Sachsen/ Engern unnd Westphalen</subfield>
  </datafield>
  <datafield tag="246" ind1="3" ind2="0">
    <subfield code="a">Hofgerichts-Ordnung hochgeborenen August Herzog Westfalen</subfield>
  </datafield>
  <datafield tag="250" ind1=" " ind2=" ">
    <subfield code="a">Auffs Newe revidiret, verbessert/ und wiederumb in Druck gegeben</subfield>
  </datafield>
  <datafield tag="264" ind1=" " ind2="1">
    <subfield code="a">Lüneburg</subfield>
    <subfield code="b">Michaelsen</subfield>
    <subfield code="c">1621</subfield>
  </datafield>
  <datafield tag="300" ind1=" " ind2=" ">
    <subfield code="a">[4] Bl., 58 S., [1] Bl</subfield>
    <subfield code="c">4°</subfield>
  </datafield>
  <datafield tag="336" ind1=" " ind2=" ">
    <subfield code="a">nicht spezifiziert</subfield>
    <subfield code="b">zzz</subfield>
    <subfield code="2">rdacontent</subfield>
  </datafield>
  <datafield tag="337" ind1=" " ind2=" ">
    <subfield code="a">nicht spezifiziert</subfield>
    <subfield code="b">z</subfield>
    <subfield code="2">rdamedia</subfield>
  </datafield>
  <datafield tag="338" ind1=" " ind2=" ">
    <subfield code="a">nicht spezifiziert</subfield>
    <subfield code="b">zu</subfield>
    <subfield code="2">rdacarrier</subfield>
  </datafield>
  <datafield tag="500" ind1=" " ind2=" ">
    <subfield code="a">Schlüsselseiten aus dem Exemplar der SUB Göttingen: 8 J STAT VI, 4595</subfield>
  </datafield>
  <datafield tag="500" ind1=" " ind2=" ">
    <subfield code="a">Vorlageform des Erscheinungsvermerks: Gedruckt zu Lüneburg/ durch Andream Michaelsen. Jm Jahr/ M.DC.XXI. - Vorlageform des Erscheinungsvermerks im Kolophon: Gedruckt zu Lüneburg/ || Durch Andream Mi-||chaelsen. || Jm Jahr/ M.DC.XXI.</subfield>
  </datafield>
  <datafield tag="583" ind1="1" ind2=" ">
    <subfield code="a">Digitalisierung geplant</subfield>
    <subfield code="z">Digitalisierung Regional durch HAB Wolfenbüttel</subfield>
    <subfield code="2">pdager</subfield>
  </datafield>
  <datafield tag="655" ind1=" " ind2="7">
    <subfield code="a">Amtsdruckschrift</subfield>
    <subfield code="0">(DE-627)006573592</subfield>
    <subfield code="2">local</subfield>
  </datafield>
  <datafield tag="700" ind1="0" ind2=" ">
    <subfield code="a">August</subfield>
    <subfield code="b">I.</subfield>
    <subfield code="c">Sachsen-Lauenburg, Herzog</subfield>
    <subfield code="d">1577-1656</subfield>
    <subfield code="0">(DE-588)121733955</subfield>
    <subfield code="0">(DE-627)004505611</subfield>
    <subfield code="4">oth</subfield>
  </datafield>
  <datafield tag="700" ind1="1" ind2=" ">
    <subfield code="a">Michelsen, Andreas</subfield>
    <subfield code="d">-1627</subfield>
    <subfield code="0">(DE-588)1037506766</subfield>
    <subfield code="0">(DE-627)007473893</subfield>
    <subfield code="4">prt</subfield>
  </datafield>
  <datafield tag="751" ind1=" " ind2=" ">
    <subfield code="a">Lüneburg</subfield>
    <subfield code="4">pup</subfield>
  </datafield>
  <datafield tag="850" ind1=" " ind2=" ">
    <subfield code="a">cb</subfield>
  </datafield>
  <datafield tag="924" ind1="0" ind2=" ">
    <subfield code="a">006098223</subfield>
    <subfield code="b">DE-7</subfield>
    <subfield code="9">7</subfield>
    <subfield code="c">GBV</subfield>
    <subfield code="g">8 J STAT VI, 4595</subfield>
  </datafield>
  <datafield tag="924" ind1="0" ind2=" ">
    <subfield code="a">006089623</subfield>
    <subfield code="b">DE-23</subfield>
    <subfield code="9">23</subfield>
    <subfield code="c">GBV</subfield>
    <subfield code="g">Rl 91</subfield>
  </datafield>
  <datafield tag="951" ind1=" " ind2=" ">
    <subfield code="a">BO</subfield>
  </datafield>
</record></zs:recordData><zs:recordPosition>5</zs:recordPosition></zs:record><zs:record><zs:recordSchema>marcxml</zs:recordSchema><zs:recordXMLEscaping>xml</zs:recordXMLEscaping><zs:recordData><record xmlns="http://www.loc.gov/MARC21/slim">
  <leader>     cam a22        4500</leader>
  <controlfield tag="001">000595411</controlfield>
  <controlfield tag="003">DE-627-4</controlfield>
  <controlfield tag="005">20200310210952.0</controlfield>
  <controlfield tag="007">tu</controlfield>
  <controlfield tag="008">020901s1620    xx |||||      00| ||lat c</controlfield>
  <datafield tag="024" ind1="7" ind2=" ">
    <subfield code="a">39:154171B</subfield>
    <subfield code="2">vd17</subfield>
  </datafield>
  <datafield tag="026" ind1=" " ind2=" ">
    <subfield code="e">o,is n.en l:l, E.t. C 1620R</subfield>
    <subfield code="2">fei</subfield>
  </datafield>
  <datafield tag="035" ind1=" " ind2=" ">
    <subfield code="a">(DE-627-4)000595411</subfield>
  </datafield>
  <datafield tag="035" ind1=" " ind2=" ">
    <subfield code="a">(DE-599)KXP000595411</subfield>
  </datafield>
  <datafield tag="040" ind1=" " ind2=" ">
    <subfield code="a">DE-627</subfield>
    <subfield code="b">ger</subfield>
    <subfield code="c">DE-627</subfield>
    <subfield code="e">rakwb</subfield>
  </datafield>
  <datafield tag="041" ind1=" " ind2=" ">
    <subfield code="a">lat</subfield>
    <subfield code="a">ger</subfield>
  </datafield>
  <datafield tag="100" ind1="1" ind2=" ">
    <subfield code="a">Burmeister, Johann</subfield>
    <subfield code="d">1576-1638</subfield>
    <subfield code="0">(DE-588)120255316</subfield>
    <subfield code="0">(DE-627)004356926</subfield>
    <subfield code="0">(DE-576)292122128</subfield>
    <subfield code="4">aut</subfield>
  </datafield>
  <datafield tag="245" ind1="1" ind2="0">
    <subfield code="a">Votum Latino-Germanicum</subfield>
    <subfield code="b">Iuxta nominum litteras conflatum, in Domi-Ducam Ducalem Pompam, Qua Heroina Et Domina Illustrissima, Celsißima, Dna. Elisabetha-Sophia, Ex Prosapia Ducum Slesvic. Holsat. Oriunda ... Inaugurabitur Ducissa Pridie Kalendas Maii currentis huius MDCXX. Anni</subfield>
    <subfield code="c">Autore Joan. Burmeistero Lunae-Burg. Ecclesiaste Et Poeta Gultsovi[i] in agro Saxonico</subfield>
  </datafield>
  <datafield tag="264" ind1=" " ind2="1">
    <subfield code="a">Hamburgi</subfield>
    <subfield code="b">Langius</subfield>
    <subfield code="c">1620</subfield>
  </datafield>
  <datafield tag="300" ind1=" " ind2=" ">
    <subfield code="a">[7] Bl.</subfield>
    <subfield code="c">4°</subfield>
  </datafield>
  <datafield tag="336" ind1=" " ind2=" ">
    <subfield code="a">nicht spezifiziert</subfield>
    <subfield code="b">zzz</subfield>
    <subfield code="2">rdacontent</subfield>
  </datafield>
  <datafield tag="337" ind1=" " ind2=" ">
    <subfield code="a">nicht spezifiziert</subfield>
    <subfield code="b">z</subfield>
    <subfield code="2">rdamedia</subfield>
  </datafield>
  <datafield tag="338" ind1=" " ind2=" ">
    <subfield code="a">nicht spezifiziert</subfield>
    <subfield code="b">zu</subfield>
    <subfield code="2">rdacarrier</subfield>
  </datafield>
  <datafield tag="500" ind1=" " ind2=" ">
    <subfield code="a">Zur Hochzeit mit August von Sachsen-Lauenburg</subfield>
  </datafield>
  <datafield tag="500" ind1=" " ind2=" ">
    <subfield code="a">Schlüsselseiten aus dem Exemplar der FB Gotha: Phil 4° 00203/03 (17)</subfield>
  </datafield>
  <datafield tag="655" ind1=" " ind2="7">
    <subfield code="a">Gelegenheitsschrift:Hochzeit</subfield>
    <subfield code="0">(DE-627)006572979</subfield>
    <subfield code="2">local</subfield>
  </datafield>
  <datafield tag="655" ind1=" " ind2="7">
    <subfield code="a">Lyrik</subfield>
    <subfield code="0">(DE-627)006572545</subfield>
    <subfield code="2">local</subfield>
  </datafield>
  <datafield tag="700" ind1="0" ind2=" ">
    <subfield code="a">Elisabeth Sofie</subfield>
    <subfield code="c">Sachsen-Lauenburg, Herzogin</subfield>
    <subfield code="d">1599-1627</subfield>
    <subfield code="0">(DE-588)121614018</subfield>
    <subfield code="0">(DE-627)004491297</subfield>
    <subfield code="0">(DE-576)292799691</subfield>
    <subfield code="4">oth</subfield>
  </datafield>
  <datafield tag="700" ind1="0" ind2=" ">
    <subfield code="a">August</subfield>
    <subfield code="b">I.</subfield>
    <subfield code="c">Sachsen-Lauenburg, Herzog</subfield>
    <subfield code="d">1577-1656</subfield>
    <subfield code="0">(DE-588)121733955</subfield>
    <subfield code="0">(DE-627)004505611</subfield>
    <subfield code="4">oth</subfield>
  </datafield>
  <datafield tag="700" ind1="1" ind2=" ">
    <subfield code="a">Lange, Paul</subfield>
    <subfield code="0">(DE-588)1037530764</subfield>
    <subfield code="0">(DE-627)007455607</subfield>
    <subfield code="4">prt</subfield>
  </datafield>
  <datafield tag="751" ind1=" " ind2=" ">
    <subfield code="a">Hamburg</subfield>
    <subfield code="4">pup</subfield>
  </datafield>
  <datafield tag="856" ind1="4" ind2="1">
    <subfield code="u">https://nbn-resolving.org/urn:nbn:de:urmel-f513eaf7-c250-444f-b420-be63a4e99d27</subfield>
    <subfield code="t">// 2011 digitalisiert von: UFB Erfurt/Gotha. Exemplar mit der Signatur: Phil 4° 00203/03 (17)</subfield>
    <subfield code="x">Digitalisierung</subfield>
    <subfield code="z">kostenfrei</subfield>
    <subfield code="3">Volltext</subfield>
  </datafield>
  <datafield tag="924" ind1="0" ind2=" ">
    <subfield code="a">002425831</subfield>
    <subfield code="b">DE-547</subfield>
    <subfield code="9">547</subfield>
    <subfield code="c">GBV</subfield>
    <subfield code="d">b</subfield>
    <subfield code="g">Phil 4° 00203/03 (17)</subfield>
    <subfield code="g">Forschungsbibliothek Gotha</subfield>
    <subfield code="h">FBG MAG</subfield>
  </datafield>
  <datafield tag="924" ind1="0" ind2=" ">
    <subfield code="a">007331479</subfield>
    <subfield code="b">DE-35</subfield>
    <subfield code="9">35</subfield>
    <subfield code="c">GBV</subfield>
    <subfield code="g">G-A 3367</subfield>
    <subfield code="h">ZEN</subfield>
  </datafield>
  <datafield tag="951" ind1=" " ind2=" ">
    <subfield code="a">BO</subfield>
  </datafield>
</record></zs:recordData><zs:recordPosition>6</zs:recordPosition></zs:record></zs:records><zs:echoedSearchRetrieveRequest><zs:version>2.0</zs:version><zs:query>pica.nid=121733955</zs:query><zs:startRecord>1</zs:startRecord><zs:maximumRecords>500</zs:maximumRecords><zs:recordXMLEscaping>xml</zs:recordXMLEscaping><zs:recordSchema>marcxml</zs:recordSchema></zs:echoedSearchRetrieveRequest><zs:resultCountPrecision>exact</zs:resultCountPrecision></zs:searchRetrieveResponse>
