<?xml version="1.0" encoding="UTF-8"?>
<zs:searchRetrieveResponse xmlns:zs="http://docs.oasis-open.org/ns/search-ws/sruResponse"><zs:echoedSearchRetrieveRequest><zs:version>2.0</zs:version><zs:query>pica.nid=keine GND-Nummer vorhanden</zs:query><zs:startRecord>1</zs:startRecord><zs:maximumRecords>500</zs:maximumRecords><zs:recordXMLEscaping>xml</zs:recordXMLEscaping><zs:recordSchema>mods</zs:recordSchema></zs:echoedSearchRetrieveRequest><zs:diagnostics xmlns:diag="http://docs.oasis-open.org/ns/search-ws/diagnostic"><diag:diagnostic><diag:uri>info:srw/diagnostic/1/8</diag:uri><diag:details>nbsp</diag:details><diag:message>Unsupported parameter</diag:message></diag:diagnostic></zs:diagnostics></zs:searchRetrieveResponse>
