<?xml version="1.0" encoding="UTF-8"?>
<zs:searchRetrieveResponse xmlns:zs="http://docs.oasis-open.org/ns/search-ws/sruResponse"><zs:numberOfRecords>4</zs:numberOfRecords><zs:records><zs:record><zs:recordSchema>marcxml</zs:recordSchema><zs:recordXMLEscaping>xml</zs:recordXMLEscaping><zs:recordData><record xmlns="http://www.loc.gov/MARC21/slim">
  <leader>     cam a22        4500</leader>
  <controlfield tag="001">006802508</controlfield>
  <controlfield tag="003">DE-627-4</controlfield>
  <controlfield tag="005">20200310223055.0</controlfield>
  <controlfield tag="007">tu</controlfield>
  <controlfield tag="008">110825s1668    xx |||||      00| ||ger c</controlfield>
  <datafield tag="024" ind1="7" ind2=" ">
    <subfield code="a">14:718225X</subfield>
    <subfield code="2">vd17</subfield>
  </datafield>
  <datafield tag="026" ind1=" " ind2=" ">
    <subfield code="e">amen r-nt erer tet, C 1668Q</subfield>
    <subfield code="2">fei</subfield>
  </datafield>
  <datafield tag="035" ind1=" " ind2=" ">
    <subfield code="a">(DE-627-4)006802508</subfield>
  </datafield>
  <datafield tag="035" ind1=" " ind2=" ">
    <subfield code="a">(DE-599)KXP006802508</subfield>
  </datafield>
  <datafield tag="040" ind1=" " ind2=" ">
    <subfield code="a">DE-627</subfield>
    <subfield code="b">ger</subfield>
    <subfield code="c">DE-627</subfield>
    <subfield code="e">rakwb</subfield>
  </datafield>
  <datafield tag="041" ind1=" " ind2=" ">
    <subfield code="a">ger</subfield>
  </datafield>
  <datafield tag="100" ind1="0" ind2=" ">
    <subfield code="a">Leopold</subfield>
    <subfield code="b">I.</subfield>
    <subfield code="c">Heiliges Römisches Reich, Kaiser</subfield>
    <subfield code="d">1640-1705</subfield>
    <subfield code="0">(DE-588)118571869</subfield>
    <subfield code="0">(DE-627)004048318</subfield>
    <subfield code="4">aut</subfield>
  </datafield>
  <datafield tag="245" ind1="1" ind2="0">
    <subfield code="a">Kayserlichen Raths Diploma. Vor Herrn Johann Graasen</subfield>
    <subfield code="c">Wir Leopoldt von Gottes Gnaden Erwöhlter Römischer Kayser ... Bekennen offentlich mit disem Brieff ... [Unterzeichner: Leopold. Vt. Wilderich Freyherr von Walderdorff. Ad Mandatum Sac: Caes: Maiestatis proprium. Wilhelmb Schröder]</subfield>
  </datafield>
  <datafield tag="246" ind1="3" ind2="0">
    <subfield code="a">kaiserlichen Rats Diplom Rats-Diplom</subfield>
  </datafield>
  <datafield tag="264" ind1=" " ind2="1">
    <subfield code="a">[S.l.]</subfield>
    <subfield code="c">[1668]</subfield>
  </datafield>
  <datafield tag="300" ind1=" " ind2=" ">
    <subfield code="a">[2] Bl</subfield>
    <subfield code="c">4°</subfield>
  </datafield>
  <datafield tag="336" ind1=" " ind2=" ">
    <subfield code="a">nicht spezifiziert</subfield>
    <subfield code="b">zzz</subfield>
    <subfield code="2">rdacontent</subfield>
  </datafield>
  <datafield tag="337" ind1=" " ind2=" ">
    <subfield code="a">nicht spezifiziert</subfield>
    <subfield code="b">z</subfield>
    <subfield code="2">rdamedia</subfield>
  </datafield>
  <datafield tag="338" ind1=" " ind2=" ">
    <subfield code="a">nicht spezifiziert</subfield>
    <subfield code="b">zu</subfield>
    <subfield code="2">rdacarrier</subfield>
  </datafield>
  <datafield tag="500" ind1=" " ind2=" ">
    <subfield code="a">Kopftitel. - Am Textende datiert: ... der geben ist zu Laxenburg/ den Ersten Junii/ Sechzehenhundert Acht und Sechzig/ Unserer Reiche deß Römischen im Zehenden/ deß Hungarischen im Dreyzehenden/ und deß Böhaimbtschen im Zwölfften Jahr</subfield>
  </datafield>
  <datafield tag="655" ind1=" " ind2="7">
    <subfield code="a">Amtsdruckschrift</subfield>
    <subfield code="0">(DE-627)006573592</subfield>
    <subfield code="2">local</subfield>
  </datafield>
  <datafield tag="700" ind1="1" ind2=" ">
    <subfield code="a">Walderdorff, Wilderich von</subfield>
    <subfield code="d">1617-1680</subfield>
    <subfield code="0">(DE-588)11929771X</subfield>
    <subfield code="0">(DE-627)004321820</subfield>
    <subfield code="4">oth</subfield>
  </datafield>
  <datafield tag="700" ind1="1" ind2=" ">
    <subfield code="a">Schröder, Wilhelm von</subfield>
    <subfield code="d">1640-1699</subfield>
    <subfield code="0">(DE-588)118795473</subfield>
    <subfield code="0">(DE-627)004300769</subfield>
    <subfield code="0">(DE-576)20946710X</subfield>
    <subfield code="4">oth</subfield>
  </datafield>
  <datafield tag="700" ind1="1" ind2=" ">
    <subfield code="a">Graaß, Johannes</subfield>
    <subfield code="0">(DE-588)121722678</subfield>
    <subfield code="0">(DE-627)004502701</subfield>
    <subfield code="0">(DE-576)292850034</subfield>
    <subfield code="4">oth</subfield>
  </datafield>
  <datafield tag="856" ind1="4" ind2="1">
    <subfield code="u">http://digital.slub-dresden.de/id349818037</subfield>
    <subfield code="t">// 2011 digitalisiert von: SLUB Dresden. Exemplar mit der Signatur: Biogr.erud.D.1578,82,misc.1</subfield>
    <subfield code="x">Digitalisierung</subfield>
    <subfield code="z">kostenfrei</subfield>
    <subfield code="3">Volltext</subfield>
  </datafield>
  <datafield tag="924" ind1="0" ind2=" ">
    <subfield code="a">006918441</subfield>
    <subfield code="b">DE-14</subfield>
    <subfield code="9">14</subfield>
    <subfield code="c">BSZ</subfield>
    <subfield code="d">c</subfield>
    <subfield code="g">Biogr.erud.D.1578,82,misc.1</subfield>
  </datafield>
  <datafield tag="951" ind1=" " ind2=" ">
    <subfield code="a">BO</subfield>
  </datafield>
</record></zs:recordData><zs:recordPosition>1</zs:recordPosition></zs:record><zs:record><zs:recordSchema>marcxml</zs:recordSchema><zs:recordXMLEscaping>xml</zs:recordXMLEscaping><zs:recordData><record xmlns="http://www.loc.gov/MARC21/slim">
  <leader>     cam a22        4500</leader>
  <controlfield tag="001">007200854</controlfield>
  <controlfield tag="003">DE-627-4</controlfield>
  <controlfield tag="005">20210616114003.0</controlfield>
  <controlfield tag="007">tu</controlfield>
  <controlfield tag="008">120824s1656    xx |||||      00| ||lat c</controlfield>
  <datafield tag="024" ind1="7" ind2=" ">
    <subfield code="a">28:721879R</subfield>
    <subfield code="2">vd17</subfield>
  </datafield>
  <datafield tag="026" ind1=" " ind2=" ">
    <subfield code="e">a-n- l-e- voi- PRL. C 1656R</subfield>
    <subfield code="2">fei</subfield>
  </datafield>
  <datafield tag="035" ind1=" " ind2=" ">
    <subfield code="a">(DE-627-4)007200854</subfield>
  </datafield>
  <datafield tag="035" ind1=" " ind2=" ">
    <subfield code="a">(DE-599)KXP007200854</subfield>
  </datafield>
  <datafield tag="040" ind1=" " ind2=" ">
    <subfield code="a">DE-627</subfield>
    <subfield code="b">ger</subfield>
    <subfield code="c">DE-627</subfield>
    <subfield code="e">rakwb</subfield>
  </datafield>
  <datafield tag="041" ind1=" " ind2=" ">
    <subfield code="a">lat</subfield>
  </datafield>
  <datafield tag="100" ind1="1" ind2=" ">
    <subfield code="a">Dringenberg, Heinrich</subfield>
    <subfield code="d">1630-1687</subfield>
    <subfield code="0">(DE-588)121892026</subfield>
    <subfield code="0">(DE-627)004533267</subfield>
    <subfield code="4">aut</subfield>
  </datafield>
  <datafield tag="245" ind1="1" ind2="0">
    <subfield code="a">Disputatio Ethica De Principiis Actionum Humanarum</subfield>
    <subfield code="c">Quam ... Consentiente Amplissima Facultate Philosophica Almae ad Varnum Academiae, Sub Praesidio ... Dn. Hinrici Dringenbergii, Phil. Mag. atque Ethic. Profess. Publ. ... Placidae disquisitioni subiiciet Johann Graaß/ Iunior, Dusselopoli Westph. A. &amp; R. In Auditorio Maiori die 26. Aprilis</subfield>
  </datafield>
  <datafield tag="264" ind1=" " ind2="1">
    <subfield code="a">Rostochi[i]</subfield>
    <subfield code="b">Richelius</subfield>
    <subfield code="c">1656</subfield>
  </datafield>
  <datafield tag="300" ind1=" " ind2=" ">
    <subfield code="a">[10] Bl</subfield>
    <subfield code="c">4°</subfield>
  </datafield>
  <datafield tag="336" ind1=" " ind2=" ">
    <subfield code="a">nicht spezifiziert</subfield>
    <subfield code="b">zzz</subfield>
    <subfield code="2">rdacontent</subfield>
  </datafield>
  <datafield tag="337" ind1=" " ind2=" ">
    <subfield code="a">nicht spezifiziert</subfield>
    <subfield code="b">z</subfield>
    <subfield code="2">rdamedia</subfield>
  </datafield>
  <datafield tag="338" ind1=" " ind2=" ">
    <subfield code="a">nicht spezifiziert</subfield>
    <subfield code="b">zu</subfield>
    <subfield code="2">rdacarrier</subfield>
  </datafield>
  <datafield tag="583" ind1="1" ind2=" ">
    <subfield code="a">Digitalisiert</subfield>
    <subfield code="z">Digitalisierung Regional durch UB Rostock</subfield>
    <subfield code="2">pdager</subfield>
  </datafield>
  <datafield tag="655" ind1=" " ind2="7">
    <subfield code="a">Dissertation:phil.</subfield>
    <subfield code="0">(DE-627)006573282</subfield>
    <subfield code="2">local</subfield>
  </datafield>
  <datafield tag="700" ind1="1" ind2=" ">
    <subfield code="a">Graaß, Johannes</subfield>
    <subfield code="0">(DE-588)121722678</subfield>
    <subfield code="0">(DE-627)004502701</subfield>
    <subfield code="0">(DE-576)292850034</subfield>
    <subfield code="4">aut</subfield>
  </datafield>
  <datafield tag="700" ind1="1" ind2=" ">
    <subfield code="a">Graas, Gerhardus</subfield>
    <subfield code="e">WidmungsempfängerIn</subfield>
    <subfield code="4">dte</subfield>
  </datafield>
  <datafield tag="700" ind1="1" ind2=" ">
    <subfield code="a">Ottonis, Johan-Christophorus</subfield>
    <subfield code="e">BeiträgerIn</subfield>
    <subfield code="4">ctb</subfield>
  </datafield>
  <datafield tag="700" ind1="1" ind2=" ">
    <subfield code="a">Richel, Johann</subfield>
    <subfield code="c">der Jüngere</subfield>
    <subfield code="0">(DE-588)1037507762</subfield>
    <subfield code="0">(DE-627)00747640X</subfield>
    <subfield code="4">prt</subfield>
  </datafield>
  <datafield tag="710" ind1="2" ind2=" ">
    <subfield code="a">Universität Rostock</subfield>
    <subfield code="4">oth</subfield>
  </datafield>
  <datafield tag="710" ind1="2" ind2=" ">
    <subfield code="a">Universität Rostock, Philosophische Fakultät</subfield>
    <subfield code="4">oth</subfield>
  </datafield>
  <datafield tag="751" ind1=" " ind2=" ">
    <subfield code="a">Rostock</subfield>
    <subfield code="4">pup</subfield>
  </datafield>
  <datafield tag="850" ind1=" " ind2=" ">
    <subfield code="a">ca</subfield>
  </datafield>
  <datafield tag="856" ind1="4" ind2="1">
    <subfield code="u">http://purl.uni-rostock.de/rosdok/ppn730138879</subfield>
    <subfield code="t">// 2012 digitalisiert von: Universitätsbibliothek Rostock. Exemplar mit der Signatur: R.U.-phil 1656 Dringenberg, Heinrich</subfield>
    <subfield code="x">Digitalisierung</subfield>
    <subfield code="z">kostenfrei</subfield>
    <subfield code="3">Volltext</subfield>
  </datafield>
  <datafield tag="924" ind1="0" ind2=" ">
    <subfield code="a">007032072</subfield>
    <subfield code="b">DE-28</subfield>
    <subfield code="9">28</subfield>
    <subfield code="c">GBV</subfield>
    <subfield code="g">R.U.-phil 1656 Dringenberg, Heinrich</subfield>
    <subfield code="h">28-MAG</subfield>
  </datafield>
  <datafield tag="951" ind1=" " ind2=" ">
    <subfield code="a">BO</subfield>
  </datafield>
</record></zs:recordData><zs:recordPosition>2</zs:recordPosition></zs:record><zs:record><zs:recordSchema>marcxml</zs:recordSchema><zs:recordXMLEscaping>xml</zs:recordXMLEscaping><zs:recordData><record xmlns="http://www.loc.gov/MARC21/slim">
  <leader>     cam a22        4500</leader>
  <controlfield tag="001">001525972</controlfield>
  <controlfield tag="003">DE-627-4</controlfield>
  <controlfield tag="005">20200310215134.0</controlfield>
  <controlfield tag="007">tu</controlfield>
  <controlfield tag="008">020901s1656    xx |||||      00| ||lat c</controlfield>
  <datafield tag="024" ind1="7" ind2=" ">
    <subfield code="a">14:054692X</subfield>
    <subfield code="2">vd17</subfield>
  </datafield>
  <datafield tag="026" ind1=" " ind2=" ">
    <subfield code="e">n-s; e.ta 6.vi re8. 1656R</subfield>
    <subfield code="2">fei</subfield>
  </datafield>
  <datafield tag="035" ind1=" " ind2=" ">
    <subfield code="a">(DE-627-4)001525972</subfield>
  </datafield>
  <datafield tag="035" ind1=" " ind2=" ">
    <subfield code="a">(DE-599)KXP001525972</subfield>
  </datafield>
  <datafield tag="040" ind1=" " ind2=" ">
    <subfield code="a">DE-627</subfield>
    <subfield code="b">ger</subfield>
    <subfield code="c">DE-627</subfield>
    <subfield code="e">rakwb</subfield>
  </datafield>
  <datafield tag="041" ind1=" " ind2=" ">
    <subfield code="a">lat</subfield>
  </datafield>
  <datafield tag="100" ind1="1" ind2=" ">
    <subfield code="a">Redecker, Heinrich Rudolph</subfield>
    <subfield code="d">1626-1680</subfield>
    <subfield code="0">(DE-588)100870619</subfield>
    <subfield code="0">(DE-627)008464405</subfield>
    <subfield code="0">(DE-576)166137103</subfield>
    <subfield code="4">aut</subfield>
  </datafield>
  <datafield tag="245" ind1="1" ind2="0">
    <subfield code="a">Disputatio Iuridica De Contractibus Intermixtis Variis Quaestionibus</subfield>
    <subfield code="c">Sub Praesidio ... Heinrici Rudolphi Redekern/ I.U.D. ... Publicae disquisitioni submittet Johannes Graaß/ Iunior, Düsselopoli Westph. A. &amp; R. In Auditorio Maiori die [...] Maii</subfield>
  </datafield>
  <datafield tag="264" ind1=" " ind2="1">
    <subfield code="a">Rostochi[i]</subfield>
    <subfield code="b">Richelius</subfield>
    <subfield code="c">1656</subfield>
  </datafield>
  <datafield tag="300" ind1=" " ind2=" ">
    <subfield code="a">[14] Bl</subfield>
    <subfield code="c">4°</subfield>
  </datafield>
  <datafield tag="336" ind1=" " ind2=" ">
    <subfield code="a">nicht spezifiziert</subfield>
    <subfield code="b">zzz</subfield>
    <subfield code="2">rdacontent</subfield>
  </datafield>
  <datafield tag="337" ind1=" " ind2=" ">
    <subfield code="a">nicht spezifiziert</subfield>
    <subfield code="b">z</subfield>
    <subfield code="2">rdamedia</subfield>
  </datafield>
  <datafield tag="338" ind1=" " ind2=" ">
    <subfield code="a">nicht spezifiziert</subfield>
    <subfield code="b">zu</subfield>
    <subfield code="2">rdacarrier</subfield>
  </datafield>
  <datafield tag="500" ind1=" " ind2=" ">
    <subfield code="a">Datum handschr. erg.: 14. Jun</subfield>
  </datafield>
  <datafield tag="500" ind1=" " ind2=" ">
    <subfield code="a">Schlüsselseiten aus dem Exemplar der SLUB Dresden: Diss.jur.civ.123,16</subfield>
  </datafield>
  <datafield tag="546" ind1=" " ind2=" ">
    <subfield code="a">7/Sla</subfield>
  </datafield>
  <datafield tag="655" ind1=" " ind2="7">
    <subfield code="a">Dissertation:jur.</subfield>
    <subfield code="0">(DE-627)006573266</subfield>
    <subfield code="2">local</subfield>
  </datafield>
  <datafield tag="700" ind1="1" ind2=" ">
    <subfield code="a">Graaß, Johannes</subfield>
    <subfield code="0">(DE-588)121722678</subfield>
    <subfield code="0">(DE-627)004502701</subfield>
    <subfield code="0">(DE-576)292850034</subfield>
    <subfield code="4">aut</subfield>
  </datafield>
  <datafield tag="700" ind1="1" ind2=" ">
    <subfield code="a">Graas, Johannes</subfield>
    <subfield code="e">WidmungsempfängerIn</subfield>
    <subfield code="4">dte</subfield>
  </datafield>
  <datafield tag="700" ind1="1" ind2=" ">
    <subfield code="a">Machaerus, Johann. Hieronymus</subfield>
    <subfield code="e">BeiträgerIn</subfield>
    <subfield code="4">ctb</subfield>
  </datafield>
  <datafield tag="700" ind1="1" ind2=" ">
    <subfield code="a">Schattemann, Frid. Dan.</subfield>
    <subfield code="e">BeiträgerIn</subfield>
    <subfield code="4">ctb</subfield>
  </datafield>
  <datafield tag="700" ind1="1" ind2=" ">
    <subfield code="a">Spon, Georg. Philippus</subfield>
    <subfield code="e">BeiträgerIn</subfield>
    <subfield code="4">ctb</subfield>
  </datafield>
  <datafield tag="700" ind1="1" ind2=" ">
    <subfield code="a">Cornacher, Wilhelmus</subfield>
    <subfield code="e">BeiträgerIn</subfield>
    <subfield code="4">ctb</subfield>
  </datafield>
  <datafield tag="700" ind1="1" ind2=" ">
    <subfield code="a">Richel, Johann</subfield>
    <subfield code="c">der Jüngere</subfield>
    <subfield code="0">(DE-588)1037507762</subfield>
    <subfield code="0">(DE-627)00747640X</subfield>
    <subfield code="4">prt</subfield>
  </datafield>
  <datafield tag="710" ind1="2" ind2=" ">
    <subfield code="a">Universität Rostock</subfield>
    <subfield code="4">oth</subfield>
  </datafield>
  <datafield tag="751" ind1=" " ind2=" ">
    <subfield code="a">Rostock</subfield>
    <subfield code="4">pup</subfield>
  </datafield>
  <datafield tag="856" ind1="4" ind2="1">
    <subfield code="u">http://digital.slub-dresden.de/ppn327781459</subfield>
    <subfield code="t">// 2010 digitalisiert von: SLUB Dresden. Exemplar mit der Signatur: Diss.jur.civ.123,16</subfield>
    <subfield code="x">Digitalisierung</subfield>
    <subfield code="z">kostenfrei</subfield>
    <subfield code="3">Volltext</subfield>
  </datafield>
  <datafield tag="924" ind1="0" ind2=" ">
    <subfield code="a">007067720</subfield>
    <subfield code="b">DE-28</subfield>
    <subfield code="9">28</subfield>
    <subfield code="c">GBV</subfield>
    <subfield code="g">R.U.-jur 1656 Redecker, Heinrich Rudolph/a</subfield>
    <subfield code="h">28-MAG</subfield>
  </datafield>
  <datafield tag="924" ind1="0" ind2=" ">
    <subfield code="a">00070654X</subfield>
    <subfield code="b">DE-14</subfield>
    <subfield code="9">14</subfield>
    <subfield code="c">BSZ</subfield>
    <subfield code="d">c</subfield>
    <subfield code="g">Diss.jur.civ.123,16</subfield>
  </datafield>
  <datafield tag="951" ind1=" " ind2=" ">
    <subfield code="a">BO</subfield>
  </datafield>
</record></zs:recordData><zs:recordPosition>3</zs:recordPosition></zs:record><zs:record><zs:recordSchema>marcxml</zs:recordSchema><zs:recordXMLEscaping>xml</zs:recordXMLEscaping><zs:recordData><record xmlns="http://www.loc.gov/MARC21/slim">
  <leader>     cam a22        4500</leader>
  <controlfield tag="001">000683256</controlfield>
  <controlfield tag="003">DE-627-4</controlfield>
  <controlfield tag="005">20211215213304.0</controlfield>
  <controlfield tag="007">tu</controlfield>
  <controlfield tag="008">020901s1653    xx |||||      00| ||ger c</controlfield>
  <datafield tag="024" ind1="7" ind2=" ">
    <subfield code="a">14:070063S</subfield>
    <subfield code="2">vd17</subfield>
  </datafield>
  <datafield tag="026" ind1=" " ind2=" ">
    <subfield code="e">n-t. c.on t.s. ENun C 1653A</subfield>
    <subfield code="2">fei</subfield>
  </datafield>
  <datafield tag="035" ind1=" " ind2=" ">
    <subfield code="a">(DE-627-4)000683256</subfield>
  </datafield>
  <datafield tag="035" ind1=" " ind2=" ">
    <subfield code="a">(DE-599)KXP000683256</subfield>
  </datafield>
  <datafield tag="040" ind1=" " ind2=" ">
    <subfield code="a">DE-627</subfield>
    <subfield code="b">ger</subfield>
    <subfield code="c">DE-627</subfield>
    <subfield code="e">rakwb</subfield>
  </datafield>
  <datafield tag="041" ind1=" " ind2=" ">
    <subfield code="a">ger</subfield>
  </datafield>
  <datafield tag="245" ind1="1" ind2="0">
    <subfield code="a">Testimonia und Attestata, Von Johann Graaßen:</subfield>
    <subfield code="b">Wie Sie nach einander gefolgt/ die Zeit über/ daß Er auff Schulen und Universiteten/ und nachgehends auch in Käyserl: und zwar Auditotiats Diensten gewesen/ biß Er nach geschloßenem Frieden/ und geschehener Abdankung zum Käyserl. ReichsHoff-Raths Agenten auffgenommen/ und seithero dessen in solcher function vieler Stände deß Reichs Bedienter worden</subfield>
  </datafield>
  <datafield tag="246" ind1="3" ind2="0">
    <subfield code="a">Universitäten Reichshofratsagenten Funktion</subfield>
  </datafield>
  <datafield tag="264" ind1=" " ind2="1">
    <subfield code="a">[S.l.]</subfield>
    <subfield code="c">1653</subfield>
  </datafield>
  <datafield tag="300" ind1=" " ind2=" ">
    <subfield code="a">[10] Bl</subfield>
    <subfield code="c">4°</subfield>
  </datafield>
  <datafield tag="336" ind1=" " ind2=" ">
    <subfield code="a">nicht spezifiziert</subfield>
    <subfield code="b">zzz</subfield>
    <subfield code="2">rdacontent</subfield>
  </datafield>
  <datafield tag="337" ind1=" " ind2=" ">
    <subfield code="a">nicht spezifiziert</subfield>
    <subfield code="b">z</subfield>
    <subfield code="2">rdamedia</subfield>
  </datafield>
  <datafield tag="338" ind1=" " ind2=" ">
    <subfield code="a">nicht spezifiziert</subfield>
    <subfield code="b">zu</subfield>
    <subfield code="2">rdacarrier</subfield>
  </datafield>
  <datafield tag="500" ind1=" " ind2=" ">
    <subfield code="a">Schlüsselseiten aus dem Exemplar der SLUB Dresden: Biogr.erud.D.1578,82,misc.2</subfield>
  </datafield>
  <datafield tag="700" ind1="1" ind2=" ">
    <subfield code="a">Graaß, Johannes</subfield>
    <subfield code="0">(DE-588)121722678</subfield>
    <subfield code="0">(DE-627)004502701</subfield>
    <subfield code="0">(DE-576)292850034</subfield>
    <subfield code="4">oth</subfield>
  </datafield>
  <datafield tag="700" ind1="1" ind2=" ">
    <subfield code="a">Otterstedt, Bern.</subfield>
    <subfield code="e">BeiträgerIn</subfield>
    <subfield code="4">ctb</subfield>
  </datafield>
  <datafield tag="700" ind1="1" ind2=" ">
    <subfield code="a">Kufner, Johan.</subfield>
    <subfield code="e">BeiträgerIn</subfield>
    <subfield code="4">ctb</subfield>
  </datafield>
  <datafield tag="700" ind1="1" ind2=" ">
    <subfield code="a">Thavonath, Jacob</subfield>
    <subfield code="e">BeiträgerIn</subfield>
    <subfield code="4">ctb</subfield>
  </datafield>
  <datafield tag="700" ind1="1" ind2=" ">
    <subfield code="a">Rahne, Henricus</subfield>
    <subfield code="e">BeiträgerIn</subfield>
    <subfield code="4">ctb</subfield>
  </datafield>
  <datafield tag="700" ind1="1" ind2=" ">
    <subfield code="a">Pipius, Leonhard</subfield>
    <subfield code="e">BeiträgerIn</subfield>
    <subfield code="4">ctb</subfield>
  </datafield>
  <datafield tag="700" ind1="1" ind2=" ">
    <subfield code="a">Dorschen, Christoph</subfield>
    <subfield code="e">BeiträgerIn</subfield>
    <subfield code="4">ctb</subfield>
  </datafield>
  <datafield tag="700" ind1="1" ind2=" ">
    <subfield code="a">Piccolomini, H. di Amalffi</subfield>
    <subfield code="e">BeiträgerIn</subfield>
    <subfield code="4">ctb</subfield>
  </datafield>
  <datafield tag="700" ind1="1" ind2=" ">
    <subfield code="a">Traun, Ernst von</subfield>
    <subfield code="e">BeiträgerIn</subfield>
    <subfield code="4">ctb</subfield>
  </datafield>
  <datafield tag="856" ind1="4" ind2="1">
    <subfield code="u">http://digital.slub-dresden.de/id349816891</subfield>
    <subfield code="t">// 2011 digitalisiert von: SLUB Dresden. Exemplar mit der Signatur: Biogr.erud.D.1578,82,misc.2</subfield>
    <subfield code="x">Digitalisierung</subfield>
    <subfield code="z">kostenfrei</subfield>
    <subfield code="3">Volltext</subfield>
  </datafield>
  <datafield tag="924" ind1="0" ind2=" ">
    <subfield code="a">000198307</subfield>
    <subfield code="b">DE-14</subfield>
    <subfield code="9">14</subfield>
    <subfield code="c">BSZ</subfield>
    <subfield code="d">c</subfield>
    <subfield code="g">Biogr.erud.D.1578,82,misc.2</subfield>
  </datafield>
  <datafield tag="951" ind1=" " ind2=" ">
    <subfield code="a">BO</subfield>
  </datafield>
</record></zs:recordData><zs:recordPosition>4</zs:recordPosition></zs:record></zs:records><zs:echoedSearchRetrieveRequest><zs:version>2.0</zs:version><zs:query>pica.nid=121722678</zs:query><zs:startRecord>1</zs:startRecord><zs:maximumRecords>500</zs:maximumRecords><zs:recordXMLEscaping>xml</zs:recordXMLEscaping><zs:recordSchema>marcxml</zs:recordSchema></zs:echoedSearchRetrieveRequest><zs:resultCountPrecision>exact</zs:resultCountPrecision></zs:searchRetrieveResponse>
