<?xml version="1.0" encoding="UTF-8"?>
<zs:searchRetrieveResponse xmlns:zs="http://docs.oasis-open.org/ns/search-ws/sruResponse"><zs:numberOfRecords>2</zs:numberOfRecords><zs:records><zs:record><zs:recordSchema>mods</zs:recordSchema><zs:recordXMLEscaping>xml</zs:recordXMLEscaping><zs:recordData><mods xmlns:xsi="http://www.w3.org/2001/XMLSchema-instance" xmlns="http://www.loc.gov/mods/v3" version="3.6" xsi:schemaLocation="http://www.loc.gov/mods/v3 http://www.loc.gov/standards/mods/v3/mods-3-6.xsd">
  <name type="personal" usage="primary">
    <namePart>Zehmen, Hans Bastian von</namePart>
    <namePart type="date">1629-1702</namePart>
  </name>
  <typeOfResource/>
  <originInfo>
    <place>
      <placeTerm type="code" authority="marccountry">bbn</placeTerm>
    </place>
    <issuance/>
  </originInfo>
  <note xmlns:xlink="http://www.w3.org/1999/xlink" xlink:href="(DE-588)4029050-5">(DE-627)00693045X (DE-588)4029050-5 Jurist berc r Charakteristischer Beruf</note>
  <note xmlns:xlink="http://www.w3.org/1999/xlink" xlink:href="(DE-588)4160414-3">(DE-627)00694311X (DE-576)209857560 (DE-588)4160414-3 Hofmeister beru r Beruf</note>
  <note xmlns:xlink="http://www.w3.org/1999/xlink" xlink:href="(DE-588)4246787-1">(DE-627)006951465 (DE-588)4246787-1 Steuereinnehmer beru r Beruf</note>
  <note xmlns:xlink="http://www.w3.org/1999/xlink" xlink:href="(DE-588)4139103-2">(DE-627)006934366 (DE-588)4139103-2 Rat beru r Beruf</note>
  <subject>
    <geographicCode authority="iso3166">XA-DE</geographicCode>
  </subject>
  <identifier type="uri">http://d-nb.info/gnd/129394955</identifier>
  <recordInfo>
    <recordCreationDate encoding="marc">040916</recordCreationDate>
    <recordChangeDate encoding="iso8601">202006251433.0</recordChangeDate>
    <recordIdentifier source="DE-627">005350956</recordIdentifier>
    <recordOrigin>Converted from MARCXML to MODS version 3.6 using MARC21slim2MODS3-6.xsl
				(Revision 1.119 2018/06/21)</recordOrigin>
  </recordInfo>
</mods></zs:recordData><zs:recordPosition>1</zs:recordPosition></zs:record><zs:record><zs:recordSchema>mods</zs:recordSchema><zs:recordXMLEscaping>xml</zs:recordXMLEscaping><zs:recordData><mods xmlns:xsi="http://www.w3.org/2001/XMLSchema-instance" xmlns="http://www.loc.gov/mods/v3" version="3.6" xsi:schemaLocation="http://www.loc.gov/mods/v3 http://www.loc.gov/standards/mods/v3/mods-3-6.xsd">
  <titleInfo>
    <title>Dissertatio Iuridica. De Simultanea Investitura</title>
  </titleInfo>
  <name type="personal" usage="primary">
    <namePart>Struve, Georg Adam</namePart>
    <namePart type="date">1619-1692</namePart>
    <role>
      <roleTerm authority="marcrelator" type="code">aut</roleTerm>
    </role>
    <nameIdentifier>(DE-588)118756087 (DE-627)004062000 (DE-576)163231222</nameIdentifier>
  </name>
  <name type="personal">
    <namePart>Zehmen, Hans Bastian von</namePart>
    <namePart type="date">1629-1702</namePart>
    <role>
      <roleTerm authority="marcrelator" type="code">aut</roleTerm>
    </role>
    <nameIdentifier>(DE-588)129394955 (DE-627)005350956</nameIdentifier>
  </name>
  <name type="personal">
    <namePart>Heinrich</namePart>
    <namePart type="termsOfAddress">Reuß-Gera, Graf, VIIII</namePart>
    <role>
      <roleTerm type="text">WidmungsempfängerIn</roleTerm>
    </role>
    <role>
      <roleTerm authority="marcrelator" type="code">dte</roleTerm>
    </role>
  </name>
  <name type="personal">
    <namePart>Heinrich</namePart>
    <namePart type="termsOfAddress">Reuß-Lobenstein, Graf, X</namePart>
    <role>
      <roleTerm type="text">WidmungsempfängerIn</roleTerm>
    </role>
    <role>
      <roleTerm authority="marcrelator" type="code">dte</roleTerm>
    </role>
  </name>
  <name type="personal">
    <namePart>Heinrich</namePart>
    <namePart type="termsOfAddress">Reuß-Gera, Graf, II</namePart>
    <role>
      <roleTerm type="text">WidmungsempfängerIn</roleTerm>
    </role>
    <role>
      <roleTerm authority="marcrelator" type="code">dte</roleTerm>
    </role>
  </name>
  <name type="personal">
    <namePart>Bernhard</namePart>
    <namePart type="termsOfAddress">Sachsen-Jena, Herzog</namePart>
    <role>
      <roleTerm type="text">WidmungsempfängerIn</roleTerm>
    </role>
    <role>
      <roleTerm authority="marcrelator" type="code">dte</roleTerm>
    </role>
  </name>
  <name type="personal">
    <namePart>Kospoth, Wilhelm von</namePart>
    <role>
      <roleTerm type="text">BeiträgerIn</roleTerm>
    </role>
    <role>
      <roleTerm authority="marcrelator" type="code">ctb</roleTerm>
    </role>
  </name>
  <name type="personal">
    <namePart>Freyschmidt, Kaspar</namePart>
    <role>
      <roleTerm authority="marcrelator" type="code">prt</roleTerm>
    </role>
    <nameIdentifier>(DE-588)1037533712 (DE-627)00748397X (DE-576)391609025</nameIdentifier>
  </name>
  <name type="corporate">
    <namePart>Universität Jena</namePart>
    <role>
      <roleTerm authority="marcrelator" type="code">oth</roleTerm>
    </role>
  </name>
  <typeOfResource>text</typeOfResource>
  <genre authority="rdacontent">nicht spezifiziert</genre>
  <genre authority="local">Dissertation:jur.</genre>
  <originInfo>
    <place>
      <placeTerm type="code" authority="marccountry">xx</placeTerm>
    </place>
    <dateIssued encoding="marc">1654</dateIssued>
    <issuance>monographic</issuance>
  </originInfo>
  <originInfo eventType="publication">
    <place>
      <placeTerm type="text">Ienae</placeTerm>
    </place>
    <publisher>Freyschmidius</publisher>
    <dateIssued>1654</dateIssued>
  </originInfo>
  <language>
    <languageTerm authority="iso639-2b" type="code">lat</languageTerm>
  </language>
  <physicalDescription>
    <form authority="marcform">print</form>
    <extent>[14] Bl 4°</extent>
    <form type="media" authority="rdamedia">nicht spezifiziert</form>
    <form type="carrier" authority="rdacarrier">nicht spezifiziert</form>
  </physicalDescription>
  <note type="statement of responsibility" altRepGroup="00">Quam ... Permissu ... Iurisconsultorum Ordinis, in famigeratissima Salana Praeside ... Dn. Georgio Adamo Struven ... publice censurae Eruditorum subiicit. Horis usitatis Die Februarii Hans Bastian von Zehmen Nob. Variscus. Autor</note>
  <note>Schlüsselseiten aus dem Exemplar der ULB Halle: AB 154567 (11)</note>
  <identifier type="vd17">3:012898G</identifier>
  <recordInfo>
    <descriptionStandard>rakwb</descriptionStandard>
    <recordContentSource authority="marcorg">DE-627</recordContentSource>
    <recordCreationDate encoding="marc">020901</recordCreationDate>
    <recordChangeDate encoding="iso8601">20200224145354.0</recordChangeDate>
    <recordIdentifier source="DE-627-4">001151010</recordIdentifier>
    <recordOrigin>Converted from MARCXML to MODS version 3.6 using MARC21slim2MODS3-6.xsl
				(Revision 1.119 2018/06/21)</recordOrigin>
    <languageOfCataloging>
      <languageTerm authority="iso639-2b" type="code">ger</languageTerm>
    </languageOfCataloging>
  </recordInfo>
</mods></zs:recordData><zs:recordPosition>2</zs:recordPosition></zs:record></zs:records><zs:echoedSearchRetrieveRequest><zs:version>2.0</zs:version><zs:query>pica.nid=129394955</zs:query><zs:startRecord>1</zs:startRecord><zs:maximumRecords>500</zs:maximumRecords><zs:recordXMLEscaping>xml</zs:recordXMLEscaping><zs:recordSchema>mods</zs:recordSchema></zs:echoedSearchRetrieveRequest><zs:resultCountPrecision>exact</zs:resultCountPrecision></zs:searchRetrieveResponse>
