<?xml version="1.0" encoding="UTF-8"?>
<zs:searchRetrieveResponse xmlns:zs="http://docs.oasis-open.org/ns/search-ws/sruResponse"><zs:numberOfRecords>7</zs:numberOfRecords><zs:records><zs:record><zs:recordSchema>mods</zs:recordSchema><zs:recordXMLEscaping>xml</zs:recordXMLEscaping><zs:recordData><mods xmlns:xsi="http://www.w3.org/2001/XMLSchema-instance" xmlns="http://www.loc.gov/mods/v3" version="3.6" xsi:schemaLocation="http://www.loc.gov/mods/v3 http://www.loc.gov/standards/mods/v3/mods-3-6.xsd">
  <name type="personal" usage="primary">
    <namePart>Eberstein, Ernst Albrecht von</namePart>
    <namePart type="date">1605-1676</namePart>
  </name>
  <typeOfResource/>
  <originInfo>
    <place>
      <placeTerm type="code" authority="marccountry">abn</placeTerm>
    </place>
    <issuance/>
  </originInfo>
  <note xmlns:xlink="http://www.w3.org/1999/xlink" xlink:href="(DE-588)4204638-5">(DE-627)006951317 (DE-576)210163429 (DE-588)4204638-5 Generalfeldmarschall berc r Charakteristischer Beruf</note>
  <subject>
    <geographicCode authority="iso3166">XA-DE</geographicCode>
  </subject>
  <identifier type="uri">http://d-nb.info/gnd/119523507</identifier>
  <recordInfo>
    <descriptionStandard>rda</descriptionStandard>
    <recordContentSource authority="marcorg">DE-627</recordContentSource>
    <recordCreationDate encoding="marc">020621</recordCreationDate>
    <recordChangeDate encoding="iso8601">202003151245.1</recordChangeDate>
    <recordIdentifier source="DE-627">00432899X</recordIdentifier>
    <recordOrigin>Converted from MARCXML to MODS version 3.6 using MARC21slim2MODS3-6.xsl
				(Revision 1.119 2018/06/21)</recordOrigin>
    <languageOfCataloging>
      <languageTerm authority="iso639-2b" type="code">ger</languageTerm>
    </languageOfCataloging>
  </recordInfo>
</mods></zs:recordData><zs:recordPosition>1</zs:recordPosition></zs:record><zs:record><zs:recordSchema>mods</zs:recordSchema><zs:recordXMLEscaping>xml</zs:recordXMLEscaping><zs:recordData><mods xmlns:xsi="http://www.w3.org/2001/XMLSchema-instance" xmlns="http://www.loc.gov/mods/v3" version="3.6" xsi:schemaLocation="http://www.loc.gov/mods/v3 http://www.loc.gov/standards/mods/v3/mods-3-6.xsd">
  <titleInfo>
    <title>Betrübter Wiederschall/ An den Streitbahren und Tapfern Held Herrn Herrn General FeldMarschalln Ernst Albrecht von Eberstein</title>
  </titleInfo>
  <titleInfo type="alternative">
    <title>Widerschall</title>
  </titleInfo>
  <name type="personal" usage="primary">
    <namePart>Röyers, Barthold</namePart>
    <role>
      <roleTerm authority="marcrelator" type="code">aut</roleTerm>
    </role>
    <nameIdentifier>(DE-588)130604887 (DE-627)005702631 (DE-576)298293315</nameIdentifier>
  </name>
  <name type="personal">
    <namePart>Eberstein, Ernst Albrecht von</namePart>
    <namePart type="date">1605-1676</namePart>
    <role>
      <roleTerm authority="marcrelator" type="code">oth</roleTerm>
    </role>
    <nameIdentifier>(DE-588)119523507 (DE-627)00432899X (DE-576)212874934</nameIdentifier>
  </name>
  <name type="personal">
    <namePart>Koch, Melchior</namePart>
    <namePart type="date">-1680</namePart>
    <role>
      <roleTerm authority="marcrelator" type="code">prt</roleTerm>
    </role>
    <nameIdentifier>(DE-588)1037506375 (DE-627)007470371</nameIdentifier>
  </name>
  <typeOfResource>text</typeOfResource>
  <genre authority="rdacontent">nicht spezifiziert</genre>
  <genre authority="local">Lyrik</genre>
  <genre authority="local">Gelegenheitsschrift:Tod</genre>
  <genre authority="local">Einblattdruck</genre>
  <originInfo>
    <place>
      <placeTerm type="code" authority="marccountry">xx</placeTerm>
    </place>
    <dateIssued encoding="marc">1676</dateIssued>
    <issuance>monographic</issuance>
  </originInfo>
  <originInfo eventType="publication">
    <place>
      <placeTerm type="text">Glückstadt</placeTerm>
    </place>
    <publisher>Koch</publisher>
    <dateIssued>[1676]</dateIssued>
  </originInfo>
  <language>
    <languageTerm authority="iso639-2b" type="code">ger</languageTerm>
  </language>
  <physicalDescription>
    <form authority="marcform">print</form>
    <extent>[1] Bl</extent>
    <form type="media" authority="rdamedia">nicht spezifiziert</form>
    <form type="carrier" authority="rdacarrier">nicht spezifiziert</form>
  </physicalDescription>
  <note type="statement of responsibility" altRepGroup="00">... Barthold Röyers</note>
  <note>Schlüsselseiten aus dem Exemplar der ULB Halle: 78 M 316 (2)</note>
  <note>Format: ca. 32 x 28 cm. - Satzspiegel: 29,6 x 27,6 cm</note>
  <note>&lt;3&gt;: Erscheinugsjahr im Impressum nicht eindeutig lesbar. - Erscheinungsjahr nach dem Sterbejahr angebeben</note>
  <identifier type="vd17">3:678485Q</identifier>
  <relatedItem>
    <location>
      <url note="Kostenfrei">http://vd17.bibliothek.uni-halle.de/pict/2005/3:678485Q/</url>
    </location>
  </relatedItem>
  <recordInfo>
    <descriptionStandard>rakwb</descriptionStandard>
    <recordContentSource authority="marcorg">DE-627</recordContentSource>
    <recordCreationDate encoding="marc">051207</recordCreationDate>
    <recordChangeDate encoding="iso8601">20200310221542.0</recordChangeDate>
    <recordIdentifier source="DE-627-4">005702593</recordIdentifier>
    <recordOrigin>Converted from MARCXML to MODS version 3.6 using MARC21slim2MODS3-6.xsl
				(Revision 1.119 2018/06/21)</recordOrigin>
    <languageOfCataloging>
      <languageTerm authority="iso639-2b" type="code">ger</languageTerm>
    </languageOfCataloging>
  </recordInfo>
</mods></zs:recordData><zs:recordPosition>2</zs:recordPosition></zs:record><zs:record><zs:recordSchema>mods</zs:recordSchema><zs:recordXMLEscaping>xml</zs:recordXMLEscaping><zs:recordData><mods xmlns:xsi="http://www.w3.org/2001/XMLSchema-instance" xmlns="http://www.loc.gov/mods/v3" version="3.6" xsi:schemaLocation="http://www.loc.gov/mods/v3 http://www.loc.gov/standards/mods/v3/mods-3-6.xsd">
  <titleInfo>
    <nonSort xml:space="preserve">Ein  </nonSort>
    <title>Geistliches Monument oder Grabmahl/ Welches als Der Hoch-Wohl-Gebohrne Ritter und Herr/ Hr. Ernst Albrecht von Eberstein ... Ihrer Churfürstlichen Durchläuchtigkeiten zu Sachsen/ Hochbestalter Geheimter- und Krieges-Rath/ GeneralFeldmarschall ... Am IX. Iunii, Anno M.DC.LXXVI ... entschlaffen/ und Dero verblichener Herrl Cörper/ Am XXI. Novembris selbigen Jahres ... in sein Hoch-Adeliches Erb-Begräbnüß/ an der Kirchen an/ in Gehofen/ beygesetzet wurde</title>
  </titleInfo>
  <titleInfo type="alternative">
    <title>Grabmal Erbbegräbnis Leichen-Procesz</title>
  </titleInfo>
  <name type="personal" usage="primary">
    <namePart>Stegmann, Christoph</namePart>
    <namePart type="date">-1682</namePart>
    <role>
      <roleTerm authority="marcrelator" type="code">aut</roleTerm>
    </role>
    <nameIdentifier>(DE-588)104375434 (DE-627)00418520X (DE-576)28950824X</nameIdentifier>
  </name>
  <name type="personal">
    <namePart>Eberstein, Ernst Albrecht von</namePart>
    <namePart type="date">1605-1676</namePart>
    <role>
      <roleTerm authority="marcrelator" type="code">oth</roleTerm>
    </role>
    <nameIdentifier>(DE-588)119523507 (DE-627)00432899X (DE-576)212874934</nameIdentifier>
  </name>
  <name type="personal">
    <namePart>Meußbach, Johann Georg von</namePart>
    <role>
      <roleTerm type="text">BeiträgerIn</roleTerm>
    </role>
    <role>
      <roleTerm authority="marcrelator" type="code">ctb</roleTerm>
    </role>
  </name>
  <name type="personal">
    <namePart>Hynitzsch, Johann Erasmus</namePart>
    <namePart type="date">1643-1709</namePart>
    <role>
      <roleTerm authority="marcrelator" type="code">prt</roleTerm>
    </role>
    <nameIdentifier>(DE-588)1037529243 (DE-627)007483724</nameIdentifier>
  </name>
  <typeOfResource>text</typeOfResource>
  <genre authority="rdacontent">nicht spezifiziert</genre>
  <genre authority="local">Leichenpredigt</genre>
  <originInfo>
    <place>
      <placeTerm type="code" authority="marccountry">xx</placeTerm>
    </place>
    <dateIssued encoding="marc">1676</dateIssued>
    <issuance>monographic</issuance>
  </originInfo>
  <originInfo eventType="publication">
    <place>
      <placeTerm type="text">Halberstadt</placeTerm>
    </place>
    <publisher>Hynitzsch</publisher>
    <dateIssued>1676</dateIssued>
  </originInfo>
  <language>
    <languageTerm authority="iso639-2b" type="code">ger</languageTerm>
  </language>
  <physicalDescription>
    <form authority="marcform">print</form>
    <extent>[36] Bl 2°</extent>
    <form type="media" authority="rdamedia">nicht spezifiziert</form>
    <form type="carrier" authority="rdacarrier">nicht spezifiziert</form>
  </physicalDescription>
  <note type="statement of responsibility" altRepGroup="00">... Zu Dero Christlichem nimmer-ersterbendem Nach-Ruhme und Andencken Schrifftmässig Auffgerichtet hat: Christophorus Stegmann/ Loci Pastor</note>
  <note>Schlüsselseiten aus dem Exemplar der SBB-PK Berlin: Ee 700-747 : 4°</note>
  <note>Signaturformel: A - D4, E2, F4 - H4, I2, K4</note>
  <note>Erscheinungsjahr nach dem Sterbedatum</note>
  <note>Enth. außerdem: Leichen-Proceß Des ... Hn. Ernst Albrecht von Eberstein ... So Am 21. Novemb. 1676. In Gehofen gehalten worden</note>
  <identifier type="vd17">1:023441G</identifier>
  <relatedItem>
    <location>
      <url displayLabel="Volltext" note="Kostenfrei">http://resolver.staatsbibliothek-berlin.de/SBB00005BF700000000</url>
    </location>
  </relatedItem>
  <recordInfo>
    <descriptionStandard>rakwb</descriptionStandard>
    <recordContentSource authority="marcorg">DE-627</recordContentSource>
    <recordCreationDate encoding="marc">020901</recordCreationDate>
    <recordChangeDate encoding="iso8601">20200310215446.0</recordChangeDate>
    <recordIdentifier source="DE-627-4">001635417</recordIdentifier>
    <recordOrigin>Converted from MARCXML to MODS version 3.6 using MARC21slim2MODS3-6.xsl
				(Revision 1.119 2018/06/21)</recordOrigin>
    <languageOfCataloging>
      <languageTerm authority="iso639-2b" type="code">ger</languageTerm>
    </languageOfCataloging>
  </recordInfo>
</mods></zs:recordData><zs:recordPosition>3</zs:recordPosition></zs:record><zs:record><zs:recordSchema>mods</zs:recordSchema><zs:recordXMLEscaping>xml</zs:recordXMLEscaping><zs:recordData><mods xmlns:xsi="http://www.w3.org/2001/XMLSchema-instance" xmlns="http://www.loc.gov/mods/v3" version="3.6" xsi:schemaLocation="http://www.loc.gov/mods/v3 http://www.loc.gov/standards/mods/v3/mods-3-6.xsd">
  <titleInfo>
    <title>Vollkommene Beschreibung Der Auff Fühnen geführten Bataillie, Und An Dänischen Seiten glücklich erhaltenen Victorie Wie auch Specification Und Liste Aller alda Gefangenen hohen Officirer und erlangten Beuthe. Wie solches Ihr Excell. der Herr Feld-Marschall Eberstein/ Den 16. Unnd ein ander Königl. Dänischer Minister Den 18. dieses auß Nyburg Schrifftlich Communiciret hat</title>
  </titleInfo>
  <titleInfo type="alternative">
    <title>Fünen Spezifikation allsa Offiziere Beute</title>
  </titleInfo>
  <name type="personal">
    <namePart>Eberstein, Ernst Albrecht von</namePart>
    <namePart type="date">1605-1676</namePart>
    <role>
      <roleTerm authority="marcrelator" type="code">oth</roleTerm>
    </role>
    <nameIdentifier>(DE-588)119523507 (DE-627)00432899X (DE-576)212874934</nameIdentifier>
  </name>
  <typeOfResource>text</typeOfResource>
  <genre authority="rdacontent">nicht spezifiziert</genre>
  <genre authority="local">Flugschrift</genre>
  <originInfo>
    <place>
      <placeTerm type="code" authority="marccountry">xx</placeTerm>
    </place>
    <dateIssued encoding="marc">1659</dateIssued>
    <issuance>monographic</issuance>
  </originInfo>
  <originInfo eventType="publication">
    <place>
      <placeTerm type="text">[S.l.]</placeTerm>
    </place>
    <publisher/>
    <dateIssued>1659</dateIssued>
  </originInfo>
  <language>
    <languageTerm authority="iso639-2b" type="code">ger</languageTerm>
  </language>
  <physicalDescription>
    <form authority="marcform">print</form>
    <extent>[4] Bl 4°</extent>
    <form type="media" authority="rdamedia">nicht spezifiziert</form>
    <form type="carrier" authority="rdacarrier">nicht spezifiziert</form>
  </physicalDescription>
  <note>Schlüsselseiten aus dem Exemplar der BSB München: Res Eph.pol. 115 d</note>
  <note>Bibliogr. Nachweis: Bircher B 12284</note>
  <identifier type="vd17">12:654699P</identifier>
  <relatedItem>
    <location>
      <url displayLabel="Volltext" note="Kostenfrei">http://www.mdz-nbn-resolving.de/urn/resolver.pl?urn=urn:nbn:de:bvb:12-bsb10916331-3</url>
    </location>
  </relatedItem>
  <recordInfo>
    <descriptionStandard>rakwb</descriptionStandard>
    <recordContentSource authority="marcorg">DE-627</recordContentSource>
    <recordCreationDate encoding="marc">040928</recordCreationDate>
    <recordChangeDate encoding="iso8601">20200310221054.0</recordChangeDate>
    <recordIdentifier source="DE-627-4">005358701</recordIdentifier>
    <recordOrigin>Converted from MARCXML to MODS version 3.6 using MARC21slim2MODS3-6.xsl
				(Revision 1.119 2018/06/21)</recordOrigin>
    <languageOfCataloging>
      <languageTerm authority="iso639-2b" type="code">ger</languageTerm>
    </languageOfCataloging>
  </recordInfo>
</mods></zs:recordData><zs:recordPosition>4</zs:recordPosition></zs:record><zs:record><zs:recordSchema>mods</zs:recordSchema><zs:recordXMLEscaping>xml</zs:recordXMLEscaping><zs:recordData><mods xmlns:xsi="http://www.w3.org/2001/XMLSchema-instance" xmlns="http://www.loc.gov/mods/v3" version="3.6" xsi:schemaLocation="http://www.loc.gov/mods/v3 http://www.loc.gov/standards/mods/v3/mods-3-6.xsd">
  <titleInfo>
    <title>Continuatio Der/ aus Fühnen/ vom 2. November Anno 1659. advisirten guter Progressen der Königl. Dännemarckischen Waffen/ wieder Schweden</title>
  </titleInfo>
  <titleInfo type="alternative">
    <title>Fünen Dänemärkischen wider Extrakt Feldmarschall</title>
  </titleInfo>
  <name type="personal">
    <namePart>Eberstein, Ernst Albrecht von</namePart>
    <namePart type="date">1605-1676</namePart>
    <role>
      <roleTerm authority="marcrelator" type="code">oth</roleTerm>
    </role>
    <nameIdentifier>(DE-588)119523507 (DE-627)00432899X (DE-576)212874934</nameIdentifier>
  </name>
  <typeOfResource>text</typeOfResource>
  <genre authority="rdacontent">nicht spezifiziert</genre>
  <genre authority="local">Flugschrift</genre>
  <originInfo>
    <place>
      <placeTerm type="code" authority="marccountry">xx</placeTerm>
    </place>
    <dateIssued encoding="marc">1659</dateIssued>
    <issuance>monographic</issuance>
  </originInfo>
  <originInfo eventType="publication">
    <place>
      <placeTerm type="text">[S.l.]</placeTerm>
    </place>
    <publisher/>
    <dateIssued>1659</dateIssued>
  </originInfo>
  <language>
    <languageTerm authority="iso639-2b" type="code">ger</languageTerm>
  </language>
  <physicalDescription>
    <form authority="marcform">print</form>
    <extent>[2] Bl 4°</extent>
    <form type="media" authority="rdamedia">nicht spezifiziert</form>
    <form type="carrier" authority="rdacarrier">nicht spezifiziert</form>
  </physicalDescription>
  <note>Kopftitel</note>
  <note>Schlüsselseiten aus dem Exemplar der SLUB Dresden: Hist.Dan.286,48</note>
  <identifier type="vd17">14:080628Q</identifier>
  <relatedItem>
    <location>
      <url displayLabel="Volltext" note="Kostenfrei">http://digital.slub-dresden.de/id380538784</url>
    </location>
  </relatedItem>
  <recordInfo>
    <descriptionStandard>rakwb</descriptionStandard>
    <recordContentSource authority="marcorg">DE-627</recordContentSource>
    <recordCreationDate encoding="marc">020901</recordCreationDate>
    <recordChangeDate encoding="iso8601">20200310212608.0</recordChangeDate>
    <recordIdentifier source="DE-627-4">000869570</recordIdentifier>
    <recordOrigin>Converted from MARCXML to MODS version 3.6 using MARC21slim2MODS3-6.xsl
				(Revision 1.119 2018/06/21)</recordOrigin>
    <languageOfCataloging>
      <languageTerm authority="iso639-2b" type="code">ger</languageTerm>
    </languageOfCataloging>
  </recordInfo>
</mods></zs:recordData><zs:recordPosition>5</zs:recordPosition></zs:record><zs:record><zs:recordSchema>mods</zs:recordSchema><zs:recordXMLEscaping>xml</zs:recordXMLEscaping><zs:recordData><mods xmlns:xsi="http://www.w3.org/2001/XMLSchema-instance" xmlns="http://www.loc.gov/mods/v3" version="3.6" xsi:schemaLocation="http://www.loc.gov/mods/v3 http://www.loc.gov/standards/mods/v3/mods-3-6.xsd">
  <titleInfo>
    <title>Eigentliche Warhaffte Relation, Welcher gestalt von dem Königl: Dännemärckisch: Herrn General Feld-Marschallen/ Herrn von Eberstein/ und deren Alliirten Käyserl:/ Königl:/ Polnischen/ und Chur-Brandenburgischen coniugirten Trouppen die Insul Fühnen den 4. Novembr. Anno 1659. ... besetzt worden</title>
    <subTitle>sambt einer Specification der daselbsten bekommenen Stücke/ Kugeln und Wagen</subTitle>
  </titleInfo>
  <titleInfo type="alternative">
    <title>wahrhafte Dänemärkischen Generalfeldmarschall alliierten Kaiserlichen Königlichen Kurbrandenburgischen Truppen Insel Fünen</title>
  </titleInfo>
  <name type="personal">
    <namePart>Eberstein, Ernst Albrecht von</namePart>
    <namePart type="date">1605-1676</namePart>
    <role>
      <roleTerm authority="marcrelator" type="code">oth</roleTerm>
    </role>
    <nameIdentifier>(DE-588)119523507 (DE-627)00432899X (DE-576)212874934</nameIdentifier>
  </name>
  <typeOfResource>text</typeOfResource>
  <genre authority="rdacontent">nicht spezifiziert</genre>
  <genre authority="local">Flugschrift</genre>
  <originInfo>
    <place>
      <placeTerm type="code" authority="marccountry">xx</placeTerm>
    </place>
    <dateIssued encoding="marc">1659</dateIssued>
    <issuance>monographic</issuance>
  </originInfo>
  <originInfo eventType="publication">
    <place>
      <placeTerm type="text">[S.l.]</placeTerm>
    </place>
    <publisher/>
    <dateIssued>1659</dateIssued>
  </originInfo>
  <language>
    <languageTerm authority="iso639-2b" type="code">ger</languageTerm>
  </language>
  <physicalDescription>
    <form authority="marcform">print</form>
    <extent>[4] Bl 4°</extent>
    <form type="media" authority="rdamedia">nicht spezifiziert</form>
    <form type="carrier" authority="rdacarrier">nicht spezifiziert</form>
  </physicalDescription>
  <note>Schlüsselseiten aus dem Exemplar der SLUB Dresden: Hist.Dan.286,52</note>
  <identifier type="vd17">14:080605D</identifier>
  <relatedItem>
    <location>
      <url displayLabel="Volltext" note="Kostenfrei">http://digital.slub-dresden.de/id380538148</url>
    </location>
  </relatedItem>
  <recordInfo>
    <descriptionStandard>rakwb</descriptionStandard>
    <recordContentSource authority="marcorg">DE-627</recordContentSource>
    <recordCreationDate encoding="marc">020901</recordCreationDate>
    <recordChangeDate encoding="iso8601">20200310212605.0</recordChangeDate>
    <recordIdentifier source="DE-627-4">000868965</recordIdentifier>
    <recordOrigin>Converted from MARCXML to MODS version 3.6 using MARC21slim2MODS3-6.xsl
				(Revision 1.119 2018/06/21)</recordOrigin>
    <languageOfCataloging>
      <languageTerm authority="iso639-2b" type="code">ger</languageTerm>
    </languageOfCataloging>
  </recordInfo>
</mods></zs:recordData><zs:recordPosition>6</zs:recordPosition></zs:record><zs:record><zs:recordSchema>mods</zs:recordSchema><zs:recordXMLEscaping>xml</zs:recordXMLEscaping><zs:recordData><mods xmlns:xsi="http://www.w3.org/2001/XMLSchema-instance" xmlns="http://www.loc.gov/mods/v3" version="3.6" xsi:schemaLocation="http://www.loc.gov/mods/v3 http://www.loc.gov/standards/mods/v3/mods-3-6.xsd">
  <titleInfo>
    <title>Volnkommene Beschreibung Der Auff Fühnen geführten Bataillie, Und An Dänischer Seiten glücklich erhaltenen Victorie</title>
    <subTitle>Wie auch Specification Und Liste Aller alda Gefangenen hohen Officirer und erlangten Beute</subTitle>
  </titleInfo>
  <titleInfo type="alternative">
    <title>Vollkommene Fünen Fyn Bataille Viktorie Spezifikation Offiziere Nyborg</title>
  </titleInfo>
  <name type="personal">
    <namePart>Eberstein, Ernst Albrecht von</namePart>
    <namePart type="date">1605-1676</namePart>
    <role>
      <roleTerm authority="marcrelator" type="code">oth</roleTerm>
    </role>
    <nameIdentifier>(DE-588)119523507 (DE-627)00432899X (DE-576)212874934</nameIdentifier>
  </name>
  <typeOfResource>text</typeOfResource>
  <genre authority="rdacontent">nicht spezifiziert</genre>
  <genre authority="local">Flugschrift</genre>
  <originInfo>
    <place>
      <placeTerm type="code" authority="marccountry">xx</placeTerm>
    </place>
    <dateIssued encoding="marc">1659</dateIssued>
    <issuance>monographic</issuance>
  </originInfo>
  <originInfo eventType="publication">
    <place>
      <placeTerm type="text">[S.l.]</placeTerm>
    </place>
    <publisher/>
    <dateIssued>1659</dateIssued>
  </originInfo>
  <language>
    <languageTerm authority="iso639-2b" type="code">ger</languageTerm>
  </language>
  <physicalDescription>
    <form authority="marcform">print</form>
    <extent>[4] Bl 4°</extent>
    <form type="media" authority="rdamedia">nicht spezifiziert</form>
    <form type="carrier" authority="rdacarrier">nicht spezifiziert</form>
  </physicalDescription>
  <note type="statement of responsibility" altRepGroup="00">Wie solches Ihr Excell. der Herr Feld-Marschalck Eberstein/ Den 16. Und ein ander Königl. Dänischer Minister Den 18. dieses auß Nyburg schrifftlich Communiciret hat</note>
  <note type="action">Digitalisierung geplant Digitalisierung Unika durch HAB Wolfenbüttel pdager</note>
  <identifier type="vd17">23:317340Q</identifier>
  <recordInfo>
    <descriptionStandard>rakwb</descriptionStandard>
    <recordContentSource authority="marcorg">DE-627</recordContentSource>
    <recordCreationDate encoding="marc">020901</recordCreationDate>
    <recordChangeDate encoding="iso8601">20200224141422.0</recordChangeDate>
    <recordIdentifier source="DE-627-4">000532312</recordIdentifier>
    <recordOrigin>Converted from MARCXML to MODS version 3.6 using MARC21slim2MODS3-6.xsl
				(Revision 1.119 2018/06/21)</recordOrigin>
    <languageOfCataloging>
      <languageTerm authority="iso639-2b" type="code">ger</languageTerm>
    </languageOfCataloging>
  </recordInfo>
</mods></zs:recordData><zs:recordPosition>7</zs:recordPosition></zs:record></zs:records><zs:echoedSearchRetrieveRequest><zs:version>2.0</zs:version><zs:query>pica.nid=119523507</zs:query><zs:startRecord>1</zs:startRecord><zs:maximumRecords>500</zs:maximumRecords><zs:recordXMLEscaping>xml</zs:recordXMLEscaping><zs:recordSchema>mods</zs:recordSchema></zs:echoedSearchRetrieveRequest><zs:resultCountPrecision>exact</zs:resultCountPrecision></zs:searchRetrieveResponse>
